timestamp,altitude,velocity,pitch,roll,yaw
0,10002.48357,249.5762403,1.864301054,-0.043026965,90.17414312
1,10000.30866,249.6465792,1.963889692,0.035196479,90.16166146
2,10005.23831,248.4043035,1.930440496,0.109234473,89.57173741
3,10010.6147,249.9697298,2.096802676,0.418876262,90.34978311
4,10002.82817,251.1324026,2.338770372,-0.044596882,89.33493733
5,10003.82723,249.224935,1.969493548,-0.029746899,89.77286618
6,10013.89246,251.6470437,2.347924203,0.639530283,89.12038411
7,10010.83146,251.1854904,2.015114489,0.173896427,90.91919895
8,10005.6441,250.0623577,2.025183729,-0.022356666,90.04405464
9,10011.70066,250.7536182,2.381201691,0.254558172,91.26319912
10,10007.66625,252.5916685,2.424100045,0.344264489,90.6011418
11,10008.64918,251.8246959,2.431625602,0.952553361,90.44360571
12,10013.18103,251.1972968,2.019161755,0.805859214,89.94631057
13,10003.39701,251.0477194,2.209403007,0.914538808,89.73609327
14,10005.32972,251.4583873,2.486706562,0.857632772,90.54057202
15,10012.13238,250.9658375,2.349127748,0.936321403,90.26311926
16,10010.86767,249.4680833,2.143939476,0.486244125,89.64900126
17,10018.48947,253.7096134,2.46730379,0.672685224,89.57993549
18,10013.36284,251.9166962,2.248702003,0.474229394,89.87870728
19,10011.82437,252.2527496,2.765612722,0.746301664,91.2882014
20,10027.19518,251.889184,2.729703785,1.052195207,91.50397762
21,10019.71711,251.3036855,2.554531098,0.924092122,90.51941437
22,10022.1606,251.9437728,2.717805021,1.313119524,90.51093064
23,10015.67401,250.6203458,2.46934024,0.612381036,90.28779486
24,10021.04835,254.5859824,2.619107042,1.139148513,90.00816258
25,10025.29501,251.1626157,2.770036369,0.647967299,91.18239745
26,10019.95309,251.4524344,2.530878829,1.08317207,91.4509493
27,10028.55163,252.1304208,2.436824245,1.308530788,90.08675333
28,10024.63237,253.9440067,2.151800473,1.05261391,90.51129211
29,10027.13675,252.7546287,2.47972979,1.311831387,90.3469713
30,10026.54349,251.5870766,2.66343213,0.887070664,90.38092088
31,10039.76725,254.1595142,2.689018568,0.703322918,91.2030714
32,10031.38917,253.7169778,2.600659815,1.395896239,89.97315235
33,10027.11575,253.6040192,2.390172695,1.777242038,90.8813209
34,10037.46143,253.8596994,2.100468091,0.979348551,91.03109324
35,10028.18556,255.6154503,2.392949954,1.667793092,90.61472003
36,10036.27174,255.4820183,2.426054841,1.335963733,91.15108238
37,10026.36319,252.6847242,2.418051808,0.942840572,90.79705678
38,10030.45112,255.0684922,2.596861315,1.023498654,91.3504059
39,10039.00315,253.8995653,2.86161514,1.385861329,89.99927418
40,10042.63417,254.0858763,2.479354554,1.276719943,90.60444905
41,10040.71777,251.9634583,2.400334826,1.01985931,90.76131208
42,10040.1978,253.5528298,2.379760321,0.919923728,89.47941721
43,10040.18156,252.9763892,2.443326349,1.187236798,90.29076524
44,10035.20134,254.6817532,2.23858945,1.511215353,90.4450793
45,10039.89733,254.987715,2.41307631,1.461664811,91.34403407
46,10042.09162,251.9035217,2.463015073,1.322408908,90.53447454
47,10050.57424,254.0157556,2.397673889,1.54121631,90.49673308
48,10047.89601,255.2178193,2.429239977,1.799195538,91.33230124
49,10038.24739,253.9658079,2.405631873,1.610624478,90.13229645
50,10049.56297,254.9364186,1.944856736,1.459849878,89.92322904
51,10046.89231,254.6117056,2.40621589,1.77717352,90.79555834
52,10046.3034,254.6536814,2.123547717,1.21195749,90.26990689
53,10053.61172,254.0904624,2.016847438,1.432247561,90.30622704
54,10056.5686,253.1932082,1.992799575,1.437858235,91.31498888
55,10056.92512,253.3345067,2.277538818,1.124211565,91.48336138
56,10048.92253,255.2098547,2.12297909,1.365102555,91.4568045
57,10052.41714,254.5626257,1.807345249,0.863002302,91.63365243
58,10056.45871,254.4455033,2.215232228,2.052232183,91.71661503
59,10060.51383,254.19914,1.807289698,1.189112573,90.04842694
60,10054.06838,254.3550066,2.098524276,1.936605686,91.35449093
61,10056.35845,255.7424086,2.093432106,1.461316939,90.88093082
62,10052.57184,254.3936759,2.197905748,1.607166164,90.7883582
63,10052.93344,253.419387,2.352133334,1.277588483,91.45849683
64,10063.78217,255.5337311,1.697877663,1.471847118,90.32924314
65,10067.29984,254.6129143,1.935407662,1.588586465,90.33481851
66,10060.95163,254.8749714,1.865860094,1.575522657,91.54302008
67,10067.11626,256.475001,1.983298951,1.590067862,91.48586498
68,10064.68748,254.8687625,1.915363203,1.227393163,91.32595238
69,10060.42812,255.1984513,1.777719995,1.172838193,90.83311766
70,10066.22875,253.7483252,1.736427948,0.816561152,91.66035019
71,10072.87356,254.7235894,1.578135745,1.428482464,91.64381899
72,10065.75934,255.5668178,1.976312095,1.571788805,91.3614216
73,10074.51018,253.4139681,1.848447512,1.706305843,90.74507875
74,10054.33007,255.1802493,1.918635569,1.286399999,91.13595165
75,10072.27339,255.088266,1.652140113,0.937165863,91.78219436
76,10069.32738,255.0348382,1.562703961,0.629192219,92.0414385
77,10068.11849,256.0347881,1.459024418,1.421007937,91.22900218
78,10070.78675,255.3341471,1.727900437,0.53881422,91.28172235
79,10061.09748,256.4778601,1.430447293,0.943735384,91.33986199
80,10070.63725,254.0042785,1.991331366,0.945902722,91.57215869
81,10074.21428,255.1298733,1.344208857,0.958724586,91.1580407
82,10080.50405,255.0724987,1.645593468,0.955786725,90.01519913
83,10071.20179,253.9108655,1.890379091,0.951124552,92.07224724
84,10070.42184,255.926511,1.684030066,0.148886996,92.38663071
85,10072.61926,257.2829974,1.587640063,0.840922349,91.19636088
86,10080.36127,254.9274428,1.348220302,0.129929689,90.98235844
87,10078.07665,255.433617,1.256119874,0.9800257,91.46010761
88,10074.42509,254.9952901,1.678208985,0.554696376,91.44772582
89,10080.27351,254.1773984,1.818342918,0.034347487,92.05190278
90,10078.81808,253.0484779,1.423464943,0.396808417,91.59397354
91,10083.7936,254.1397722,1.278765769,0.429081615,91.18269606
92,10076.0499,253.4279566,1.011520612,0.915808444,90.93199851
93,10078.52368,256.4964585,1.304819812,0.575581523,92.03605697
94,10078.79527,254.6477713,1.477307003,0.57745043,91.91487182
95,10074.02398,254.3855811,1.820178254,0.785583509,92.15711095
96,10083.39976,255.5873812,1.636544434,0.359085738,91.15428976
97,10083.79385,253.541324,1.565743813,0.570548309,92.56898988
98,10083.0753,253.8591936,1.428749761,0.505503311,90.78914749
99,10082.42966,254.655262,1.397415322,-0.129813105,92.02685247
100,10077.07024,255.5752561,1.801667382,0.653575085,90.72815059
101,10082.57996,255.005651,1.568373374,-0.259048751,91.298498
102,10083.49723,254.7079684,1.11657252,0.397463222,92.48472751
103,10081.71851,254.4916545,1.41240875,-0.377767258,92.13028011
104,10085.43399,254.7659008,1.386629466,0.2127575,91.45169825
105,10088.76258,254.5176997,1.461279951,0.545963592,91.47542793
106,10096.66648,253.2347301,1.696448411,-0.121490454,91.79502202
107,10088.59294,254.2577314,1.576750946,-0.179437702,92.0114715
108,10089.48353,253.0832286,1.598244675,0.035759109,92.38970531
109,10088.29046,254.1816023,1.892655977,-0.290901083,91.54513683
110,10079.52688,253.5618341,1.507937619,0.30886507,90.97652219
111,10089.4373,256.522209,2.038219977,-0.22328432,91.86988168
112,10090.3112,253.8816852,1.550105163,-0.421063473,91.57148547
113,10102.75743,252.4545237,1.721981849,-0.530876415,91.15850753
114,10089.90154,253.6602233,1.66841651,-0.692121547,91.96610145
115,10092.78413,254.2478848,1.770544288,-0.643638765,91.718971
116,10091.50675,255.3345212,1.856617309,-0.6031798,91.98686232
117,10086.23167,253.0028716,1.876885039,-0.686486871,91.3942791
118,10098.17472,251.9396259,1.662438201,-0.779378959,92.09256729
119,10096.59656,254.2672119,1.611889657,0.006518459,91.19818884
120,10097.15907,251.9967172,2.360926609,-0.972809188,91.45021248
121,10089.01466,252.8667506,1.787664238,-0.659840286,91.74977489
122,10100.92391,252.9695545,2.048761236,-0.565489756,92.74910792
123,10087.23962,253.0805197,1.612075783,-0.592960787,92.27739029
124,10097.51269,253.7610357,1.902532755,-0.837618693,92.43016425
125,10105.85074,252.3087264,1.957970515,-0.92955275,92.60650776
126,10090.25635,252.637924,2.102969964,-0.758411588,93.70559675
127,10092.6786,252.8155108,1.488891668,-0.84964877,91.93099624
128,10096.29984,252.8963751,2.091502725,-1.042185764,92.62623218
129,10093.56613,252.7605017,1.853072762,-1.467086549,92.42798776
130,10088.6025,253.0135126,2.172429136,-1.172026355,92.42513262
131,10096.96131,253.3351477,1.924564252,-1.407812134,92.81948971
132,10091.55999,252.7967472,1.984674143,-1.295235406,91.72777368
133,10099.4828,252.7695418,2.124596405,-1.115375521,91.69295424
134,10092.75133,250.6446501,1.991959066,-1.046963868,92.10685184
135,10105.32201,252.1871271,2.129915148,-0.648652056,91.86009683
136,10093.87019,252.5255784,2.008381522,-1.371148537,92.11497963
137,10096.3805,252.6833651,1.901839711,-1.003588821,92.74119052
138,10102.25294,251.1696444,2.492811293,-1.169126098,91.7246337
139,10092.21576,251.1097825,2.050033326,-0.89591766,91.81506215
140,10099.68227,251.1008401,2.292757122,-1.134495043,92.05805496
141,10105.24572,252.1168037,2.497500689,-1.631378245,91.86004099
142,10090.82776,252.5190878,2.2414957,-1.866021923,91.02030061
143,10099.93363,250.9819695,2.216102366,-1.274789796,91.6901453
144,10100.44525,252.2010591,2.44208155,-1.544532537,92.32660332
145,10103.18041,251.3197265,2.635127204,-1.69667299,92.70419936
146,10093.20208,250.9746323,2.191355257,-1.79817158,91.41042744
147,10092.89015,250.7897657,2.40780379,-1.383649008,91.4102075
148,10102.19779,251.6495927,2.102855129,-0.992384086,92.00687859
149,10101.1587,251.1300294,2.381111387,-1.578752709,90.95567797
150,10101.00196,252.9814255,2.475840925,-1.289214083,91.77250487
151,10101.54749,249.7542416,2.306151205,-1.505799686,91.12828392
152,10096.47089,251.0251916,2.392561469,-1.869431505,92.68195094
153,10101.07806,249.8783097,2.207988538,-1.268336316,91.61367031
154,10101.41795,249.4384816,2.509499839,-1.822010373,92.82546875
155,10096.40662,250.1970362,2.708438239,-1.490593669,92.55632821
156,10109.32304,250.2453074,2.279842899,-1.601669409,91.67672479
157,10102.36913,252.9261368,2.375461683,-1.232072489,91.46401955
158,10094.03925,249.7238226,2.59997992,-1.816873558,91.90314242
159,10103.26433,248.6778317,2.740115032,-1.380250444,91.94730792
160,10095.08395,249.98114,2.196041161,-1.746186135,92.17222068
161,10103.85859,247.5337248,2.45666797,-1.642969253,91.61019162
162,10105.67195,249.4168002,2.54157107,-2.574247959,92.37077692
163,10095.72139,249.425371,2.457841505,-0.848773303,92.12915998
164,10104.57752,250.104771,1.975006865,-1.302622115,91.82501518
165,10101.75041,250.1848938,2.561520107,-1.68805885,91.63770973
166,10103.7127,248.6091183,2.754953187,-1.784004749,91.89960549
167,10108.9923,248.8638451,2.463074599,-1.582754257,91.58171607
168,10098.17738,248.1505038,2.221078243,-1.205156803,92.01730575
169,10095.52168,247.6911608,2.311163184,-1.97272907,92.02852664
170,10094.71891,249.0321893,2.75322617,-1.431197349,92.11418326
171,10094.95363,247.3522911,2.565693087,-0.839898137,92.86377481
172,10098.50347,248.1153815,2.495203873,-1.692409385,91.91155717
173,10100.44114,247.4395542,2.421061231,-1.308027846,92.47700661
174,10099.95537,248.8897572,2.199257193,-0.649869448,92.08623206
175,10102.53451,250.047514,2.272247741,-1.098756251,91.84884974
176,10098.28044,246.8512072,2.276874049,-1.227004467,91.904729
177,10105.29012,246.2072269,2.381739085,-1.088032331,91.93103574
178,10096.49638,247.8435846,2.552294207,-1.334408585,92.09627707
179,10111.20794,247.8932079,2.452238116,-0.797292664,91.47248146
180,10100.5131,248.0060571,1.922182371,-1.278945738,91.21502507
181,10092.86691,247.2518499,2.227831949,-1.717822742,92.27020261
182,10091.55645,247.4092245,2.30690185,-1.217363733,92.38728017
183,10099.0718,247.8900235,2.259438683,-1.358907802,92.3060067
184,10095.28099,248.4765844,1.985598204,-1.121198361,92.005452
185,10099.69752,245.3957705,2.669766586,-1.081585004,92.30616272
186,10098.21332,246.8976053,1.806810299,-0.610749048,92.27365708
187,10095.19301,247.3971724,1.820716456,-0.7266315,92.30495771
188,10091.02365,246.1833329,2.059106729,-0.820641347,91.47538198
189,10087.37433,248.7515835,2.410750928,-0.864096694,91.35049533
190,10092.39743,246.3053007,1.79518547,-1.143685717,91.69831555
191,10098.58399,246.8209382,1.884386808,-1.442452759,91.87734781
192,10095.03502,247.3410284,2.128295344,-0.715514821,91.75833038
193,10087.38901,246.1177829,1.884766169,-0.471758635,90.93400894
194,10094.12741,244.7878723,1.797198916,-0.702700244,92.72607633
195,10094.82256,246.1325147,1.953366984,-0.790102324,91.72089644
196,10088.10186,247.5187091,1.871264033,-0.449174686,91.93677525
197,10092.90571,246.081877,1.999826228,-0.571874672,92.46501611
198,10092.03484,245.5032739,2.029525831,0.00099072,90.66238978
199,10085.62648,247.2077765,1.810698048,-0.092317335,91.57097979
200,10092.71868,245.8852126,1.78633599,-0.13127083,91.62503622
201,10093.31298,245.6412235,1.750183534,-0.14841324,91.6420261
202,10095.49458,246.2377766,1.785290787,-0.71905579,91.71484309
203,10094.90958,246.7975715,1.679383316,-0.089080764,92.51637888
204,10082.30452,248.3486248,1.64994096,-0.130795236,92.12058674
205,10084.04711,246.7358506,1.871976209,-0.017260445,92.25374237
206,10090.84591,247.0117941,1.919380331,-0.006720602,91.78897484
207,10090.36534,245.2909868,1.299112224,0.026148786,91.0562416
208,10089.88854,244.7177649,1.588090996,0.745502113,90.70641744
209,10106.08512,245.7543468,1.434846399,-0.042633089,90.97172531
210,10089.17539,245.7492911,1.497957827,0.306122065,91.90630159
211,10091.48961,244.5154571,1.629321587,-0.071100551,91.73212052
212,10090.06406,245.3722864,1.672499964,0.352301237,91.60079914
213,10088.02474,245.9022906,1.507134174,0.441713508,91.51106723
214,10082.6567,245.8205571,1.139014425,0.313910228,92.69052165
215,10087.48473,245.9234582,1.32199195,0.749837242,91.26234579
216,10079.27422,245.6709739,1.688831819,0.028036962,92.12667665
217,10081.39441,244.8356874,0.957203334,0.191146136,91.65252645
218,10079.58358,244.7933451,1.739767304,0.444715532,91.60973814
219,10081.84346,244.074721,1.604765162,0.688589774,92.21700056
220,10092.42293,247.0267647,1.763240113,0.521140902,92.348258
221,10070.92078,245.2256603,1.461026519,0.895583534,91.4853674
222,10083.08785,244.9594923,1.090442621,0.353433805,91.9927323
223,10070.98444,244.2296148,1.592022515,0.251355452,91.76290613
224,10076.07193,248.070063,1.76534176,0.727021597,91.57235042
225,10083.25207,244.0390214,1.701040362,0.651912028,91.65827387
226,10077.49667,244.6634008,1.390452078,0.877800728,91.19950092
227,10071.14677,245.4899479,1.54842924,0.745953026,91.37766021
228,10072.31155,245.6581567,1.433768483,0.690721173,91.22744378
229,10078.63105,246.0016852,1.386890078,0.808085834,91.95534951
230,10070.91869,246.8391535,1.753351627,0.876314315,91.44380987
231,10074.98282,245.5274818,1.335392079,0.812476963,90.82915354
232,10073.451,243.9570639,1.409822416,0.878529932,91.10274428
233,10069.28044,244.7499148,1.382496058,0.853044278,89.85113645
234,10082.5662,245.3104548,1.320958703,1.264897904,91.18968329
235,10074.31693,247.0686098,1.66495037,1.098973719,91.44176924
236,10060.31536,243.6023393,1.885538067,1.749725587,91.34075361
237,10070.66005,246.2044823,1.634698778,1.151878282,92.38463265
238,10065.69857,245.1855803,1.389781884,0.968383521,91.66760299
239,10072.54249,245.8492543,1.878950177,1.96379702,91.63083237
240,10063.58371,244.9171822,2.068853892,1.314589709,90.52929184
241,10066.23188,244.1864898,1.623887924,1.514375249,91.15379016
242,10068.58306,245.791529,1.679465414,1.420709204,91.077831
243,10069.63285,245.7088047,1.900910215,1.454603426,90.9130409
244,10058.54202,246.0421263,2.145260108,1.451877297,90.89092966
245,10062.10396,245.0744323,1.740473493,0.982874701,90.37146793
246,10060.62834,244.5075473,1.601894148,1.444895712,90.62213466
247,10058.95671,243.5701718,2.018940579,0.95711445,91.68151381
248,10070.2647,245.9718698,2.077011527,1.32098081,91.15729117
249,10062.67026,245.6018627,1.943172219,1.173085376,90.95970584
250,10053.54279,244.239596,1.855212399,1.514241021,91.19423862
251,10063.6324,244.6961282,2.190690805,1.522200986,91.76455718
252,10068.84385,244.7991723,2.122418725,1.579990356,91.16676656
253,10062.57954,243.8160695,1.888078865,1.534227052,91.41853136
254,10048.99877,244.5163747,2.076434967,1.277078832,90.70861004
255,10053.3472,244.2370962,1.820958061,1.390600627,90.80605246
256,10061.2701,244.9971686,2.252933004,1.753473849,91.27569932
257,10050.55887,244.7115072,2.087474217,1.804835812,92.02827129
258,10055.47259,243.8655768,2.076595053,1.146231755,91.77995724
259,10056.2776,247.5593518,2.180569354,1.035435132,91.33950272
260,10046.91548,246.8352675,2.218145058,1.279748203,91.10671962
261,10050.39306,244.8514393,2.411483699,1.813130956,91.71434838
262,10033.61983,245.9523598,2.372548838,1.864438044,91.39386245
263,10043.83472,246.1486112,2.244246227,1.221613549,89.8323022
264,10046.81942,246.9751471,2.448770387,1.588925175,90.43467981
265,10040.96414,245.0200578,2.395952945,2.043420066,91.11313125
266,10054.48118,246.9870356,2.249464954,1.612698726,90.03289875
267,10038.27986,245.4049314,2.327983849,1.90823169,90.45981684
268,10042.33724,244.6765011,2.340543367,1.773740595,90.54084182
269,10044.29361,246.7976218,2.487575401,1.192078321,90.74471521
270,10049.94435,247.426936,2.32848769,1.397840289,90.71104466
271,10034.65248,248.7883243,2.338174936,1.45364859,90.69207567
272,10046.73724,245.0664477,2.823332369,1.461550991,91.2310821
273,10040.05811,247.0323437,2.62977841,1.691011205,90.66752702
274,10034.18093,245.9923404,2.300857238,1.523245086,90.58945449
275,10040.47662,247.2556571,2.57717942,0.503046032,90.08873593
276,10038.2352,245.0733766,2.495517848,0.972075469,91.25697118
277,10033.3089,245.3540465,2.557835309,0.690505269,90.39045094
278,10035.72544,245.9152449,2.513472016,1.378909152,90.16401353
279,10032.51278,246.8457107,2.7291962,1.37683233,90.79533222
280,10034.0664,246.2025855,2.564427747,1.36686585,90.28650567
281,10035.86559,247.5809038,2.485683944,0.970278586,90.3881223
282,10039.53788,248.028158,2.70809281,1.435126896,90.76138602
283,10024.46842,247.6814542,2.546615837,1.42157956,90.44990866
284,10040.3693,248.7824449,2.523309042,0.802887258,91.74988739
285,10018.98736,247.6623989,2.559625071,0.711290275,90.53754175
286,10027.02967,246.113692,2.474664177,1.121696073,90.86469096
287,10029.76819,248.7790493,2.490563604,1.628894619,89.56568508
288,10027.26689,246.8966343,2.365489971,1.569924966,90.08691413
289,10021.78118,248.4993261,2.325499306,1.196711729,89.95443673
290,10022.88432,249.2507233,2.26773345,0.775454844,90.0013088
291,10020.48779,248.2226877,2.179597273,1.226375126,90.66682489
292,10019.03154,246.3597451,2.271452114,0.789599307,90.95734976
293,10025.24974,247.0284536,2.400825579,0.659246002,90.59234985
294,10021.80808,249.3609933,2.443496932,0.209679102,90.28713766
295,10015.57772,247.961494,2.354751569,0.846187325,90.06541778
296,10022.55763,248.3033057,1.922985336,0.588382104,90.91799241
297,10018.61168,249.0763826,2.693173347,0.767441511,91.37713138
298,10020.15334,249.10838,2.578736699,0.009210564,90.38930848
299,10018.24942,248.7859911,2.43287383,0.709842282,90.77170696
300,10009.96703,248.3942541,2.706642055,-0.111158621,90.45392519
301,10010.32041,248.3865441,2.110280466,0.903286933,90.64017884
302,10015.86579,249.6539217,2.663123459,0.691680181,89.66031312
303,10014.18797,249.4468843,2.071686918,0.409239767,89.97865424
304,10010.03729,248.7337493,2.290946929,0.618938023,90.40057069
305,10009.7331,250.1712998,1.966293619,0.113577572,90.78917476
306,10014.53854,249.0586558,2.201309106,0.38522402,89.75393719
307,10004.19529,248.4348551,2.252416966,0.558127955,89.12641347
308,10008.89086,248.6266593,2.120621112,-0.652694357,89.87397522
309,10004.14601,248.5062477,2.27033136,0.097073769,90.60820489
310,10003.06966,249.312143,2.123036631,0.179888396,89.29121353
311,10008.65262,250.9180079,1.974170634,0.083066107,89.47471485
312,10006.28618,248.9790454,1.940514163,0.534229548,90.12114124
313,10005.22679,250.0725596,2.191148163,-0.285013912,89.96519916
314,10006.68666,249.3273841,1.873233186,-0.179180859,90.30041855
315,9999.264294,249.8237605,2.162068418,-0.612589756,89.36882213
316,10001.56913,248.6739907,2.198588933,0.37029503,89.80069809
317,9995.608314,250.0633824,1.595477413,-0.20156542,90.54078565
318,9997.781041,250.1899905,2.131155987,-0.303973554,89.32675609
319,9994.51044,251.0236056,2.292244296,-0.232813008,90.64167926
320,9994.647565,250.8060269,1.906449094,-0.070619423,89.34954322
321,9996.140385,249.4835492,1.952113568,-0.201467796,90.28798278
322,9988.076193,251.8650622,2.016365356,0.44477689,89.65686668
323,10001.63271,251.0897772,1.731012878,-0.257004559,89.25096141
324,9985.145054,251.1761261,1.800245052,-0.576002065,89.55505329
325,9983.109543,251.0664176,1.479219171,-0.647685812,90.05607433
326,9993.977469,250.6552796,1.74870087,-0.639525512,89.76031129
327,9991.152837,251.4878074,1.800208471,-1.014198447,90.30312518
328,9989.324012,251.8420534,1.784179263,-0.593130406,90.4419383
329,9988.35541,249.7154827,1.875189657,-0.410946995,89.11275832
330,9984.164197,251.018946,1.489146893,-0.870312921,89.05637404
331,9978.752484,251.3974652,1.52047814,-0.968216644,89.01237823
332,9982.63278,252.0026273,1.98992543,-0.310264516,89.1954771
333,9977.884725,253.0331136,1.565555493,-1.231349949,90.17751793
334,9985.164781,251.1606717,1.621435868,-1.461384446,89.88596463
335,9978.574516,251.5262878,1.554881255,-1.223786569,89.31368227
336,9974.205006,251.6027429,1.391880318,-1.376132789,89.56109854
337,9975.750419,251.4039307,1.869964773,-0.833399602,90.24929971
338,9978.449125,251.9475709,1.429897711,-1.091888941,90.48169478
339,9972.595327,253.1539409,1.301321115,-1.083108632,89.63797116
340,9970.334788,251.4167313,1.429153199,-0.703931778,88.1592772
341,9974.698821,252.984821,1.112684584,-1.288877243,89.61825126
342,9973.742366,250.9405215,1.377710004,-0.879641458,89.91772472
343,9969.022713,252.1654459,1.310513316,-0.688462063,89.54346473
344,9968.244977,252.480564,1.625035693,-1.307220677,89.77526083
345,9970.806098,254.5670585,1.365523916,-0.977024705,89.57144966
346,9961.454142,252.6983852,1.677673572,-1.297208332,88.75656857
347,9960.709091,250.8517434,1.780965061,-0.972862802,88.91180898
348,9963.20926,251.1326762,1.659905377,-1.745843281,89.17545353
349,9964.792636,253.2429204,1.464235265,-1.791207611,89.84990483
350,9966.476215,253.8987038,1.540409897,-1.436923954,88.91549151
351,9971.363771,253.7351171,1.213283362,-1.607023285,89.50769112
352,9967.344202,253.6006157,1.498821877,-1.514954556,89.41296438
353,9961.32882,254.6673165,1.361973267,-1.444171923,90.03566888
354,9961.109827,253.0360749,1.682574051,-1.179441625,89.20325828
355,9955.272536,254.5397558,2.069047558,-1.533619786,88.32832446
356,9959.276864,252.0805515,1.666363237,-1.673085841,89.51082383
357,9957.014446,252.8738547,1.181156488,-1.544704057,90.23818239
358,9959.163796,252.0364859,1.521175406,-1.682020996,89.50719573
359,9952.510757,253.6318693,1.632972791,-1.742200379,88.73910744
360,9958.344688,253.9220781,1.641977862,-1.955309389,88.57398617
361,9962.517119,254.1424782,1.495314061,-1.458642362,88.62058408
362,9953.419608,254.1486862,1.708401466,-1.656847523,90.08092411
363,9955.086554,253.216041,1.429560846,-1.201764692,88.8978962
364,9955.647995,254.0084876,1.508601844,-1.929937261,88.71262381
365,9949.315233,252.7547364,1.847021576,-1.661067574,88.94720838
366,9951.570725,255.6671659,1.535713059,-0.955945919,88.85055173
367,9949.647107,254.0503432,1.868124433,-1.781726782,89.77550808
368,9949.21145,253.9133739,1.508824434,-1.569479986,88.46722264
369,9944.002072,256.0377303,2.158460536,-1.860600722,89.54766404
370,9947.138937,253.2512939,1.673905706,-1.896357136,89.00137377
371,9948.660941,253.4109065,1.807718719,-1.022274397,89.52693224
372,9952.586613,253.4814119,1.942635821,-1.428456933,89.69792743
373,9949.292662,254.5490684,1.787812967,-1.431634527,88.93232498
374,9954.433184,255.0860323,1.954181679,-1.971277981,88.71581363
375,9939.00713,255.4296754,2.065375571,-1.34408958,88.88996678
376,9946.387783,257.2957185,2.167354826,-1.092507856,88.79313827
377,9942.131,252.5061245,2.158521526,-1.081618101,87.99580257
378,9951.357292,255.3942242,1.990849251,-1.21140431,89.58440574
379,9935.566733,254.2563756,2.020811279,-1.734922395,88.915057
380,9934.615602,254.2531832,2.544760316,-1.285055763,88.19473463
381,9935.029352,254.2439827,2.289530082,-1.160392367,87.72676465
382,9926.625139,253.9771961,1.939552373,-1.879451488,87.58109274
383,9933.84042,256.5907473,2.167969844,-1.656745932,89.11462412
384,9931.904462,255.766814,2.104628837,-1.031970262,88.40451373
385,9935.689455,254.9640371,2.167846817,-1.012490643,88.47129939
386,9935.890133,256.3062052,1.971783649,-1.715618515,88.92770419
387,9942.812656,253.4550267,2.157522957,-0.987150541,88.41061195
388,9937.441026,253.6472297,2.623844037,-1.170576324,88.92704034
389,9929.068225,252.8083553,2.398319726,-0.937295853,88.68668689
390,9926.731311,254.2933022,1.804537653,-1.333331773,88.58240289
391,9932.960499,255.1588119,2.565623335,-0.919768562,87.82364285
392,9923.184205,255.1023699,2.558907715,-0.829521298,88.18584174
393,9938.234155,255.1492514,2.286975645,-1.156442401,88.8828049
394,9934.272644,253.5872509,2.519239416,-1.013142279,88.22649795
395,9925.335309,255.7978615,2.219921596,-1.179534102,89.15630853
396,9918.428491,255.2287354,2.312785726,-0.455109086,89.71308394
397,9933.083803,255.7145678,2.720564691,-0.951450032,88.85448147
398,9925.069387,253.0791644,2.379476042,-1.155919659,89.25925767
399,9931.166249,255.2718418,2.07175802,-1.057212724,88.85990696
400,9916.347612,253.759026,2.443811981,-0.766828197,88.219264
401,9920.673027,254.5339296,2.450382276,-0.540530134,88.57347387
402,9923.053904,255.448107,2.714235991,-1.128257822,89.46721419
403,9922.62807,254.9853595,2.484705725,-0.133537341,88.18608647
404,9919.516082,254.021292,2.403593797,-0.554939322,87.91566454
405,9924.261724,254.8557222,2.701773785,-0.466728942,87.85585228
406,9915.198323,253.2925911,2.520541249,-0.594400463,88.30196381
407,9919.221424,255.9471416,2.348758614,-0.517535095,87.89693039
408,9919.939703,254.5624192,2.730895962,-0.525395965,89.22377422
409,9921.323389,255.8551753,2.538512622,-0.132737684,88.48320216
410,9921.730363,254.1771211,2.49900009,-0.397226263,88.84930893
411,9911.978355,254.1452229,2.531385426,-0.121148497,88.20269862
412,9909.368512,253.8678907,2.277819673,-0.437517582,87.77068305
413,9922.87328,255.4696773,2.381342564,-0.204494322,87.67500094
414,9917.60063,253.8436607,2.481292883,-0.45994889,87.86478532
415,9911.659197,255.1554546,2.434145475,0.190796258,88.48179534
416,9922.62842,254.0843698,2.718883294,-0.379519075,88.55739466
417,9914.930576,252.4450353,2.498037438,-0.18200498,88.58864209
418,9919.736796,253.8030926,2.614559549,-0.134039461,87.53246986
419,9913.674626,253.1449572,2.433371616,-0.10074135,88.26653607
420,9923.146162,254.3068973,2.629585516,0.267183302,87.74381754
421,9921.133232,253.0298068,2.483623043,0.000382358,88.44786354
422,9910.634577,255.0917217,2.391581178,0.558416328,88.47712648
423,9916.268934,254.0185365,2.370048012,-0.060570481,87.64213505
424,9914.178499,253.8742383,2.164692886,0.280351899,88.70304719
425,9917.344222,254.6483277,2.438950971,0.041162905,89.37943275
426,9905.234842,254.8953469,2.310670351,0.44430409,88.61860705
427,9913.057105,253.848773,2.198659765,0.357054702,88.11111994
428,9914.495396,253.0335558,2.499949881,0.358822739,88.02579263
429,9899.995082,251.965149,2.007517192,0.805020796,88.0712436
430,9902.467114,252.9859357,2.151320322,0.294909097,87.7873012
431,9897.791034,252.9861714,2.419032929,0.709457502,88.285943
432,9906.25315,253.6403979,2.253729834,0.344626159,87.58277239
433,9910.810125,253.1167372,2.157713063,0.650413128,87.19959938
434,9914.365706,254.0769758,2.193727034,0.298673499,88.24687925
435,9906.865216,252.7018629,2.155291896,0.498737917,88.14051138
436,9914.287992,253.1822824,1.791660829,0.712369413,87.83731328
437,9898.903965,254.3464927,2.000487803,1.320263081,87.47474112
438,9896.956537,253.4262472,2.368815539,0.844267268,88.25434099
439,9904.87414,252.9450674,1.888703655,1.347851809,87.60795005
440,9906.76012,252.3226415,1.931914143,0.95420726,88.02732368
441,9904.373749,252.2096658,1.862267118,0.807844718,88.97323038
442,9893.906989,251.909458,1.928278658,1.420805156,88.41047887
443,9903.515151,252.1351345,1.804283335,1.124268661,87.39464869
444,9897.164559,253.3468069,1.99368009,0.833618291,87.43631235
445,9906.771057,252.283216,1.911477477,1.199953879,88.14436343
446,9905.00113,251.0682925,2.002727219,1.002398856,87.37570243
447,9898.223867,254.0982289,1.61421224,0.523880777,87.05760259
448,9900.118767,252.5610868,1.733154062,1.430788281,88.31994804
449,9897.166601,250.7443439,1.733396158,1.506846928,88.20972124
450,9901.933593,251.6187435,1.847542126,1.757059249,88.27023893
451,9906.816795,252.0799598,1.576249405,1.358544648,88.17233926
452,9896.916344,253.5813588,1.897167933,1.182400785,88.00424414
453,9904.178914,250.6755969,1.931178577,1.531499682,87.70207935
454,9898.830934,252.6659793,1.476744378,1.558781188,88.28771192
455,9897.35125,252.9949782,1.55778119,1.816978295,88.79125403
456,9900.623723,250.8717526,1.53186632,1.33257166,87.77256299
457,9895.835808,251.1272082,2.147930896,1.315540988,87.50987028
458,9898.106816,250.2721656,1.519620836,1.168577486,87.44994155
459,9894.758629,251.0082434,1.92625894,1.561260747,87.58159526
460,9910.454525,251.0778596,1.323563399,0.951065004,88.11391725
461,9900.700035,251.6763988,1.366173106,1.662617206,86.94066057
462,9896.927855,252.0088249,1.41508541,1.619102305,88.22811487
463,9901.409105,250.0720705,1.372690221,1.629935224,88.32874061
464,9899.700254,248.7540385,1.478815296,1.506235255,87.1061987
465,9899.089708,250.6010273,1.382375129,1.933696487,87.5143009
466,9903.208032,250.8164693,1.353187604,1.743110058,88.04258447
467,9903.877366,250.6727999,1.742882584,1.305764605,87.93006169
468,9897.399942,249.9969901,1.751300945,1.316170794,88.26086769
469,9897.145971,250.3485671,1.692988945,1.232715579,87.92993283
470,9898.632416,251.6393219,1.605758777,1.664349083,88.63253825
471,9888.49068,250.4056239,1.518584283,1.1999198,87.83942101
472,9892.426941,249.5505243,1.400955866,1.824626649,87.50854143
473,9906.849878,249.3237284,1.311305672,1.89479898,87.46858921
474,9908.262955,249.5541778,1.57735638,1.231152074,88.36849657
475,9898.825541,251.2609844,1.274089077,1.434797091,88.01622499
476,9902.996104,249.3413083,1.315316591,1.489711328,88.31912433
477,9901.722156,249.4053694,1.751183545,1.742847211,88.30987936
478,9915.622879,248.8436348,1.908429067,1.952052718,86.99464458
479,9905.898897,250.325986,1.615835658,0.953877204,87.43597915
480,9899.743951,251.0882033,1.768502249,1.35303245,87.49735826
481,9895.698315,249.4806912,1.509207081,1.356339859,87.60148825
482,9892.546216,249.0149512,1.303111661,1.00230968,87.8013913
483,9901.708139,248.8714883,1.706423736,1.262063236,88.51339121
484,9897.031371,246.3533919,1.712230001,1.519745789,88.61550366
485,9893.834078,249.3863477,1.628092432,1.290378119,87.87246151
486,9897.854609,248.679405,1.581635616,0.891925633,87.89610905
487,9895.831753,248.8782042,1.83982934,2.197647297,87.67207299
488,9909.837095,247.6436435,1.468398483,1.394184561,88.07262159
489,9905.98134,247.8765504,1.529782802,1.325565345,88.13272328
490,9901.714876,247.7565794,1.502699934,0.939242338,88.43833255
491,9909.345881,249.0965574,1.741837187,1.322253563,88.43814257
492,9902.534229,247.6042746,1.528473102,1.169079494,86.89188871
493,9898.051978,249.9746016,1.631047117,0.624992092,87.97089551
494,9910.194795,248.2325537,1.64916843,0.842605658,88.74363352
495,9905.504243,246.4366379,1.761145956,1.373246033,87.8371364
496,9897.863699,247.4953186,1.539207548,1.688038246,88.63061951
497,9902.348169,246.8846845,1.877946459,1.18405302,87.91277134
498,9899.181373,245.2554573,2.134137877,1.37293239,88.15865101
499,9896.914711,248.9638109,1.936235355,0.962447085,87.50812885
500,9908.73846,247.983037,2.242088354,0.949467912,87.53252717
501,9913.943108,247.7297442,2.225476211,1.268105729,88.45066628
502,9897.701199,247.2797043,2.13917932,1.4041788,88.53478988
503,9907.816426,245.6512011,2.023566126,1.259393464,88.11324605
504,9902.06541,246.4697063,2.038104114,0.512092277,87.49261033
505,9903.209506,247.7164275,2.211255077,0.774101531,88.13480494
506,9903.01911,245.7460002,2.00490588,0.838919886,88.74823907
507,9902.006473,244.1893054,1.731272674,0.638552328,88.99796178
508,9906.92375,246.4191347,2.230445072,0.792961455,87.97526888
509,9902.890439,246.4309907,1.929767929,0.882316813,87.31096986
510,9908.770816,246.63619,1.987100931,0.895953785,88.56855244
511,9907.549942,247.1584233,2.202672759,1.059303436,88.0180411
512,9906.998212,246.9982165,2.206195322,0.412643439,88.63537937
513,9904.056135,246.5515422,1.96483457,0.059738907,88.31241518
514,9906.120238,247.4219484,2.301759403,0.533470299,87.73835984
515,9913.200292,244.6426012,2.482628909,0.947810923,88.2175889
516,9912.35622,246.6028421,2.083749197,0.195898174,88.85120187
517,9905.401171,246.6630485,2.583157329,0.501063274,88.13120196
518,9911.231894,244.7367832,2.035048169,0.459485679,87.69730206
519,9914.947378,244.4149195,2.788101309,0.263721647,87.42948677
520,9903.307508,245.1149255,2.299027139,0.163707895,87.84700835
521,9914.844261,245.1440593,2.42609237,-0.160202294,88.03748108
522,9909.296055,246.505431,2.033259786,-0.612581301,88.66218304
523,9915.952619,245.0855828,2.412907865,-0.306611759,87.70156789
524,9909.782473,244.7936029,2.483636975,-0.135145907,89.04885131
525,9905.08214,244.9898875,2.432218957,0.266190277,87.61355491
526,9906.48521,246.6734827,2.347222607,-0.138900086,89.45820149
527,9915.388256,245.5230009,2.279764005,-0.308497363,89.16571591
528,9916.979838,245.2876096,2.703247871,-0.46477576,88.38420764
529,9911.701469,245.3155714,2.490177005,-0.04495114,87.50061427
530,9919.966218,246.6781832,2.797829297,0.121219278,88.30775308
531,9909.024182,244.5993427,2.388821652,-0.011294499,88.15321516
532,9917.568176,246.6282747,2.410363448,-0.19222038,87.7208279
533,9912.418498,245.4893896,2.662402453,-0.860152554,88.51497638
534,9915.797554,245.0864891,2.175401879,-0.565998749,87.96931312
535,9919.884978,247.7177254,2.256767735,0.081081462,88.03550676
536,9915.945203,244.133015,2.717172547,-0.208685225,88.30310607
537,9918.931752,244.8087229,2.260259982,-1.048191197,88.12963619
538,9926.501169,243.9056665,2.126571421,-0.644759041,89.46847241
539,9919.208273,246.0681934,2.858596219,-0.559728776,88.17399734
540,9926.902012,246.7845078,2.199424435,-0.937280519,88.67491153
541,9917.713563,246.7467908,2.507113806,-1.440731138,88.54000319
542,9926.657328,246.2843352,2.475033447,-0.756986548,88.65654126
543,9931.869959,244.8482602,1.888864426,-1.060917151,88.70778652
544,9912.965236,244.6681154,2.386173126,-1.096956033,88.94714992
545,9922.007793,243.351649,2.516866759,-1.004645892,88.65306842
546,9929.553841,247.0501454,2.484525827,-0.973974473,88.6458175
547,9926.336797,245.4766973,2.579813983,-0.971386031,88.57627901
548,9929.898562,244.5112066,2.306059913,-1.267775927,88.49164773
549,9925.720911,246.3286633,2.509548699,-1.101657327,88.1189178
550,9929.878916,244.0272845,2.211754202,-1.594905025,88.55848516
551,9929.379767,245.4081135,2.04922487,-1.005489001,88.72379675
552,9936.716233,244.8323042,2.052642893,-1.985817206,88.81862874
553,9932.875509,245.6490502,1.999856382,-1.244899502,88.72221048
554,9934.02434,244.9542351,2.473555028,-0.910372359,88.53024902
555,9931.016629,243.5763092,1.947403541,-1.530938703,88.63298033
556,9931.384363,245.1142309,2.283180754,-1.024123987,88.39962465
557,9932.412601,246.1009205,2.152672077,-0.917134721,88.84811984
558,9937.307193,245.038221,2.162296595,-2.279888623,88.59613454
559,9933.996017,245.8599065,2.432060193,-1.355432932,88.81229926
560,9938.32221,244.0585819,2.047767421,-2.194082579,89.23786825
561,9948.029049,245.0991288,2.233548805,-1.386941448,88.39836145
562,9942.792613,244.5241072,2.094238748,-1.372542402,89.06708748
563,9937.597972,245.9207671,2.031603112,-2.1328331,88.80116688
564,9946.031337,245.2323768,2.497126548,-0.827048091,89.81110214
565,9938.788065,245.9199774,1.723897391,-1.333860598,88.70841867
566,9931.446911,246.3485407,2.244994717,-1.688260508,89.18033297
567,9937.41203,245.985271,2.093484345,-1.006537687,88.85672597
568,9933.919185,245.6014754,1.841427188,-1.996132079,88.17131064
569,9942.341933,244.3667179,2.238481682,-1.836184416,88.62164546
570,9945.023538,245.4005713,1.518500157,-2.165934165,89.33886447
571,9954.151085,244.9105327,1.759552686,-0.943119963,88.69903073
572,9948.24641,245.1416474,1.598333578,-1.389730634,87.82210731
573,9946.364485,245.1550711,1.898970555,-1.296274642,88.93349824
574,9952.460483,244.5953617,1.570923405,-1.407110857,88.42010096
575,9938.116416,243.6654005,1.85764743,-1.327249379,89.04935071
576,9951.213884,245.0037988,1.711818066,-1.476575532,89.77628977
577,9954.758853,245.9162551,1.631932376,-1.417991685,89.40281921
578,9944.385222,244.4273432,1.784910779,-1.464907058,89.80389097
579,9958.375371,245.8455369,1.633567065,-1.676338263,88.772376
580,9955.232264,247.7861254,1.450456089,-1.5029765,88.99921247
581,9952.35117,246.9665616,2.210178694,-1.400799058,88.5663341
582,9958.483904,247.646317,1.535066754,-1.442266564,88.76437817
583,9967.570312,246.4547728,1.172493028,-1.909989014,88.66089454
584,9958.02741,247.2935985,1.432069523,-1.860059571,88.48900009
585,9959.264701,245.4661173,1.332506908,-1.12030652,89.84340028
586,9956.636511,245.6112591,1.737699233,-1.524551998,88.13268616
587,9955.597917,243.5834741,1.624377107,-1.243041903,89.88201223
588,9964.916657,247.5772457,1.628465256,-1.730824684,89.83832901
589,9957.406321,248.0013536,1.464522281,-1.828598904,89.48363114
590,9962.970165,245.9791973,1.473614246,-1.621952658,88.69499304
591,9961.153379,246.3511548,1.447431641,-1.416629836,88.47974576
592,9966.869543,245.9253343,1.498708496,-1.529174261,89.01529104
593,9967.079485,247.1372681,1.676555472,-0.920027391,89.62078372
594,9971.538864,247.9562633,1.572471541,-1.231748437,89.3285551
595,9964.744437,245.1665425,1.602283299,-0.707164862,88.82414062
596,9966.891769,247.3979729,1.600420879,-1.115629446,89.93892526
597,9964.297126,246.792287,1.676894416,-1.934709408,90.22601055
598,9967.922359,247.26395,1.558382493,-0.867034184,89.28957693
599,9972.986195,247.6922862,1.574516514,-1.608549273,89.47666231
600,9975.843393,247.128933,1.743745436,-1.05732077,88.68674466
601,9968.409175,247.2984649,1.377447075,-1.328669414,89.25320667
602,9978.33228,247.274132,1.345003418,-0.422247649,89.73490501
603,9981.729291,248.5452836,1.285872657,-0.601019861,89.6764503
604,9977.987632,248.0816576,1.567737043,-1.222354173,89.26457523
605,9986.2762,247.9723462,1.169676705,-1.004024261,89.40072267
606,9973.99735,246.5705752,1.643271698,-0.85757735,89.33372054
607,9972.61931,247.5535749,1.54054265,-0.636234562,89.43761931
608,9970.927386,248.9222785,1.801943417,-0.85000955,89.80803714
609,9988.28163,248.1535512,1.454328464,-1.128947111,88.63225962
610,9985.055578,248.8683851,1.562772723,-0.998730476,89.59850023
611,9982.489989,250.0690807,1.843592704,-0.746086602,89.83034602
612,9985.153642,249.4355693,1.912446745,-0.335013932,89.38983363
613,9979.113864,248.5851571,1.517366983,-0.53697386,89.45515966
614,9997.959106,248.0766483,1.708197868,-0.856725142,89.48940969
615,9987.366915,246.1302914,1.749989808,-0.389002088,89.4948912
616,9988.259574,248.6121862,1.785873159,-0.657897506,89.7571939
617,9992.334454,248.5517764,1.679385804,-0.232480202,89.83861379
618,9992.104816,249.3658218,2.009606182,0.301149582,88.74373824
619,9991.81437,248.9196268,1.39743392,-0.521541167,90.14033918
620,9987.738687,248.8515941,1.71375513,-0.129978945,89.68882175
621,9995.045342,247.4913584,1.910678826,-0.550312339,90.8202416
622,10003.0958,248.4298595,1.93609632,-0.316313314,89.27788919
623,10001.41108,249.9458004,2.139150132,-0.229450991,89.46002227
624,10003.64874,251.2845913,2.132518808,-0.251895796,89.81220174
625,9994.126,249.5708651,1.860308569,0.589816786,90.14025429
626,9992.733653,250.0960411,2.202140721,-0.196227697,88.97824988
627,9998.052573,250.8206404,1.824252256,0.116737051,89.55908012
628,9999.960094,249.1572532,2.178214545,-0.593359725,90.28928948
629,10006.15242,250.4349589,2.379137931,0.160262951,89.53956731
630,9993.219067,249.4276251,2.284976049,0.418250409,90.71864099
631,10010.3289,251.1328428,2.087990151,-0.037743186,89.82668116
632,10002.8906,250.5192174,2.02516211,-0.587737116,89.62392615
633,10002.54535,250.765915,1.810252649,0.198378721,90.39871732
634,10000.61789,249.7843265,2.202242012,0.259585169,90.91737696
635,9998.402216,251.3731926,1.940903554,0.515879322,90.34172811
636,10011.78977,252.8498418,2.028723199,0.945885739,90.78369305
637,10009.03716,249.8558798,1.972135826,0.272248424,91.01172904
638,10003.21655,250.6223496,2.140615772,0.172680161,89.7323977
639,10004.18578,251.2916483,2.248927993,0.122406756,90.68241905
640,10009.976,251.9439553,2.330436257,0.574395978,89.47136316
641,10020.99261,250.6950481,2.176114339,0.700805527,90.46540139
642,10012.34087,248.5181076,2.529834348,0.434828225,90.23711759
643,10007.11307,252.8063303,2.293308716,0.873116629,90.91405078
644,10014.38856,252.3030711,2.195540242,0.819538474,90.89847132
645,10015.24059,249.8944247,2.415595615,0.732692317,90.61697589
646,10004.10505,251.1239556,2.779374511,0.488150252,90.5010036
647,10018.30152,253.3931665,2.469056383,0.652784295,90.62564425
648,10018.39998,253.3655102,2.343808617,0.106168367,90.42197847
649,10024.01538,252.9483164,2.124202212,0.942830913,90.38008917
650,10030.75678,251.9247228,2.398052748,0.916212191,91.15152906
651,10028.12032,252.2741411,2.500056957,1.000251095,91.2311948
652,10022.1163,252.1496699,2.385558832,1.129551423,90.39838523
653,10018.89901,253.4973653,2.138844314,1.127670121,90.60745105
654,10038.2669,251.5808653,2.309474839,1.011566014,90.54882962
655,10026.66211,251.7375077,2.776963563,1.091098532,89.72147114
656,10027.39895,253.6391642,2.778109139,0.686051569,90.3783682
657,10028.16922,252.6690589,2.318006156,0.962082139,91.36564906
658,10030.23799,254.1753331,2.632672322,1.181168085,90.21006341
659,10029.48056,252.2076803,2.263948339,0.973049787,91.66131897
660,10028.28583,252.9055892,2.780819186,1.478555845,91.20914588
661,10029.3685,252.1179456,2.548046505,1.048527351,90.84280498
662,10032.88448,253.1264961,2.686723801,1.335493547,90.94138653
663,10031.27326,251.7181137,2.150331268,1.328913113,90.22120442
664,10031.3649,252.7852759,2.624198677,1.540003724,90.56596829
665,10036.39654,251.9115949,2.481236338,1.607350409,91.43798726
666,10035.52116,254.1153725,2.646050184,1.565112139,90.42865635
667,10045.244,254.2102705,2.650342234,0.743668674,91.28504662
668,10025.3934,251.8342528,2.471061739,1.751045327,90.08444492
669,10045.02613,254.96781,2.327130477,1.867070271,90.19229279
670,10046.71542,256.1992946,2.591509237,1.279049545,91.76039217
671,10031.03038,253.8143603,2.410723997,1.508208709,90.82202814
672,10040.5921,253.1922069,2.234326137,1.182199539,90.57686085
673,10041.35231,256.7210856,2.209958916,0.875865493,91.54556068
674,10037.07161,252.6396618,2.082677946,1.248380224,91.50509409
675,10041.11532,254.0390286,2.259228984,1.316245956,91.36046543
676,10040.34227,254.2572287,2.564098982,1.378794952,90.63295401
677,10055.54265,255.4798075,2.360541167,1.203201824,90.79216722
678,10052.34117,254.5497984,2.199624032,1.275132692,91.10906989
679,10054.89726,253.7451491,2.446387342,1.494796994,91.3179893
680,10053.0197,253.3446247,2.098046019,1.268621255,90.73398492
681,10044.63299,254.0042951,2.262075371,1.662987491,91.09093351
682,10048.51753,253.387759,2.184935829,1.703319392,91.1564983
683,10054.44378,254.4893234,2.353992575,2.210479687,91.68332294
684,10046.73783,253.922337,1.85953001,1.830262884,91.43420239
685,10057.25975,253.0357359,1.981308021,1.560342161,90.32049438
686,10053.33405,255.8263482,1.799692035,1.294845724,90.98389839
687,10053.49704,254.1131302,2.051097131,1.561230255,90.64303112
688,10059.75587,253.3804219,2.320719798,1.561940178,91.40806504
689,10059.24669,254.5161963,1.952566632,1.299505337,91.60208413
690,10056.03915,254.7868499,1.926606951,1.676848506,91.20765752
691,10064.45344,253.0041472,2.178104444,1.009232046,91.0390724
692,10054.05843,255.1124971,2.192475894,1.340988165,91.22385989
693,10063.34443,253.762015,1.936111266,1.565439537,91.30975477
694,10064.02524,256.5466009,2.06594336,1.295521919,90.90114493
695,10060.30088,255.383998,1.688961853,1.301642482,90.62761671
696,10064.26197,254.482659,2.155539068,1.302977475,90.22755654
697,10057.15216,254.1579597,2.285576977,1.073067499,91.90174567
698,10068.79795,254.816767,1.936330729,1.654161506,91.53173945
699,10064.01697,255.5511641,1.391892792,0.973651576,91.48008521
700,10063.08504,254.9275426,1.674262613,1.350431256,91.94657264
701,10071.69431,254.7485602,1.886158395,1.353869007,90.70125129
702,10063.67151,255.0347853,1.657572291,0.918872533,90.47604905
703,10060.88816,254.3812616,1.975229353,1.197991814,91.55072526
704,10060.87777,254.6486262,1.818039728,0.874713945,91.51985395
705,10072.41454,252.9107545,1.539480631,1.535426632,90.52203649
706,10063.69899,255.9729895,1.668394044,0.745983075,91.58178329
707,10079.58474,255.2987777,1.46518476,0.859974111,91.21610394
708,10061.10368,254.2252408,1.590334686,0.656450562,91.02672243
709,10080.69101,256.894149,1.499765949,0.583061995,91.27746262
710,10073.95199,255.0771497,1.830442977,1.433498481,90.23717379
711,10073.09423,253.9467129,2.004510111,1.083868121,91.17586878
712,10071.52673,255.8303241,1.281933629,0.927196702,91.13287926
713,10076.91312,255.3603757,1.171470981,0.651412002,91.77689992
714,10075.38788,255.3436634,1.49613218,1.083181562,91.43240595
715,10081.74362,254.5081042,1.231672797,0.525414461,91.84397662
716,10077.44168,255.3671584,1.535948898,0.971860794,90.26264123
717,10078.2578,254.6357407,1.669027427,0.432443094,91.13057676
718,10076.31623,255.4323178,1.811803861,0.460646907,91.84068437
719,10078.46975,252.9483588,1.548206977,0.840698119,91.42065722
720,10080.9058,254.3944154,1.465479528,0.831023941,92.01006599
721,10071.42032,256.5234984,1.105855563,0.709265303,90.69712173
722,10073.82661,254.0054097,1.505437459,0.172791888,91.97690612
723,10084.87217,254.1378638,1.514375002,0.310907871,91.30354748
724,10082.59039,254.2610691,1.629075479,0.448826958,91.26662261
725,10081.38817,253.4596691,1.361999593,0.103442897,92.14168528
726,10082.96406,252.4297696,1.420340288,0.725663484,92.23838831
727,10085.16531,254.3691839,1.216635319,-0.450344873,92.18589784
728,10081.27577,254.6955098,1.060081326,-0.007761287,92.69881234
729,10080.62182,254.4652015,1.303948487,0.028408714,92.32366863
730,10086.02289,254.3290773,1.220076393,-0.716649475,91.30315495
731,10080.67361,254.4714565,1.611142069,-0.327203027,91.78212864
732,10088.12,255.4039455,1.450971117,0.234302161,91.54147582
733,10078.07047,254.1415939,1.458862093,0.010807953,92.74621275
734,10092.22516,253.7071607,1.382622001,0.428669673,92.29402268
735,10089.92966,253.9476087,0.947037634,0.375341745,91.65689336
736,10089.32535,254.7538803,1.910274893,-0.003187932,92.19985892
737,10093.42838,255.5306901,1.424598925,-0.083886245,91.15419929
738,10097.30317,253.4330017,1.559147474,-0.202674202,91.90464687
739,10094.49963,254.100937,1.368527249,-1.063373761,91.31959427
740,10080.66644,254.2796178,1.872617002,-0.729372485,90.95312009
741,10083.90697,252.886363,1.726446228,-0.324677572,92.19836524
742,10087.60578,253.8354872,1.552772331,-0.213628734,92.26889299
743,10091.27627,252.2839993,1.660589154,-0.354733161,92.05152263
744,10094.14094,251.9137262,2.096313025,-0.752173812,91.73956936
745,10088.3216,253.9811532,1.768323301,-0.245576695,91.20582702
746,10093.27263,253.1607165,1.769353221,-0.123955547,91.26610249
747,10088.94113,253.6756384,1.640692022,-0.32867027,91.36972083
748,10090.03042,253.3828405,1.473747969,-0.354016726,91.74492363
749,10086.41537,252.3503526,1.844720608,-0.858907876,92.40706293
750,10089.18383,253.2061849,1.966197623,-0.407981532,92.40620206
751,10087.38351,251.9417239,2.145636948,-0.725998173,91.05855495
752,10089.5951,254.4879137,1.500825864,-0.654530401,91.54287259
753,10100.06575,251.6618484,1.750434683,-0.735911659,91.53587031
754,10090.36414,252.7417037,1.88429586,-0.918770565,90.63643122
755,10108.57714,251.8137128,2.024736928,-1.176314366,92.19136501
756,10098.17636,253.3437585,2.02135181,-0.978117392,91.79111554
757,10096.91893,252.3581496,2.050820392,-0.691752613,91.86332368
758,10091.97833,252.0860822,2.181389064,-1.153639608,92.59833799
759,10100.03742,253.3720765,1.943473582,-0.785689448,91.97487195
760,10093.91378,252.461424,2.335012578,-0.864120933,91.72047411
761,10097.64843,252.8607836,2.25855648,-1.205495216,92.22680648
762,10110.07552,251.2740214,2.131151665,-0.728741671,92.47493784
763,10097.02178,250.7608364,2.538064149,-1.280582642,92.09827539
764,10103.46568,252.1823011,2.551385597,-0.748535074,92.29898111
765,10094.4109,251.6648565,2.44830117,-1.097560351,91.88575174
766,10097.94951,252.5179539,1.678976285,-1.257852599,91.9215601
767,10107.16631,251.7186705,2.618735626,-1.543599916,92.02275649
768,10095.3555,251.9099946,2.481400071,-1.326754803,91.59324619
769,10107.72075,249.9871951,2.7424259,-1.383251658,91.68913942
770,10102.35558,253.4040287,2.606480215,-1.720269967,92.66527629
771,10096.15292,251.2557578,2.691601674,-1.427514514,92.98328313
772,10102.26583,252.0214267,2.567670314,-1.621593762,92.77817472
773,10104.09518,250.3910585,2.676704545,-1.221635884,91.32301956
774,10102.46016,251.4379797,2.819800011,-1.021272282,91.27709348
775,10091.60875,249.7294926,2.47724335,-1.795682393,91.39384284
776,10095.92301,251.38636,2.131358828,-0.927081886,92.05836767
777,10098.40997,250.4798991,2.395071011,-1.49120943,90.58858893
778,10099.35429,250.7663103,2.544169394,-1.755713168,91.70012843
779,10102.89875,251.3360457,2.489609667,-1.245126165,92.69945739
780,10100.74284,249.306228,2.2325853,-1.614309681,92.48830611
781,10093.22657,249.7547576,2.161745218,-1.511482842,91.7435186
782,10101.84326,250.7968791,2.344567616,-1.613495649,91.78216764
783,10103.02417,252.3379459,2.657957724,-1.741141002,92.28304576
784,10102.78918,250.0017158,2.814846664,-1.281481553,92.46743889
785,10105.40311,250.630952,2.683214442,-1.585783412,91.73341551
786,10104.1678,249.8328463,2.711259095,-1.930751054,91.88278077
787,10102.28307,251.7820893,2.482234067,-1.332950327,91.71673855
788,10099.61533,247.9927121,2.147358501,-1.857107576,91.33364836
789,10091.63034,249.7347488,2.400869508,-1.837229641,91.88883094
790,10102.04223,247.9149217,2.435069845,-1.12794642,91.84991891
791,10100.88158,246.934416,2.381104531,-1.837769888,91.36654071
792,10101.14005,249.639195,2.483945264,-2.165610132,92.31868363
793,10093.32746,249.3822394,2.552599237,-1.274303475,92.23588433
794,10094.22499,248.8592162,2.62506677,-1.541491249,92.34046525
795,10104.80514,248.939513,2.387852284,-1.503493854,91.60675238
796,10099.24076,252.0460422,2.050628441,-1.519118253,90.99698279
797,10102.73524,248.5920241,2.321630617,-1.340555776,92.2202204
798,10099.34861,249.2632401,2.412728781,-1.619892197,91.65208402
799,10099.22516,248.0071661,2.633319071,-0.934007053,91.53619344
800,10103.62724,248.855716,2.258995012,-1.801236687,91.35018996
801,10096.20516,248.2267781,2.457933202,-1.205208656,91.83804634
802,10099.10566,247.9596356,2.395421576,-1.125133705,92.7611648
803,10096.1435,250.0948468,2.327320289,-1.523578504,91.71637268
804,10096.10236,249.3596171,2.484986847,-1.579550253,91.42059531
805,10096.53912,248.2263896,2.146304901,-0.942879497,92.28766637
806,10098.99599,245.6934059,2.142332769,-1.519768686,92.04411248
807,10095.28212,247.5453845,2.233243521,-1.377888163,90.89386656
808,10103.73542,250.5190346,2.085259076,-0.901998593,92.28030596
809,10092.75464,247.4958322,2.292022416,-1.12901992,93.00878732
810,10096.05462,248.7411076,2.024437128,-1.648810978,90.63951166
811,10094.54194,248.9921735,2.188574458,-0.554777095,91.31695882
812,10103.71742,247.6825159,2.099158882,-1.206154095,90.50538702
813,10097.19759,246.5360658,2.137760526,-1.135291717,91.88664412
814,10101.09671,244.8579594,1.978172063,-0.904129968,92.41394279
815,10088.22275,247.8939019,1.977472427,-0.758860206,91.96576151
816,10096.68932,246.3125656,2.039548482,-0.322718278,92.60307915
817,10099.49619,247.2222041,2.035767216,-1.372916447,92.3162359
818,10095.14393,245.7161469,1.969529236,-0.59016943,92.74572379
819,10099.7349,246.6218568,2.286533454,-0.577357171,92.46825541
820,10091.48661,246.8431856,1.722541282,-0.802994359,91.67998958
821,10100.77594,247.0017086,1.883273827,-0.486561975,91.90794729
822,10104.87047,245.543248,1.557074361,-0.402710655,91.43318109
823,10091.19922,247.781273,1.922222473,-1.057215825,91.7449402
824,10090.41404,245.9151253,1.601143288,-0.076752846,91.88374683
825,10099.52734,244.7666038,1.745356389,-1.027825808,91.80275476
826,10099.76793,246.2625266,1.70392877,-0.858802211,92.50852809
827,10088.85622,246.3378534,1.812397085,-0.554287472,91.66432647
828,10088.9609,246.3974742,1.624147228,0.144615284,91.35519353
829,10089.23512,247.533929,1.594793921,-0.482070007,91.37807533
830,10083.49493,245.8717908,1.980891216,-0.355548726,92.1318938
831,10085.18804,245.9266197,1.731263685,0.12759083,91.09405685
832,10084.31574,244.8826361,1.543584515,-0.347920578,91.6861358
833,10085.04366,246.7475608,1.587932643,-0.566916507,92.44140317
834,10088.24655,246.0541322,1.950379623,-0.29392427,91.91469866
835,10089.11952,245.3942634,1.558431443,0.287267273,91.7216663
836,10095.22064,243.8557586,1.452751014,-0.057815672,91.73140745
837,10081.9873,247.1526834,1.4397723,0.545088575,91.22479908
838,10091.40292,244.4301458,1.454169275,0.232268539,91.30105879
839,10084.90495,245.0178391,1.433407855,-0.137567454,91.62190712
840,10085.21257,245.9205093,1.285809656,0.116135,91.84483433
841,10088.31044,244.3204297,1.307476446,-0.110307169,92.17280176
842,10078.79068,243.9800937,1.358198596,-0.010156568,91.73436614
843,10085.77585,243.3080823,1.635312675,1.578642369,92.35366318
844,10084.14719,246.1132803,1.434894067,0.584836789,92.46889763
845,10085.21998,244.8091937,1.465074131,0.581659869,92.05278814
846,10083.63809,248.2456048,1.757122495,0.180166439,92.25633563
847,10093.89505,244.2898069,1.75994672,0.881455431,91.13701418
848,10077.84799,244.3304246,1.443608078,0.783495075,91.04613424
849,10077.79174,244.6560954,1.374197799,1.060838691,91.8679211
850,10076.73301,245.4361472,1.329070686,1.088521776,90.92636932
851,10076.46533,244.6962561,1.643342999,0.136611279,91.43966842
852,10075.44186,245.7541718,1.467915267,0.288614488,91.95817192
853,10083.9521,244.1405747,1.436854207,0.361098891,92.26682681
854,10084.47996,243.716847,1.357931105,0.419125977,91.42044088
855,10073.88638,243.2814602,1.374439664,0.838784784,91.20983017
856,10071.93334,242.8393051,1.601272331,0.610481419,91.68213325
857,10077.7996,244.5299894,1.284217395,1.44037298,90.97207866
858,10072.02126,244.7342379,1.757454643,1.427331666,91.40900811
859,10077.27941,244.3929268,1.4639914,0.89055323,91.47829491
860,10074.45432,246.2589055,1.55418544,1.514850398,91.4548022
861,10065.17861,246.2366595,1.331108839,1.409618381,91.49939832
862,10079.8052,244.6689523,1.611426574,0.86202469,91.02409603
863,10080.3502,243.2069587,1.564595955,0.427633274,91.0639197
864,10067.60287,244.4332987,1.637528562,0.997241292,91.03977806
865,10068.01724,244.4013065,1.960051954,0.900522802,90.58906769
866,10070.66701,244.3471164,1.720250827,1.186154317,91.55566877
867,10070.18498,244.3116541,1.545568482,1.180252598,91.81758262
868,10071.07358,244.363028,1.582764033,1.200632835,91.75377219
869,10077.09327,244.6390606,1.865269236,1.366012909,91.20959642
870,10065.41219,244.401162,2.0278309,0.871242917,90.92043584
871,10061.55349,245.2581118,1.846904738,1.383388183,91.6830568
872,10057.88987,245.4252242,1.951216163,1.151941955,91.61519092
873,10060.36684,244.1712506,1.958839858,1.366512804,91.38914009
874,10063.08447,246.3719684,2.14453158,1.615256664,92.13715772
875,10071.44518,244.1418077,1.494975176,0.981034203,91.23623515
876,10059.10038,243.5269875,2.04279922,1.283073036,91.10532379
877,10062.01725,245.5504263,2.130791426,1.349777236,91.01805762
878,10060.01998,244.3790323,1.691153117,1.247686479,90.42160313
879,10065.24184,245.5464455,1.806720595,1.687284008,91.51666747
880,10071.12638,242.8521089,1.838694413,1.215311134,91.1170917
881,10055.02337,246.6807545,1.888067531,1.277611816,91.40851993
882,10054.41075,245.9949977,1.962372221,1.242760779,92.05809787
883,10061.25329,243.8585043,2.131979497,1.793547661,90.92527383
884,10058.61088,243.9183366,2.281128563,1.327073083,89.93502415
885,10063.59838,247.1093537,2.348521796,1.620367987,91.32783207
886,10056.44247,244.7415069,1.988627986,2.081279934,91.15388624
887,10050.879,244.6883095,2.010795792,1.470997301,90.68728221
888,10054.77609,243.3018407,2.465995306,1.830591457,91.23508958
889,10056.50852,245.2642858,2.3547673,2.000562729,91.41234819
890,10054.2045,245.4362695,2.264015627,1.808148082,90.52873676
891,10051.77053,246.4301417,2.363515662,1.49443444,90.83401726
892,10053.69468,244.3679437,2.283621258,1.690241957,91.70560308
893,10053.3301,244.300802,2.414508834,1.108183098,90.58886141
894,10053.51199,246.3277897,2.261614622,1.25582592,90.96535871
895,10048.95765,246.9409445,2.401003114,1.302537749,89.60207637
896,10043.98684,244.4220758,2.062679159,2.14888993,90.1555259
897,10044.65985,247.1353585,2.24386597,1.224367994,90.95728446
898,10049.05829,246.153581,2.261701696,1.210016147,91.47450881
899,10038.03622,247.2715928,2.336914473,1.133886368,90.16140322
900,10043.05522,246.1748434,2.240149111,1.602507421,90.861519
901,10038.33198,243.7895641,2.331338911,1.463560531,90.6181145
902,10039.52519,246.2281281,2.146665808,1.731733425,91.26417338
903,10044.85258,247.5099406,2.569666061,1.590750211,90.16030482
904,10038.49083,245.6271722,2.452651033,0.957671595,90.96574551
905,10036.83877,246.2054662,2.136167346,1.110786938,90.40528648
906,10028.87491,246.4911732,2.317105242,1.742533033,90.82500276
907,10038.46948,243.8430014,2.557043941,1.250709523,90.72922985
908,10037.02619,248.4903744,2.385547643,1.645560688,90.55008589
909,10043.67222,245.9954351,2.357956994,1.220802738,90.89602485
910,10030.37095,247.4815713,2.484376901,0.950694922,90.66002309
911,10032.05629,246.9693695,2.568717115,1.124181637,90.55280755
912,10031.25506,248.395102,2.212179554,0.89781939,90.42195449
913,10036.94001,247.6260963,2.607679814,0.990573626,90.61985399
914,10027.61796,247.0687851,2.334555658,1.191478157,90.6729105
915,10028.52843,246.494942,2.48675264,1.254624958,90.04809543
916,10029.20898,248.2721,2.477752533,0.593038065,90.34865433
917,10026.1361,245.6876105,2.372709827,1.032874077,89.97646811
918,10022.00192,248.2947203,2.265482532,0.82915457,90.46475911
919,10024.23315,246.6385037,2.403993311,0.776765102,90.16908798
920,10027.65715,249.0794556,2.775960236,0.976371089,90.8311714
921,10016.18047,248.078964,2.16719572,0.735863454,90.76262448
922,10020.99982,248.6531137,2.765531284,1.279262889,89.94532525
923,10015.85427,248.1831006,2.361594952,1.183884427,90.38594373
924,10024.34806,246.4416161,2.406050342,1.144114063,90.68671485
925,10009.77301,247.4268677,2.166073536,0.60248167,90.26012481
926,10013.60872,249.0542749,2.212643116,0.422918424,89.96395784
927,10017.30213,248.6434773,2.248879318,0.696349946,89.76211967
928,10022.25489,249.7533566,2.122013032,0.586104829,90.71567921
929,10013.10828,249.0717575,2.270231505,0.407462715,90.72009715
930,10009.66944,247.7984298,2.210695114,0.195758596,90.14493505
931,10020.8584,248.0662103,2.641607622,0.493899212,90.61212102
932,10003.21857,249.0627896,2.016931171,0.342553755,88.72656743
933,9998.469583,246.743842,2.248713541,0.627281323,90.85304958
934,10010.66772,250.8297186,2.255223804,0.576932978,90.09088048
935,10004.96056,249.6967516,1.968555519,0.663925419,90.22030486
936,10001.3671,250.5810656,2.296493755,-0.088119167,89.96920647
937,10009.01684,247.8727116,2.055573742,0.365710328,90.80735488
938,10005.6953,250.7973839,1.612534076,-0.017344375,89.55916018
939,10000.6567,251.8839997,2.218477318,-0.209907218,90.80677206
940,9996.076021,248.4314434,1.838398385,-0.017182503,90.24768631
941,10005.84003,250.6236437,1.827356304,0.387090535,90.34088695
942,10003.7288,249.9533311,2.149524182,-0.090195419,89.8449536
943,9998.981919,248.5077856,1.917514089,0.446138183,89.33544637
944,10007.71104,250.6450809,2.145536062,0.096188184,90.43481248
945,9992.12764,251.0857166,2.179145124,-0.231618047,90.10526545
946,9988.850898,249.7508026,1.783413673,0.189810137,90.61038222
947,9992.019797,251.6175206,2.046558281,-0.069256475,89.81269859
948,9994.252672,248.884335,1.712600215,-0.527131864,89.67999636
949,9994.699116,249.1556162,2.28644285,0.266010813,90.5636925
950,9991.278708,250.8859834,1.677755925,-0.257789813,90.80564484
951,9993.248385,250.8734853,1.998551509,-0.373696038,89.83443575
952,9984.234482,250.2299013,1.939595278,-0.679354756,89.43346484
953,9996.716025,251.8540654,1.812130877,-0.111813137,90.19520942
954,9988.092518,251.6729437,1.593508306,-0.353052576,89.6430552
955,9993.096975,252.0973101,1.676721881,-0.361566959,90.04984134
956,9988.232594,251.2126606,1.256400543,-0.744205758,89.60074136
957,9987.812553,252.0344689,1.712901,-0.382791413,90.49258274
958,9987.388889,251.0817573,1.71966867,-0.39998306,89.3410563
959,9985.791408,253.6761343,1.659049553,-0.914060034,89.91132213
960,9985.780936,250.9040289,1.021211435,-1.177780993,89.40699545
961,9988.229285,253.9154445,1.347228498,-0.616852058,89.49091716
962,9981.58417,251.9378835,1.436219611,-1.301136,89.40600345
963,9983.166564,250.6195719,1.630686805,-0.820648959,89.96173494
964,9978.194887,253.4544514,1.617808899,-1.036769431,90.03205286
965,9984.868306,252.3027282,1.514582377,-0.572526268,89.83222382
966,9973.312147,253.1175349,1.665490458,-1.09066468,89.47989043
967,9984.727529,253.5789443,1.324160747,-0.674439839,89.58454656
968,9974.553184,252.7807794,1.643600326,-1.193788889,89.94394026
969,9966.633769,251.9373414,1.609841717,-0.771497576,89.94040869
970,9973.464459,253.5910422,1.584956727,-0.484396964,88.11134093
971,9968.457689,252.7007848,1.468816309,-1.452925943,89.30114786
972,9975.107989,253.4695077,1.868388457,-1.073894275,89.30596602
973,9966.686384,250.7124264,1.599138267,-0.36481818,89.73361636
974,9966.766325,253.3944994,1.306339887,-1.196353743,89.34655944
975,9958.600377,252.3891135,1.550425806,-1.223576782,89.7205533
976,9964.840583,254.7599797,1.653266866,-1.030228632,88.8027119
977,9954.040041,253.8074854,1.388396767,-1.277979095,89.45321601
978,9957.300631,253.5007101,1.728355928,-1.824835005,89.75450572
979,9968.086404,253.8223124,1.592614703,-0.994163534,88.54849517
980,9967.281088,252.4113772,1.054628006,-1.954716436,90.52386348
981,9964.550796,255.1055266,1.591165723,-1.497633216,89.84391314
982,9956.663807,255.5446992,1.459304828,-1.027896561,89.23065041
983,9960.33916,254.01588,1.658374438,-1.513364561,88.79735029
984,9959.642676,255.2815585,1.751331679,-1.62952266,89.1056712
985,9952.955871,253.1887189,1.614164906,-1.171367244,89.21685506
986,9965.355816,253.0259625,1.921888677,-1.702922021,89.37710777
987,9961.320983,253.9276806,1.567830277,-1.825393738,89.88901386
988,9954.929004,254.3838221,1.744259506,-1.386197509,88.88262726
989,9955.272304,253.6154401,1.796960307,-1.53193278,89.38411241
990,9955.288325,254.6061369,1.634088329,-1.857332559,88.43871363
991,9943.150848,254.4320728,1.827764041,-1.29898399,88.86039008
992,9951.24141,253.183041,1.572346045,-1.355221636,89.23790437
993,9948.189904,254.7541328,1.626810059,-1.605647577,89.37762774
994,9945.719092,255.1511659,1.469590646,-1.586925981,88.63792761
995,9948.453986,254.5096898,1.801804488,-1.358864391,88.7767939
996,9957.985229,255.5397163,1.840623345,-1.14197974,89.71021424
997,9951.343419,253.2167572,2.034036938,-1.581683002,89.54373841
998,9944.430905,254.9474307,1.979528037,-1.296848305,89.04996461
999,9949.30258,253.3527271,1.787903312,-1.318760774,87.81047075
1000,9952.594666,253.4506449,1.633176636,-1.218255248,90.16752405
1001,9949.38472,253.973688,1.979660704,-1.462647531,88.88526525
1002,9944.22889,253.7006094,2.139786526,-1.739203903,88.72233123
1003,9939.870847,254.1308676,2.093424022,-1.594003096,88.60093066
1004,9945.77713,254.4990354,2.18417767,-1.340834781,89.03390379
1005,9943.439695,255.5827773,1.949881174,-0.885289755,89.02273665
1006,9945.14034,254.4550026,1.923931551,-1.561885553,89.28860142
1007,9943.038273,253.2191645,1.894828208,-1.159819114,88.33421721
1008,9944.314232,255.9715647,2.055876821,-1.482986928,88.62508193
1009,9935.60044,254.0191808,2.076017984,-1.333497993,89.78080517
1010,9944.079905,254.8203822,2.157522407,-0.892858339,88.86215402
1011,9937.703503,255.3465192,2.11448772,-1.097815695,88.64804792
1012,9946.320708,255.1185133,2.137431201,-1.677925053,88.24807919
1013,9931.733769,256.0300351,2.032217166,-1.454534687,88.95656131
1014,9943.101313,255.429837,2.398810216,-0.882028258,89.20393899
1015,9934.659392,254.1025224,2.248194356,-1.19130081,89.11069058
1016,9929.667725,257.1534069,2.219824182,-1.552375426,88.52909586
1017,9929.76707,255.1782009,2.126412693,-1.426181421,88.82435612
1018,9929.853228,254.8435566,2.030011894,-0.941157562,89.46492901
1019,9932.851114,255.9598552,2.577742495,-0.824555558,89.15004683
1020,9932.626709,255.2484154,2.44604233,-1.087184561,88.20816925
1021,9926.433277,255.3992279,2.028458339,-0.318626307,87.313033
1022,9928.476319,257.4912189,2.523114766,-0.781699007,88.7203481
1023,9938.612899,254.7209492,2.571300915,-1.068787325,88.95731502
1024,9935.849929,254.6733471,2.427031471,-1.206357005,87.99963201
1025,9928.711775,255.1007275,2.736124809,-1.219147253,88.52620838
1026,9926.045465,256.0467123,2.473151903,-0.790258385,88.38525942
1027,9925.78831,253.4577197,2.158674317,-1.000918978,88.55590622
1028,9927.595929,252.9857696,2.526199004,-0.314795022,88.21821865
1029,9918.76211,254.3493014,2.512138168,-0.33892172,89.12277696
1030,9921.944536,253.2856105,2.351335187,-0.550091528,88.53861282
1031,9914.251521,254.4758511,2.594362432,-1.054240615,88.01238039
1032,9923.96132,255.382371,2.152574842,-0.862107256,88.89803517
1033,9924.579751,253.9663594,2.689463475,-0.243043814,87.79478163
1034,9918.314271,253.4055758,2.319739864,-0.747414679,89.05685126
1035,9927.994496,254.8751008,2.301150922,-0.20007944,88.89802096
1036,9913.398081,255.6397461,2.476906044,-0.352084911,89.08542583
1037,9911.615428,253.0517574,2.586547518,-0.436249864,88.29962287
1038,9919.478062,255.5345928,2.531770058,-0.619507657,88.11905907
1039,9923.017959,255.4974105,2.348238521,-0.393455784,88.39766022
1040,9925.636992,255.5980613,2.392095938,-0.264484424,88.30212867
1041,9914.366096,255.8244708,2.262015741,0.032475899,88.0068422
1042,9921.50542,256.7681765,2.437777338,-0.498663872,88.04542865
1043,9915.37936,254.1684162,2.690600138,-0.267236033,88.12825162
1044,9914.177095,254.5906157,2.466437142,-0.130222289,87.71580279
1045,9918.935357,254.0193492,2.629698433,0.099985322,88.62932279
1046,9917.264045,254.3907338,2.738277403,-0.326417513,88.25390005
1047,9905.614443,255.8728441,2.317857224,-0.40386069,88.11573885
1048,9920.38173,252.9444342,2.385321645,0.238296254,87.70480348
1049,9919.410808,253.3761612,2.842993864,-0.374314059,87.67002054
1050,9908.90261,255.5604591,2.682721296,0.511455598,89.20856551
1051,9913.538311,255.1477088,2.043484603,0.123961506,87.91755714
1052,9913.567158,253.7072837,2.43856335,-0.248895992,88.52720433
1053,9911.946979,254.8659323,2.343511217,0.115667452,88.29418945
1054,9907.447624,254.2922566,2.490097053,0.417726996,86.81638876
1055,9906.405552,255.3892454,2.156406043,0.188102398,89.09149879
1056,9909.209441,253.8998549,2.117312142,0.397531369,88.52878623
1057,9914.783466,254.7858219,2.129138758,0.656803331,87.79456134
1058,9911.229539,256.3355421,2.128425532,0.416988824,88.1560475
1059,9906.259332,254.2234923,2.383727512,0.238964877,87.58765639
1060,9911.580951,253.6051343,1.96172234,0.472355196,89.0675594
1061,9893.099027,254.2072438,2.050244888,1.027964845,87.69300594
1062,9912.714116,253.0471127,1.793333455,1.149951395,87.87786376
1063,9897.90957,255.7265931,2.328550001,0.078793582,87.76738223
1064,9904.443124,253.4435929,2.35700521,1.051802901,88.16529627
1065,9900.313543,252.9141797,2.012800313,0.838609941,88.8033961
1066,9899.104458,252.2737403,1.993845439,1.079144371,89.00624453
1067,9911.057414,254.127722,2.119166445,0.674465329,87.90556754
1068,9902.599664,253.8175497,2.298433927,0.3460394,88.28789289
1069,9906.365085,252.3716882,2.060266295,1.087982928,88.13360403
1070,9904.101895,253.3630266,1.814096006,0.665639641,87.59592534
1071,9906.435201,251.1944374,1.605016093,0.565888542,89.29227773
1072,9904.1572,252.8033009,1.681109579,0.620415237,88.7568416
1073,9897.090846,252.9853764,1.894372559,1.228854892,88.16467406
1074,9908.229507,254.1532265,1.724557618,1.122117952,88.8559015
1075,9900.53143,251.5873762,1.870871984,1.345751292,88.66605762
1076,9894.979044,250.9911975,1.697969176,1.341463499,88.09616975
1077,9900.392842,251.2845694,1.574078745,1.043163702,88.21365016
1078,9909.818428,250.7530042,1.527991375,1.175952127,88.80235565
1079,9906.356717,253.3349696,2.054149656,1.070236064,87.56903538
1080,9900.163116,253.4548918,1.898403025,1.186040896,88.87497289
1081,9899.970666,252.1336468,2.046334128,0.983310571,87.92178282
1082,9899.929186,252.9411776,1.788595048,1.413833993,88.79308559
1083,9911.751353,251.7596055,1.575779237,1.64125971,88.02473897
1084,9903.117406,251.4356497,1.908463734,1.094587594,88.19295769
1085,9903.207932,251.1022256,1.620090306,1.74359489,88.0040003
1086,9906.06903,251.0288001,1.654713663,1.411689739,87.75243044
1087,9901.981355,249.6947818,1.58679527,1.467136499,87.88072074
1088,9899.371917,251.4097333,0.991805528,0.900908229,88.70289826
1089,9899.57503,251.0075816,1.889006415,0.883213102,86.85405359
1090,9900.098368,251.6952941,1.65421287,1.481998658,87.38964452
1091,9900.179813,250.9450948,1.6110391,1.687760551,87.64458264
1092,9903.923585,250.5901649,1.522918758,1.260198285,87.46653636
1093,9900.474652,249.7826717,1.559320591,1.972096741,88.75928825
1094,9903.817586,250.6267525,1.399723462,1.699681653,88.6319262
1095,9899.70025,251.1933493,1.636241144,1.213499595,88.29809256
1096,9900.456446,249.2121038,1.246469061,1.500720378,87.68236336
1097,9890.041697,250.3431051,1.541295896,2.238666107,88.66817994
1098,9904.593766,250.3887606,1.613829918,1.125593828,87.20617759
1099,9901.733996,249.3376769,1.460460365,1.658271246,89.07102239
1100,9904.99103,249.3678871,1.574295972,1.403044424,87.65770469
1101,9885.529128,250.0863737,1.30303319,1.710664424,87.86919049
1102,9910.471703,248.622419,1.31055886,1.876156741,87.78592466
1103,9899.361302,250.0059385,1.554732215,1.376136356,87.46463131
1104,9905.63958,248.6609728,1.647994569,1.822371293,88.96452988
1105,9894.948542,250.5196707,1.143426389,2.146410831,88.39740874
1106,9903.271331,251.6953519,1.63012228,1.491952491,88.61188451
1107,9895.009754,248.3977314,1.425581943,1.698232169,87.39370199
1108,9897.237329,249.6939568,1.505329318,1.275012434,88.09759238
1109,9910.015636,248.3346038,1.286795279,1.445994728,88.26942394
1110,9899.591329,250.0042721,1.396296765,1.37399058,88.14627309
1111,9901.741113,247.6004464,1.772849851,1.651565861,87.43289224
1112,9905.123428,249.2491321,1.600252753,1.758108698,88.55321181
1113,9903.380563,247.7988895,1.532195278,1.346773355,88.07881812
1114,9901.793222,248.3687583,1.601502087,1.821478946,87.54334054
1115,9903.014802,247.4491517,1.739628726,1.800903447,87.09617468
1116,9913.365826,249.2075694,1.747767212,1.57523485,88.33030822
1117,9901.22927,247.4539264,1.663395517,1.144471308,89.25557514
1118,9902.701323,248.7492425,1.916529173,1.092661899,87.52628941
1119,9907.137393,247.7602728,1.912321312,1.008278911,88.12290595
1120,9907.609857,247.8977492,1.821898905,1.511399203,88.59689318
1121,9908.225276,248.0686233,1.771794373,0.836671082,87.41097636
1122,9905.701444,247.0685202,1.914581449,1.375724903,87.81017747
1123,9897.020185,247.9510573,1.868758021,0.819757537,87.62462481
1124,9911.139511,249.1822738,2.041336995,1.361541308,88.55178542
1125,9897.487473,246.7860327,2.032788669,1.089027523,88.72714529
1126,9904.988902,248.6491001,1.673292759,1.452361991,88.14903263
1127,9899.970522,248.8895592,1.684125628,1.362168598,87.653971
1128,9903.697012,246.4905215,1.785689729,1.416795959,87.85895861
1129,9905.946917,245.7679141,2.145973864,1.390178481,87.77081284
1130,9906.204861,247.4423326,1.660413923,0.95982197,87.60332707
1131,9907.012189,246.511511,2.079617595,0.533069656,88.04703261
1132,9913.285162,248.847245,2.098163466,0.528132939,88.39174535
1133,9907.807775,246.934381,2.283109065,0.180258131,88.3559308
1134,9904.652265,246.0195459,2.111445376,0.442910148,88.11334478
1135,9911.035841,245.598029,1.831345539,0.749663047,88.15283502
1136,9912.514493,247.7598384,1.932476287,0.521469681,88.09056741
1137,9900.79018,246.0248265,1.911997234,0.595054858,87.4899586
1138,9910.285604,246.5672778,2.064485691,0.756055626,88.22603953
1139,9911.184123,247.4080808,2.15874222,0.475619508,87.8617524
1140,9906.57933,245.8982679,1.984994072,0.188378413,87.48767134
1141,9915.343762,246.2682925,2.534429528,0.466572523,88.35465735
1142,9908.122185,246.2308222,1.99685499,0.17017679,87.87158423
1143,9909.916692,246.8653855,2.552091441,0.315273579,88.29965315
1144,9908.848869,246.7090028,2.540155826,0.755771377,88.61810346
1145,9910.226569,245.8358948,2.502278542,0.227897836,87.72785412
1146,9905.11073,246.0589853,2.202553147,0.796169709,88.25790276
1147,9903.844224,245.5644867,2.427631992,0.649967878,87.31567812
1148,9919.478271,244.4012082,2.120605269,0.002081714,88.99638146
1149,9907.741056,246.0806248,2.57425858,-0.202225872,87.55998401
1150,9907.497821,247.6610897,2.392297904,0.070464969,87.99168582
1151,9902.175506,244.8327453,2.339230981,0.387271903,88.92803908
1152,9910.244027,244.8927145,2.189293699,-0.150778484,88.15151526
1153,9907.328423,244.7460299,1.950404209,0.22371444,87.68017859
1154,9922.667589,246.2941161,2.248945494,0.268871748,88.64568687
1155,9920.028794,245.9725486,2.688820141,-0.370731255,88.6448604
1156,9912.069654,245.3218546,2.394135245,-0.386077536,87.99361494
1157,9927.311731,244.5205101,2.448091079,-0.014037326,88.05852778
1158,9921.50592,245.4908674,2.619118002,-0.22665036,88.11423738
1159,9915.528818,243.7956705,2.853971421,-0.522146806,88.23954751
1160,9905.220112,245.467377,2.761437255,-0.465821531,87.40785727
1161,9929.744248,246.161003,2.304327169,-0.424838185,88.27507876
1162,9911.922238,244.0056918,2.111391176,-0.916290283,89.2693591
1163,9911.231784,243.6936821,2.97168976,-0.259890539,87.94119058
1164,9925.168363,246.7768572,2.95217769,-0.675500051,88.10936341
1165,9932.858999,244.5587996,2.533436859,-1.408837518,87.82139591
1166,9928.194262,246.2815787,2.237776155,-0.622197885,88.73153891
1167,9924.712976,244.9686465,2.679417347,-0.878268426,89.03946729
1168,9925.495546,244.9396535,2.458856862,-0.18932067,89.04059441
1169,9927.424944,245.5209445,2.450338051,-0.911144791,87.83915202
1170,9927.596285,244.1814234,2.64312463,-1.103686339,88.7259287
1171,9925.858994,245.1827835,2.521246057,-0.660198673,89.20593576
1172,9925.632993,244.6556409,2.20621068,-1.048166563,88.7570713
1173,9925.46546,243.705466,2.366319626,-1.12055812,88.75477336
1174,9922.682464,245.3542601,2.550315005,-0.769761762,88.29322445
1175,9925.730127,244.7462821,2.505906277,-1.269812997,88.65272496
1176,9919.357221,244.847373,2.441021131,-1.42905369,89.17459918
1177,9928.026026,243.791043,2.559093048,-0.507378362,88.73445898
1178,9924.277637,246.5914098,2.282924874,-0.883711721,87.96027448
1179,9924.412592,245.8775291,2.372974055,-1.168255974,88.37058994
1180,9931.546962,245.9677759,1.643253184,-1.120488176,89.2175896
1181,9938.331391,244.7029789,2.208772112,-0.997130106,88.78979925
1182,9936.693713,243.2860409,2.43106928,-0.885298656,88.70157365
1183,9924.987168,246.9769351,2.179100775,-1.431443466,88.37978565
1184,9928.635787,244.9737046,2.142182346,-1.121073803,89.26597814
1185,9939.038682,244.2987726,2.004796942,-1.408088153,89.51790281
1186,9930.179853,245.4791252,2.390887811,-1.336800029,89.33344037
1187,9934.73308,246.2461707,2.27655895,-1.254774542,89.43842072
1188,9939.376876,245.0746939,2.308183799,-1.326690124,88.55317919
1189,9932.5616,246.396975,1.773734994,-1.124528504,88.4979819
1190,9938.713166,246.2240077,2.062467302,-1.21837404,88.68555319
1191,9932.305309,244.0891781,2.013878289,-1.835024247,88.79879535
1192,9936.763849,244.5182544,1.988954614,-1.806749699,89.51092363
1193,9942.17087,246.17799,1.896919263,-1.525887627,89.39438257
1194,9933.414207,242.5381603,1.925909432,-0.880681549,89.09681821
1195,9944.394628,245.1335369,2.140076929,-1.697756937,88.12825169
1196,9942.912924,243.8862678,1.562670003,-1.516458505,88.01621133
1197,9946.59812,244.8765248,2.275928399,-1.625299311,88.99694477
1198,9945.785415,245.0920968,1.992665627,-1.639694772,89.33344848
1199,9952.322253,245.0723543,1.863119182,-1.427769454,88.8702475
1200,9946.968831,244.9198469,2.028961519,-1.067435097,89.88430642
1201,9945.042203,244.4182852,1.533617803,-1.355965862,88.4025641
1202,9948.652522,247.8524545,1.667874579,-1.737560392,88.35664472
1203,9951.614524,247.4748953,1.753927542,-0.672930222,88.6458202
1204,9950.004444,244.4940146,2.029137098,-1.476376173,88.64405428
1205,9950.830236,247.2885817,1.725217914,-1.672813638,89.27568849
1206,9947.98939,245.3591014,1.80368394,-1.074368069,88.81913105
1207,9949.061765,245.9415529,1.575628649,-1.635719701,88.27360516
1208,9946.244927,245.8045649,1.771550285,-0.991780556,89.51094829
1209,9962.892194,245.2652165,1.991081588,-1.746162137,88.20291025
1210,9948.815937,246.9675737,1.837051542,-1.048938459,88.56509596
1211,9952.466167,246.1699706,1.604872487,-1.409281499,88.30726057
1212,9953.238503,245.6294776,1.740426228,-1.072605814,89.24017143
1213,9962.209324,244.8649422,1.705982298,-0.878403626,89.24771791
1214,9957.168344,245.3409713,1.677970879,-1.776423439,90.13108901
1215,9965.794328,244.659727,1.786276601,-1.040324738,89.64802568
1216,9957.104734,246.3813509,1.773104112,-1.830861833,89.93026684
1217,9962.787681,245.2419344,1.516218739,-1.70621307,89.37215903
1218,9958.140358,246.2439366,1.660613794,-1.615694945,88.75787596
1219,9973.97099,247.9518922,1.447375681,-1.204958347,89.3289587
1220,9958.23908,247.8547505,1.332326636,-1.326301453,89.57975194
1221,9966.661585,246.6981723,1.457196209,-1.365301424,89.65415331
1222,9969.220263,246.7196705,1.491215183,-1.249060842,89.08482151
1223,9969.062667,248.7642131,1.170764035,-1.092151826,89.58426667
1224,9967.012827,247.4839242,1.672998204,-1.044529042,88.89227132
1225,9968.238961,246.7154059,0.946565478,-0.891097787,88.85612249
1226,9970.059032,245.6984211,2.043342484,-0.646584421,88.83890715
1227,9970.059892,247.6006896,1.802352249,-1.171177348,89.42821103
1228,9976.572144,248.1196345,1.452616803,-1.292220884,88.8461368
1229,9983.766035,246.7432373,1.510783641,-0.921936688,89.24189621
1230,9970.889362,247.7517198,1.574800063,-1.41838198,89.92499469
1231,9967.793839,247.1835877,1.402895163,-1.24685726,88.97829223
1232,9975.170012,247.4507536,1.566970555,-0.710633371,89.26007242
1233,9989.480976,245.2355351,1.508544852,-1.013978467,89.56746422
1234,9973.537405,247.5910575,1.528544823,-1.304610992,89.67455901
1235,9986.726955,248.8725647,1.594877364,-1.353659599,89.32098213
1236,9987.897616,247.3629881,1.308168684,-0.855853116,89.98361227
1237,9977.72096,248.1389145,1.592149871,-0.490865236,89.90500417
1238,9984.315557,247.4232003,1.631326353,-0.457086506,90.19934113
1239,9990.596218,248.6330839,1.639810803,-0.7238861,89.60828373
1240,9981.543944,248.1503012,1.587243501,-0.115296052,89.41238224
1241,9983.408685,247.5224182,1.875273763,-0.709587491,89.34721572
1242,9982.506743,249.8896619,1.595144814,-0.679273891,89.86181671
1243,9981.331384,249.5820703,1.730348761,-1.366922708,89.53952545
1244,9984.150159,248.1447981,1.964138968,-0.68935217,89.46334604
1245,9982.269485,249.3445598,1.709338262,-0.257490532,89.54364009
1246,9989.553404,249.4817114,1.789326996,-0.001396649,89.44581449
1247,9986.527983,249.6845508,1.749012049,-0.676721952,89.90706753
1248,9992.542603,247.446327,2.038196726,-0.245657518,89.12118187
1249,9984.590882,250.2458665,1.762134731,-0.026605288,89.99891535
1250,9995.022211,248.7685423,2.093773138,-0.293335753,90.20563059
1251,9998.533568,249.0796593,1.840214382,-0.93744453,89.5968789
1252,9985.395922,252.17484,1.713217353,-0.133808389,90.86831047
1253,9998.234023,249.9384879,2.045448435,0.065085984,89.93608546
1254,10003.50159,249.3500936,1.873330756,-0.402770888,89.16659339
1255,9992.314807,247.6310287,2.083219329,-0.149884513,89.82663878
1256,10007.7258,251.3260597,1.43819528,-0.375314832,90.01858693
1257,10002.45803,248.6910839,2.010114018,-0.754712352,90.23174253
1258,9997.837837,249.1328381,1.942126038,0.369416471,89.89854267
1259,10002.08387,249.9048536,1.846284391,0.105118642,89.54146924
1260,10006.15394,251.7524522,1.97302965,0.630378145,89.51975579
1261,10004.74158,251.2089804,1.993469792,0.452968788,89.76043145
1262,10008.05415,250.3774286,2.122875363,0.134029506,89.82831968
1263,10001.75528,250.9428699,1.882938218,0.259642293,89.55968583
1264,10008.20309,250.1332499,2.243198327,0.498497648,89.78071917
1265,10001.28462,250.9720537,2.476276824,0.662461637,90.49679314
1266,10008.79313,251.0041682,2.281802384,0.51261485,91.0111916
1267,10005.82486,251.9976605,2.409433299,0.79053445,90.58461887
1268,10007.66085,252.0937163,2.487948001,0.412485791,90.87970058
1269,10018.51194,251.7177125,2.537060897,0.244521949,90.73368863
1270,10018.77975,250.958095,2.68379396,0.565911577,90.68302925
1271,10017.3593,252.1584442,2.229154796,0.68807238,90.117374
1272,10009.84101,251.4202662,2.203705055,0.306655032,90.37650698
1273,10014.70798,250.5253281,2.521633315,0.306097403,90.11549068
1274,10023.34132,251.2983196,2.523219602,0.880691941,90.23596301
1275,10018.9685,251.8798188,2.552373873,0.663259242,90.39928182
1276,10030.83882,252.7984738,2.789774869,0.773397674,90.74162651
1277,10022.18909,251.7969408,2.427842344,0.752485015,90.6161118
1278,10022.16106,250.8626891,2.523385959,1.353041659,90.34310171
1279,10020.63143,252.2192195,2.253568123,1.311051196,90.47130954
1280,10023.81869,252.365659,2.887077244,0.596138992,90.67975149
1281,10023.36029,252.5268649,2.401921488,0.841458842,90.81615005
1282,10028.63243,253.3487866,2.415631908,1.289348693,89.74234018
1283,10030.84214,253.5347547,2.414776797,1.247048047,89.98247802
1284,10023.09281,252.0075306,2.360789221,1.085189802,91.0941104
1285,10021.32802,252.0704674,2.348298434,0.786519355,90.52924894
1286,10019.76179,251.730207,2.392627231,0.952194684,90.36681804
1287,10032.43851,253.551908,2.226147985,1.030042526,90.46622134
1288,10025.33447,254.3834579,2.342934661,1.295220709,90.48517336
1289,10021.03651,252.6999275,2.889232207,1.74919934,90.91498814
1290,10034.69034,252.8527445,2.644763614,1.056861719,90.10094068
1291,10046.15565,254.6388857,2.6797626,0.978823262,90.68620189
1292,10034.60013,253.7543203,2.725736503,1.276608057,90.81566864
1293,10039.75932,253.7603579,2.851609159,1.640077681,90.90947123
1294,10036.90883,252.2072359,2.123773533,0.916665672,90.84142563
1295,10036.9344,254.1495514,2.224162321,1.805779817,91.00653012
1296,10042.94966,252.6129697,2.30030001,1.335806544,90.48073744
1297,10037.82449,252.4779517,2.35685221,1.183597753,90.31461595
1298,10041.53049,253.3336215,2.379310957,0.939051359,92.03237278
1299,10042.71566,253.1615494,2.337557657,1.645001666,90.67151108
1300,10038.67625,253.5911926,2.457276122,1.394341721,90.74810684
1301,10047.88225,252.4357357,2.40590127,1.508251343,91.19736074
1302,10042.94827,254.8979081,2.238706186,1.196831558,91.67450611
1303,10040.941,255.127577,1.93163636,1.380061383,90.62213053
1304,10048.29446,252.1117471,2.150728671,1.337202821,90.41283065
1305,10042.0072,255.0951228,2.221137904,1.459051506,90.30891407
1306,10047.52342,253.3620651,2.262425677,1.293075776,91.74420333
1307,10048.21515,255.0838291,2.065984562,1.037054775,90.44616143
1308,10054.56363,254.2109762,2.173103606,2.3178791,90.96890513
1309,10052.37614,254.3590556,2.023736247,1.090978719,90.5114106
1310,10050.74101,254.1943077,2.202813975,1.553758615,90.29314497
1311,10055.81339,255.6389082,1.990833874,0.965684195,90.88830343
1312,10059.52883,253.232794,2.01263198,0.894802482,90.58266251
1313,10056.21482,255.1240364,1.897180919,1.518544405,90.7227012
1314,10054.32017,255.6595339,2.104325229,1.535446303,92.08842069
1315,10048.54644,255.3147283,1.937505944,1.85419057,91.31456038
1316,10050.61175,256.9614323,2.26764555,1.586881704,91.58448107
1317,10055.2373,254.1442771,2.142736271,1.412030998,91.5475982
1318,10054.53629,255.66515,2.022719482,1.160739524,91.10124654
1319,10057.46366,254.6344928,1.852224689,1.882667642,90.94811123
1320,10059.4906,256.0048315,2.062828484,1.697674248,91.30861434
1321,10062.65873,254.79267,2.099900417,1.029897862,91.28443062
1322,10060.45468,254.4394967,1.965429318,1.398700333,90.93174071
1323,10064.03051,256.1585273,2.23292114,1.412792907,91.2968839
1324,10062.70504,254.3840348,1.979616869,1.246914636,90.89448851
1325,10053.28377,253.4840625,2.046200203,1.561983916,91.17749301
1326,10059.23654,254.3991742,1.866322429,1.558569453,91.11102253
1327,10063.9785,255.5523205,1.951273715,1.229346488,90.65954239
1328,10059.40971,256.3406196,1.63377561,1.178516352,90.13358461
1329,10069.21054,255.0730241,1.678960278,1.687613179,90.85468621
1330,10074.61073,256.2914209,1.818594036,1.491811773,92.24119186
1331,10073.79017,253.6243889,1.795850662,1.206612005,91.19908641
1332,10067.36177,254.5466474,1.808343852,0.668018626,91.75656377
1333,10076.60839,254.7066868,1.907023581,1.230817794,90.32087265
1334,10070.61696,254.8840556,1.382856758,1.306864446,90.89332941
1335,10068.90007,255.0840631,1.454696672,0.239916941,90.73446511
1336,10068.2233,255.6902334,1.678113749,1.109708712,91.32465622
1337,10070.47565,254.5518698,1.470857844,0.876084067,92.6507377
1338,10070.7376,255.1310608,2.275776041,0.90087825,91.68368918
1339,10074.21379,254.940268,1.688857375,0.660092763,92.31504037
1340,10074.84046,254.0508656,1.556573841,0.852183763,91.35353342
1341,10074.7213,254.8524629,1.456741892,1.277764609,92.17655607
1342,10077.55177,254.8098577,1.452499208,0.689000079,92.54396992
1343,10081.97378,254.7738429,1.54438415,1.074603617,91.46572649
1344,10081.41419,254.9541138,1.551730628,0.50433772,91.26369609
1345,10069.88014,254.9794898,1.430149055,0.934497916,90.88718706
1346,10065.16549,254.4510215,1.460209105,0.667365651,91.40417188
1347,10083.22938,256.1335786,1.778259789,0.731874042,91.61210395
1348,10072.33821,253.6669862,1.782093423,0.587246672,92.59892892
1349,10078.65569,254.0891651,1.552625544,0.735895815,90.94810327
1350,10074.52788,257.5618433,1.232237315,-0.26904877,91.6373998
1351,10071.95943,253.71372,1.60770892,0.032646621,90.71223263
1352,10084.25944,253.3658878,1.811633524,0.54067311,91.41766118
1353,10085.92255,255.4201625,1.776749801,-0.240931766,91.79823307
1354,10079.81064,252.572735,1.652938053,0.169201521,91.91015551
1355,10070.29614,254.3768902,1.795031386,0.268023748,91.95953863
1356,10081.06997,256.7184534,1.52694094,-0.008421543,91.87472577
1357,10086.30166,252.986328,1.648811058,-0.011969427,91.97706378
1358,10077.4811,252.5061224,1.395153505,0.232276213,91.72038275
1359,10086.31699,252.9439335,1.599051347,0.408756889,91.18407065
1360,10085.83963,255.2947249,1.816943008,-0.226494928,90.79249515
1361,10089.32004,255.4726342,1.444711557,-0.156461021,91.45512771
1362,10087.52024,253.7850217,1.402960914,-0.248319751,91.67113906
1363,10082.54706,254.9288569,1.608462403,-0.800327237,92.37521398
1364,10093.87659,255.5822357,1.558374565,-0.076305109,91.70757372
1365,10087.57361,255.9239859,1.749269466,0.116798271,91.66904074
1366,10088.69344,253.8333087,1.545472134,0.096724748,91.96936278
1367,10084.61844,251.719545,1.997405581,-0.513961862,91.65068953
1368,10087.51425,253.1399022,1.414241582,-0.672477656,92.19988426
1369,10085.74356,253.472157,1.942202291,-0.334455619,92.79301835
1370,10089.73074,253.576643,1.55853522,-0.135817398,92.90730224
1371,10099.57285,253.5828087,1.373079338,-0.381460477,91.86880655
1372,10084.56454,254.8231409,1.801290906,-0.384055233,91.99692715
1373,10083.75684,254.9107713,1.72484985,-0.170804628,92.62592091
1374,10099.57191,253.3953112,1.576465601,-0.777140172,91.76934007
1375,10091.55163,254.594685,1.485232049,-0.662935707,92.19156096
1376,10089.62581,253.7816784,1.843401362,-0.147571294,91.29184343
1377,10098.53433,253.4149703,2.064194225,-0.737430436,91.71127659
1378,10090.66103,254.1821156,2.010298237,-1.098411838,92.45183947
1379,10103.16409,253.2716205,1.929196235,-0.958194886,91.52158297
1380,10097.7592,255.1796969,2.038377108,-1.077337722,91.82336575
1381,10092.2561,251.6047431,1.962060905,-0.726514459,91.10680833
1382,10105.79882,252.4480347,1.706536245,-1.139476564,92.90312973
1383,10092.29082,252.7555527,1.733298453,-0.82562785,92.53790203
1384,10099.32746,253.2392376,2.001796015,-1.163187172,92.00638954
1385,10097.40148,253.9843388,2.035145483,-1.61396258,92.17185673
1386,10102.69216,252.6074867,2.26215094,-0.918665307,92.12161808
1387,10104.25983,251.1241098,2.267863675,-0.998904846,92.62120126
1388,10096.87146,253.302289,2.261586913,-0.919970283,91.67482883
1389,10093.19385,253.1271857,2.108309919,-1.308079776,92.30535269
1390,10099.50061,250.3418712,1.911631349,-1.369937445,92.48272325
1391,10094.04226,252.1905152,2.293102026,-1.044502147,92.55627971
1392,10107.71812,250.5138893,2.338121066,-0.737056065,90.82333814
1393,10098.54443,251.3482502,1.777197719,-1.216157861,91.6575979
1394,10096.23594,251.0181575,2.109216055,-1.117781587,91.45166566
1395,10099.17694,252.6375278,2.158362433,-1.366161716,92.03986483
1396,10091.69906,251.8516587,2.339991685,-1.756160231,90.96067878
1397,10093.74794,250.355109,2.174607256,-1.025064235,90.94930878
1398,10104.76954,252.4259813,2.345772102,-1.063807101,93.06039685
1399,10095.63458,250.0167064,2.328528388,-1.142934869,92.28722565
1400,10093.82618,251.6846427,2.355115446,-1.429365953,92.04171933
1401,10101.87578,250.4439932,2.259009285,-1.213043526,92.16568667
1402,10105.2429,250.7952985,2.288828425,-1.140157,92.05945807
1403,10103.02108,251.5677537,2.213867969,-0.937095755,92.48720156
1404,10104.50854,251.4870144,2.518156235,-1.140162618,91.67434392
1405,10095.83636,252.2042298,2.567479512,-1.429858219,92.08571415
1406,10092.59336,250.686356,2.309118724,-1.852460693,92.10775885
1407,10107.28118,250.976102,2.776195797,-1.422953471,91.47206132
1408,10098.22324,250.1326874,2.416793028,-1.401021397,92.63522436
1409,10098.63462,250.6529601,2.792196948,-1.272299245,91.77493732
1410,10106.57191,250.8108133,2.362965749,-1.084517773,92.50732961
1411,10102.74425,250.1732259,2.090078766,-1.523566122,92.05671837
1412,10102.2647,248.3678852,2.578598796,-0.867715032,92.81649772
1413,10110.82244,250.4031379,2.549388024,-2.027439405,91.47925909
1414,10096.78201,250.336231,2.506828596,-1.374143262,91.45761257
1415,10104.63097,249.19151,2.370524561,-1.738444615,91.54698752
1416,10100.259,248.4873617,2.489830664,-2.068648873,92.06612645
1417,10101.28907,251.1477845,2.391025665,-1.553261628,92.76965628
1418,10107.55062,250.0636386,2.428107155,-1.924784812,92.79471242
1419,10102.39964,249.243571,2.650981842,-1.529626289,90.84222502
1420,10102.49415,248.236289,2.512370773,-1.462999085,92.12090689
1421,10105.09742,248.4524275,2.589200969,-1.128773389,90.38822088
1422,10097.83237,250.4780436,2.411352572,-1.9061995,92.3906585
1423,10095.37336,249.2146557,2.378694308,-1.169670126,92.55047292
1424,10094.24769,248.4283165,2.204655264,-1.399761369,91.96931254
1425,10089.53233,249.390911,2.348510288,-1.106226417,92.02927299
1426,10109.52759,247.9695893,1.744404465,-1.528828877,92.02175045
1427,10093.60302,250.1880827,2.275671394,-1.782139983,91.59016035
1428,10097.8754,249.9438174,2.361445277,-1.729635361,92.19548627
1429,10097.45031,248.0287835,2.473714816,-1.7326189,91.86098349
1430,10100.21423,247.7716299,2.28950222,-1.181213041,92.43868978
1431,10102.58884,245.6877495,2.394172299,-0.85976929,91.91338955
1432,10102.63562,246.730562,1.869268227,-1.449447492,91.53615353
1433,10095.23114,246.7796482,2.273684053,-1.067185703,91.19499816
1434,10097.11437,248.1620358,1.928263848,-1.687792918,91.02696719
1435,10099.15654,247.6091285,2.000956414,-1.150390334,92.61112749
1436,10096.28407,246.4993694,2.183030301,-0.976560375,91.72165588
1437,10105.33839,247.4737455,2.453011458,-1.583149706,92.11532032
1438,10099.52094,248.1713494,2.24880097,-1.180426665,92.83293625
1439,10100.49515,248.1058878,2.154570465,-0.874028573,91.65501308
1440,10099.88018,245.5913832,2.123005603,-1.93749715,91.61757681
1441,10102.16851,247.2767986,1.959856106,-0.624340721,91.85994185
1442,10096.93197,245.9367678,1.969199003,-0.885561099,91.93525365
1443,10089.25883,248.1379556,2.138689748,-0.742442459,92.8586355
1444,10097.44798,247.9375973,1.75122828,-1.046210729,92.69190116
1445,10091.88977,246.1737861,2.121926302,-1.403315788,92.21336871
1446,10092.19096,246.2253018,1.9006209,-0.689586466,92.62138773
1447,10097.44387,246.4508171,2.118494732,-0.837123992,91.80113152
1448,10100.37202,244.581263,2.120779531,-0.764522742,92.03319447
1449,10093.94611,247.0932631,1.569300119,-0.408989078,91.72603817
1450,10095.03367,246.408986,1.763197009,-0.467104112,91.22460592
1451,10101.64099,247.5778685,1.684305018,-0.079178045,92.46453563
1452,10093.96477,245.4365039,1.469123755,-0.568629048,92.12106951
1453,10105.39124,245.8443959,1.601842225,-0.780831829,91.85669324
1454,10094.82295,244.8870139,2.273758609,-0.58815985,91.83867418
1455,10082.79497,245.3207113,1.885104098,-0.364624048,91.07886828
1456,10094.95971,245.0759527,2.124946263,-0.141814009,91.33512247
1457,10092.6839,247.1883379,1.886241052,-0.843527172,91.98363875
1458,10096.8029,245.4300548,1.551684227,-0.357338675,91.54252631
1459,10093.28703,246.1899935,1.604079827,0.166803449,91.68956589
1460,10088.78684,245.6241292,1.779301258,-0.343996365,91.73725431
1461,10082.90667,244.6761001,1.731141006,0.051739919,91.43932893
1462,10087.5232,245.7195594,1.511087822,-0.035053522,91.28740707
1463,10083.847,246.4309024,1.308407465,0.148508937,90.9558132
1464,10084.71946,244.5696462,2.252781992,-0.336313457,91.67918246
1465,10090.07869,246.5338139,1.552835191,-0.290057805,92.05202022
1466,10094.99032,244.8239857,1.502799837,0.002635845,90.91099895
1467,10088.1105,245.1414587,1.578576904,-0.418117576,91.7107189
1468,10079.64545,246.1076119,1.496436682,0.005584069,91.85306895
1469,10087.32704,244.867748,1.559737878,0.207248689,91.2072904
1470,10090.55784,245.5248018,1.783953028,0.711537576,92.40256457
1471,10080.98796,245.130384,1.494208694,0.341565033,91.48787989
1472,10082.82059,245.5341126,1.280333074,0.452722141,91.61918358
1473,10083.00956,242.9855133,1.475520733,0.658661756,91.57808754
1474,10078.44877,243.4999318,1.411173587,0.063808761,90.76207807
1475,10085.04358,245.91081,1.786277788,0.347250414,92.14041956
1476,10080.61817,246.2991357,1.734411866,1.167611094,91.14669879
1477,10082.73318,244.3204741,1.521632376,0.459066794,91.49445011
1478,10075.6026,244.9578465,1.245568948,0.86011434,91.8996318
1479,10077.24932,245.4694273,1.25857286,0.856215501,92.31918387
1480,10082.43711,245.8426889,1.510451522,0.165058701,91.03653799
1481,10076.34176,243.0984975,1.579598197,0.742487672,91.34087667
1482,10086.21364,244.2187874,1.443534684,0.733634839,92.2427857
1483,10074.94578,244.7528592,1.429754578,0.828244339,91.77073609
1484,10077.42483,245.7711554,1.415743176,0.542012783,91.86161371
1485,10080.31417,247.5509951,1.539302759,0.471469127,90.98745844
1486,10067.90164,244.8110871,1.078247417,0.701314598,91.31026451
1487,10065.52417,243.620628,1.346465667,0.851592068,91.40264655
1488,10066.02725,245.420375,1.454334875,1.272446092,91.04416322
1489,10079.2884,246.3315969,1.835310154,1.497339,90.62222481
1490,10069.52884,245.1131051,1.446126522,1.405463238,91.19051342
1491,10084.38456,244.0949302,1.661040187,1.277989809,92.1090153
1492,10068.07059,245.9580597,1.687249855,0.751164656,91.44742324
1493,10071.10576,245.6640984,1.919414313,0.961383222,92.0908055
1494,10077.17771,243.9769586,1.931086445,1.177639657,91.47885367
1495,10078.77484,245.3889505,1.686613728,0.954536776,90.99253358
1496,10078.32223,246.0112727,1.623315288,1.346007065,91.99910369
1497,10073.32008,246.2043739,1.606647352,1.416512601,91.45172797
1498,10071.65537,244.9665024,1.712854395,1.387694938,91.81162048
1499,10068.74784,244.6873263,1.696510643,1.559685408,90.78154007
1500,10068.92059,246.2871157,1.916834664,1.004977923,91.81995383
1501,10061.50993,243.8660935,1.91344764,1.579265525,91.81976178
1502,10059.40551,245.5332148,1.971448856,1.112615518,91.41481366
1503,10062.70393,243.7449525,2.129015504,1.059731518,90.85095498
1504,10061.0879,246.202653,2.274109768,1.521142574,91.21577212
1505,10058.88452,244.9034738,1.951091914,1.744539967,91.52865873
1506,10063.83831,246.4562805,2.170859844,1.543210402,91.32441249
1507,10064.33258,245.7072128,1.905565465,1.41881899,91.49166247
1508,10059.19181,244.0225962,2.237889553,1.520124132,91.68111856
1509,10065.32528,246.7023622,2.238178423,1.481221987,90.83452928
1510,10051.41124,246.8627866,2.252483543,1.114428404,90.56485593
1511,10055.32773,246.22951,2.0944111,1.090040495,91.10715123
1512,10051.88264,244.6231788,1.966533328,1.448475196,90.94446335
1513,10045.29923,245.118142,1.845656643,1.504051621,91.48556151
1514,10053.37822,245.6108027,2.140600917,1.490133908,90.53858321
1515,10052.33721,244.8046984,2.478885452,1.694866343,91.56910987
1516,10059.66223,247.2455853,2.13355793,1.431351777,91.71870562
1517,10054.39286,245.7441737,2.375307479,1.667501184,91.02492849
1518,10045.25656,242.9448677,2.409282102,1.456495392,91.03791804
1519,10058.78162,246.0376808,2.205363133,2.046793321,90.60644994
1520,10054.74504,245.4019974,2.546322786,1.522564254,90.70146693
1521,10050.6742,245.7287579,1.721567624,2.197783009,90.75110595
1522,10045.75036,245.4902733,2.078237579,1.597039885,91.65912571
1523,10041.19997,246.7228036,2.158342237,1.421861245,90.8840079
1524,10043.24591,247.0939431,2.19535326,1.209320725,90.24105244
1525,10049.65596,246.317417,2.443478368,1.038148127,91.01192151
1526,10052.736,245.7567473,2.450222484,1.164117782,91.27940639
1527,10050.1258,246.1179774,2.486021851,1.186889046,90.83548601
1528,10039.05761,246.2437066,2.540431,1.55713182,91.56464396
1529,10034.9919,245.4879796,2.244131936,1.267456357,91.20055412
1530,10040.37849,246.9371248,2.202370628,1.46672156,90.26891678
1531,10029.91196,246.8874816,2.536007987,1.779304945,90.49936676
1532,10039.44622,248.0385527,2.340294223,1.351181777,90.86972081
1533,10036.16481,247.8255341,2.160676608,1.982844459,89.9049619
1534,10033.6414,245.9579541,2.67628477,0.986704226,90.88760993
1535,10027.06322,247.5387146,2.767075803,1.273417114,89.81994345
1536,10036.66639,245.8435626,2.804307223,1.134756316,91.19368442
1537,10030.49312,247.5678301,2.533864282,1.554293382,91.11676937
1538,10026.36197,246.433917,2.623995951,0.577049197,90.89662173
1539,10016.90195,246.0071308,2.773883207,0.790573381,90.28732596
1540,10030.17426,247.3914701,2.371476921,1.164724128,90.69133813
1541,10038.21864,244.5190538,2.720496993,1.634684544,90.33045892
1542,10036.70629,245.5259639,2.550796436,1.208314566,90.05259226
1543,10025.15429,247.1838554,2.674576217,0.705362138,90.37942382
1544,10023.46573,247.5292523,2.52393986,0.720941086,90.87866865
1545,10027.85505,247.1639763,2.739643418,1.550280656,90.53213058
1546,10019.55108,246.0413299,2.517566918,0.829392512,91.21621503
1547,10025.08134,246.8912971,2.167354534,0.699279055,90.85433783
1548,10026.4298,248.1897373,2.744663719,1.390931065,90.78133332
1549,10027.75882,248.4705294,2.253764831,1.215746746,89.62801979
1550,10020.14598,247.9635887,2.681767262,1.25851277,90.2703557
1551,10018.64891,249.2285177,2.39991402,0.554370939,89.86115937
1552,10014.29593,248.5617244,2.63892708,0.344185049,90.28221541
1553,10013.56814,247.5102495,2.615431791,0.803278435,90.00741269
1554,10015.58507,248.0712777,2.458288855,0.82479113,90.14554678
1555,10017.56754,247.0436474,2.45681906,0.793906855,90.84519569
1556,10019.31032,248.4337298,2.42160186,1.087638491,90.53247289
1557,10009.73671,249.7499079,1.915432811,0.083130458,90.77860926
1558,10020.22488,249.4195807,2.322190103,0.819703482,89.4548871
1559,10010.41337,250.2332896,2.054891366,0.190836256,90.2643671
1560,10010.66853,248.6258521,2.291226657,0.734105363,90.6988598
1561,10006.04461,250.3727227,2.006643406,0.292029138,90.94876127
1562,9996.663786,248.9315935,1.975896257,0.147064959,89.40165556
1563,10012.20866,250.6951078,2.51099617,0.164673929,89.98002681
1564,10010.47532,249.3006015,2.380546448,-0.129962933,90.65293526
1565,10004.38644,250.1288961,2.142059597,0.271650868,90.01972248
1566,10005.12944,250.9962149,2.155715843,-0.016711324,89.64068092
1567,10006.37511,249.4273043,2.044756063,0.406355102,89.30090871
1568,9994.983233,249.9389021,2.1836559,0.317703988,89.58156848
1569,9999.150967,251.1092694,1.909636942,0.587242702,89.19147377
1570,10004.76764,249.7873675,2.218650963,0.145729542,90.0451566
1571,9993.52488,248.699475,1.94429089,0.147038093,90.44408163
1572,10000.26415,252.2633627,1.885956933,0.36587642,89.34543974
1573,9991.013596,249.7505315,1.949362179,-0.287391884,90.08479497
1574,9999.129025,250.4789042,1.802020875,-0.590420914,90.35857301
1575,9995.619357,251.5758789,1.961416709,-0.128636068,89.91459713
1576,9986.723016,249.9109346,1.763898465,-0.660005377,89.09062635
1577,9999.624002,249.610909,1.941087952,0.458625094,90.06911188
1578,9989.129598,250.9716151,2.066978251,0.11500159,89.82872764
1579,9987.754263,249.0236151,1.656746783,0.283743073,89.75785819
1580,9991.812161,250.6272726,1.751828574,-0.390188782,89.54276768
1581,9995.55721,251.2583384,1.848097379,-0.286855843,89.83967418
1582,9983.740642,250.8410635,1.647157631,-0.632568801,90.03130397
1583,9988.134995,249.6648358,1.806355119,-0.272101761,90.95185598
1584,9988.978741,252.8992528,1.804448806,-0.943411952,89.7928592
1585,9989.309565,251.504879,1.890665835,-1.382925896,90.47245132
1586,9985.737039,252.9281985,1.534274712,-0.897902119,89.87597418
1587,9982.032002,251.3321168,1.449238054,-1.137427395,89.62757865
1588,9978.743112,250.806611,1.559503334,-0.296873091,89.73189503
1589,9982.327417,252.0495991,1.411641309,-0.234347458,89.02706576
1590,9975.553447,251.6577142,1.703251197,-1.238027907,89.77121297
1591,9965.326743,250.7880736,1.344184984,-0.466997614,88.60263737
1592,9981.137654,253.5271667,2.030380657,-0.605690909,89.14776392
1593,9982.497993,251.5258367,1.811295404,-1.397831582,89.61448793
1594,9965.189323,250.3977059,1.544076936,-1.078936862,90.13707084
1595,9970.983298,253.6551084,1.705638488,-1.169998139,90.23595122
1596,9978.158085,251.9106837,1.196566381,-0.804746536,89.38297299
1597,9984.382648,251.8942313,2.02155852,-1.430048933,89.55976207
1598,9973.234586,250.8227402,1.39300557,-1.122391685,89.95479358
1599,9968.528737,254.4141067,1.482335773,-1.328841636,88.77862824
1600,9970.295186,251.4676528,1.131869016,-1.010379637,89.62656712
1601,9977.127846,252.8984483,1.598175654,-1.245703243,88.99112285
1602,9966.070414,253.8343485,1.278759325,-1.368460467,89.30009218
1603,9964.354115,253.4240059,1.520718943,-1.298009834,89.13748988
1604,9964.989363,253.0219945,1.393141308,-0.648231581,89.56574068
1605,9961.692703,251.4581102,1.289300561,-1.408004837,89.60433876
1606,9966.132317,252.4269146,1.34806782,-1.617972472,89.75591865
1607,9972.705425,253.5000086,1.559415894,-1.15220178,89.46574007
1608,9965.264038,252.5992781,1.264492361,-1.390655777,89.35879972
1609,9961.457119,253.662701,1.378758263,-1.791322334,90.18138962
1610,9960.333802,254.2125907,1.670083769,-0.715227047,88.47367763
1611,9953.054697,254.5634436,2.067989749,-1.50709731,90.06521795
1612,9964.367906,252.4434144,1.654207249,-1.530131017,89.05413619
1613,9958.648882,255.9334252,1.387535914,-1.382961132,89.46620715
1614,9957.225475,254.5699491,1.510936473,-0.92473054,88.99972765
1615,9973.187406,253.8649253,1.605087057,-1.95924371,88.79316655
1616,9957.813905,255.0187991,1.544297082,-1.382769209,89.3686914
1617,9951.663824,256.3557218,1.811170866,-0.848309258,89.62951975
1618,9952.398089,252.6110493,1.6913545,-1.443471302,89.32710152
1619,9959.38375,253.8823422,1.847611018,-1.858955319,88.80177253
1620,9953.324153,251.7853658,1.622167245,-1.678799981,90.86083106
1621,9944.687416,254.410976,1.969958705,-1.434798114,89.63686295
1622,9955.600767,254.6365585,1.692101902,-1.09985657,89.48676359
1623,9946.794617,254.2831336,1.552387762,-1.601784283,88.82622464
1624,9958.637529,253.7171646,2.203949833,-1.251523892,88.67283791
1625,9953.812056,252.3698376,1.425928893,-1.928316515,88.82831677
1626,9945.32114,254.838772,1.666137963,-1.927659979,89.49185826
1627,9953.114009,255.964773,1.711906593,-1.634878286,88.43887638
1628,9946.204712,253.9606166,2.362806507,-1.052782142,88.38320677
1629,9949.291223,255.0321709,2.246697184,-1.456345373,89.17032087
1630,9946.618437,253.0626058,2.208577816,-1.381552206,89.04349368
1631,9939.135988,255.1247501,1.868352709,-1.375237938,88.48219865
1632,9939.328683,254.3090747,2.44457605,-1.114752977,88.30532686
1633,9946.880643,253.973078,2.057968486,-1.618132469,89.55356528
1634,9939.247196,254.0062772,2.204747642,-1.214840155,88.99692367
1635,9938.098972,254.4022676,2.070207694,-1.655570816,88.12057636
1636,9934.543731,255.2056325,2.0492633,-0.795038969,88.13957411
1637,9940.645537,253.5364268,2.033541015,-1.612601921,88.58979485
1638,9948.054511,254.4749261,2.066499188,-1.618430061,89.12125864
1639,9931.624793,254.8520723,2.254384943,-1.168822756,89.03675355
1640,9936.310429,253.8140502,2.230054351,-1.288597339,89.2896259
1641,9942.48369,256.7273347,2.173856441,-1.192107123,87.96327684
1642,9934.264093,254.092782,2.505141555,-1.198436624,88.80516935
1643,9936.170406,254.2904701,1.632464197,-1.569076457,89.39112611
1644,9927.849435,253.9932446,2.349805896,-0.732161474,89.32962892
1645,9934.562478,256.7796897,2.412770382,-0.921222377,88.82787384
1646,9930.751519,255.5417795,2.519336491,-0.753645663,89.80775406
1647,9935.889019,254.0579514,2.296966198,-1.290830405,88.92384993
1648,9936.177332,256.1044464,2.370746378,-0.977355544,89.12618135
1649,9942.475228,255.2005857,2.544751185,-1.01209153,88.61277216
1650,9931.719632,255.2568127,2.66332521,-0.700926643,88.18594167
1651,9929.751621,254.6527546,2.321602614,-0.658343029,88.12484819
1652,9928.402922,254.2434896,2.450768774,-0.914686558,88.63942762
1653,9924.980787,255.3243483,2.747758989,-1.393296192,88.42918137
1654,9927.761981,254.433177,2.000879463,-0.368477284,87.6370984
1655,9923.922891,256.7847106,2.300259051,-0.69923254,87.99510117
1656,9925.579999,253.6863676,2.742910033,-1.011433435,88.3355521
1657,9930.671005,256.477537,2.678607548,-0.669067278,88.84530003
1658,9918.403218,254.8138064,2.573796157,-1.205773707,88.46068168
1659,9928.495894,255.205986,2.38762185,-0.396578295,88.41989792
1660,9928.750367,255.7198703,2.307818531,-1.114644493,87.94983953
1661,9920.950524,254.234321,2.371569909,-0.699022165,88.44240037
1662,9910.315512,255.7047306,2.803821202,-0.518356879,89.07804624
1663,9917.277504,252.1069142,2.371702253,-0.238430212,88.48411983
1664,9926.201382,254.0665186,2.519603399,-0.476012597,87.6406714
1665,9919.009893,253.8325809,2.349257255,-0.274923869,87.75672327
1666,9913.543634,253.4713706,2.667983832,-0.430880694,88.66519734
1667,9915.440328,254.4762649,2.389865699,-0.388724139,88.24712631
1668,9921.599564,255.0414364,2.475030338,-0.309721774,88.31063915
1669,9919.570653,255.3209508,2.153574735,-0.348077115,88.03037261
1670,9915.091162,254.8199248,2.162054188,-0.753063398,88.57742255
1671,9913.908909,253.8722802,2.47952758,-0.433099593,88.16440176
1672,9913.249875,254.8641006,2.205031883,-0.084497983,88.2108667
1673,9910.070728,254.5746824,2.881976101,-0.187852501,87.86804388
1674,9922.242303,255.3399853,2.038397453,-0.114942891,88.74415413
1675,9912.04505,255.1326367,2.279283797,-0.120228859,88.16256666
1676,9919.242308,254.3362051,2.430177744,-0.237303969,88.56707048
1677,9920.271643,253.3567821,2.340262825,-0.081175579,87.65650547
1678,9917.173898,253.5476899,2.177879154,0.019623373,89.11058843
1679,9909.550304,253.5957754,2.191544948,0.158033977,88.87285513
1680,9913.261947,253.7735649,2.168464345,0.319181845,87.2699671
1681,9910.666085,254.2985128,2.291799168,0.191499523,87.81477253
1682,9905.821242,254.6856556,2.721204995,-0.018956779,88.44561223
1683,9911.523202,253.8577933,2.32725543,-0.085470553,87.53816379
1684,9903.576871,253.8619041,2.528317855,1.156898947,88.12364435
1685,9914.990183,253.9244146,2.372473621,0.082097125,88.39435161
1686,9906.317511,253.1990196,2.472513871,0.308449074,88.08044899
1687,9909.244343,252.7218633,1.667787347,0.661714004,88.43419024
1688,9909.262107,251.8226895,2.144358087,0.656993517,87.8102484
1689,9906.167482,252.8124187,2.443633243,0.746622638,87.02714936
1690,9910.021068,253.9087512,2.04436004,0.498644118,88.63280963
1691,9904.347964,252.6593578,2.487306198,0.743554699,88.62235697
1692,9910.72318,253.0497807,2.407356998,0.730313672,89.37915219
1693,9899.290369,253.6780227,1.992243837,0.657553786,87.0168121
1694,9906.315138,253.6549999,1.960713158,0.86342272,88.48908086
1695,9915.050289,251.9762429,1.833747243,1.144305295,87.12277181
1696,9900.035856,253.9730781,1.885580963,0.858186528,88.97899689
1697,9901.340152,254.0224216,1.739984651,0.896555109,88.33851095
1698,9906.999307,251.6831163,2.04730109,1.25722919,87.61263094
1699,9905.038125,251.9058989,1.645462079,1.259907571,88.47291557
1700,9905.613401,253.8365041,2.032708793,1.480524696,87.80068251
1701,9906.035835,252.4131795,2.01308879,0.511414252,88.22200603
1702,9906.502795,250.2538506,1.53102429,1.341824251,88.16956412
1703,9908.626643,250.9865532,2.149362777,1.281804496,88.93364695
1704,9904.885886,252.0485168,1.918656219,0.865685627,88.9641988
1705,9901.398869,251.0455764,1.942869337,1.235890418,87.75347045
1706,9905.746129,251.7050444,1.618709633,1.503738969,88.57671803
1707,9911.670536,252.0598662,1.873005211,0.966573688,88.2208426
1708,9901.305606,253.3979154,1.952523337,1.373915307,87.33303446
1709,9896.903579,251.5526235,1.686919973,1.527260946,87.68741033
1710,9907.128903,252.8222986,2.087156394,0.968118055,89.19994304
1711,9900.818708,253.0844965,1.676497985,1.269146903,88.20733947
1712,9890.394238,252.9953633,1.877585989,1.423351249,88.5250415
1713,9905.34154,251.750501,1.690650606,1.114249746,87.91606648
1714,9898.284527,249.4065639,1.732692853,1.108154009,87.74925239
1715,9900.375141,251.7342365,1.265822624,1.348962743,88.03018839
1716,9902.364265,252.2248608,1.659799924,1.646293759,87.88103524
1717,9901.543348,250.9979726,1.425130067,1.613982637,87.26519053
1718,9904.034536,252.7257707,1.390450802,1.176220531,87.5080828
1719,9898.216223,251.742775,1.897256919,1.642785545,88.36181535
1720,9902.875522,251.3526164,1.495516727,1.207541753,87.81585452
1721,9898.938568,251.7718115,1.328598987,0.985148859,88.01757846
1722,9903.866637,250.9196142,1.44959821,1.366611559,88.12091322
1723,9903.195689,247.994013,1.254695863,1.820871295,88.15890205
1724,9895.397912,249.8880689,1.796136957,1.686659019,88.57479165
1725,9905.471263,251.4846054,1.366024414,1.493948899,87.45147915
1726,9897.337778,249.3799606,1.60805789,1.372613506,88.28547827
1727,9904.044125,249.864119,1.771700832,1.382553458,88.37759063
1728,9901.836513,248.9427596,1.39997908,1.532625086,88.49292743
1729,9909.197236,251.671528,1.607193946,1.178615995,87.29366755
1730,9898.905227,251.4691523,1.296799857,1.392523532,88.12786075
1731,9898.30221,248.8039303,1.99524129,1.428746233,88.85901386
1732,9899.987928,249.7353614,1.697868235,1.083212094,87.95214027
1733,9898.615351,248.8079983,1.477799017,1.230777737,88.24437236
1734,9904.18717,250.0040706,1.368690602,1.59790805,88.39394701
1735,9892.172099,249.799687,1.50858669,1.468726183,87.49233813
1736,9895.061407,250.0028714,1.472689199,1.363041526,88.92350874
1737,9895.076937,249.4245697,1.941722844,1.17072926,88.25806944
1738,9905.263581,251.9299058,1.317596909,1.904400222,88.26999228
1739,9909.17115,247.8688264,1.602327071,1.165851179,87.18134798
1740,9900.211816,247.0888387,1.585423468,1.47734703,88.41195364
1741,9900.015858,248.3095239,1.580360375,1.238871118,88.27040451
1742,9901.346046,247.0383168,1.597860645,1.378231674,88.83201137
1743,9906.950896,247.0180912,1.613062197,1.485516329,87.86719749
1744,9896.660344,247.414083,1.828491075,0.916828631,87.53211303
1745,9902.65443,247.3986868,1.794141378,1.304397911,87.68813219
1746,9906.513901,247.2724073,1.775412407,1.640902899,87.78026915
1747,9904.328549,248.6521031,1.104888572,1.788281163,87.4770383
1748,9902.965969,247.5353003,1.792422413,1.195838931,88.68544122
1749,9907.228072,247.7703634,1.422781262,1.221248738,88.70830576
1750,9888.921238,248.7533194,1.905233962,1.844957749,87.95085214
1751,9906.05109,247.0028291,2.093490156,1.493785267,87.85685432
1752,9899.625384,247.415563,1.636467032,0.938834855,87.15017428
1753,9893.986356,247.9577541,1.792928501,0.90802589,88.41077104
1754,9905.948978,245.5632747,1.749370004,1.34940219,88.89457935
1755,9910.524363,245.0337834,2.140610829,0.726886516,87.75452404
1756,9903.241567,247.6796851,1.937079513,1.323348875,88.02018392
1757,9908.975529,247.7415275,2.288494047,1.063256774,88.30136885
1758,9912.564472,249.230779,2.050476145,1.083352343,88.9522708
1759,9911.379128,247.2428326,2.041193145,0.815250133,88.19597923
1760,9913.315373,247.8238225,2.031340508,0.666754009,88.20002596
1761,9909.14667,246.7291534,2.206249375,1.256960403,88.19837991
1762,9906.14314,247.1436267,1.719958914,0.706266002,87.40280318
1763,9898.095505,248.4366912,2.109241439,0.618229089,87.39871136
1764,9905.223773,244.5697685,2.102609469,0.678023609,87.72508413
1765,9902.595959,247.0330271,2.285857147,0.719894676,88.64268913
1766,9918.034331,248.6819992,2.127035824,0.312068061,87.97591381
1767,9906.676895,246.7568297,1.980220667,0.410622571,87.88632445
1768,9908.558299,248.0551616,2.212359277,0.35292078,87.8852582
1769,9911.094859,245.7066077,2.016715511,0.749676417,88.0979202
1770,9908.959767,246.2364691,1.870042561,0.187619028,89.02588907
1771,9917.630459,246.2362307,2.421693283,-0.116415122,88.10750538
1772,9906.46449,243.9208231,2.412564356,-0.223274953,87.79840604
1773,9910.98235,244.9074892,2.409911759,-0.118052587,88.21280906
1774,9906.737534,244.9176144,2.596029715,0.687440218,89.08653954
1775,9904.299303,246.7769722,2.220549677,0.239506978,87.96657596
1776,9908.29901,246.7690939,2.084561545,0.340474802,87.6366546
1777,9911.639975,246.164653,2.373079969,0.306330394,87.98600754
1778,9910.154768,246.610059,2.332919902,0.117392415,88.31040746
1779,9909.324065,245.5688317,2.248289016,0.033165538,88.59984388
1780,9906.248195,246.8836446,2.414064872,0.323970507,88.76903743
1781,9913.366538,245.6409605,2.319925355,0.009414453,87.75278268
1782,9906.76937,245.6422422,2.086151623,0.340378966,87.81043676
1783,9918.612728,245.2727579,2.375090491,0.06200416,88.13461783
1784,9915.752641,246.1785579,2.244865872,-0.35436644,88.64905537
1785,9908.589146,245.0304678,2.52610549,-0.362798385,87.68753412
1786,9914.875731,246.3874765,2.355004705,-0.476335963,88.02477208
1787,9913.214225,244.24011,2.713758455,0.062961812,88.04312828
1788,9919.132413,244.236408,2.816197554,-0.467751901,88.82160524
1789,9924.808572,245.9876818,2.634054492,-0.629400886,88.62625678
1790,9909.308426,245.1785216,2.189481672,-0.33719722,88.82554496
1791,9919.84552,244.7818782,2.800985842,-0.505162561,89.05474677
1792,9919.063898,246.0964367,2.81410086,-0.430095293,88.2444662
1793,9923.823449,244.5716444,2.500477868,0.006491491,87.8156319
1794,9922.142872,244.9531598,2.757826453,-0.328013902,87.83105597
1795,9917.935074,246.5289828,2.378194802,-0.63477274,87.51484464
1796,9920.725514,246.647239,2.109348181,-1.105765139,88.21703226
1797,9918.974285,246.6607934,2.323401777,-0.872974223,88.26697698
1798,9928.975785,244.7885325,2.812991735,-0.548768354,88.86569169
1799,9924.351283,246.2855959,2.159420889,-1.151805386,88.4933516
1800,9934.407229,244.0921529,2.446902588,-0.195892484,88.25286128
1801,9925.262032,244.1223991,2.442071305,-0.870794795,88.45330736
1802,9922.694806,242.6690306,2.319803993,-0.896613888,88.00525006
1803,9919.347148,246.6845312,2.31979506,-1.146590525,89.05101769
1804,9918.58621,244.141855,2.408028709,-0.832052329,88.1590804
1805,9920.374658,244.8754717,2.265242174,-1.362067986,87.99594111
1806,9930.331569,244.0898485,2.076414714,-0.397880324,88.9888597
1807,9932.24726,245.6955066,2.386082694,-0.683880823,88.88115481
1808,9922.51241,244.6268759,2.539142002,-0.814564289,87.74652459
1809,9935.615242,243.7018598,2.478964566,-1.55675014,89.05030183
1810,9929.453318,245.4545037,2.12292188,-1.106740091,88.26657615
1811,9933.337974,243.5872704,2.013730278,-0.833329337,88.46502792
1812,9941.407238,244.1937454,2.185585369,-1.044738452,88.76043275
1813,9938.579122,242.9364003,2.533822401,-1.548817299,88.97521095
1814,9933.507653,243.6334521,2.326674323,-1.467603907,88.91974572
1815,9931.156241,245.2520373,2.315144467,-1.431402603,88.68733489
1816,9925.62146,243.1270404,2.328683958,-1.498932941,88.51528908
1817,9933.559468,243.6304624,2.210850214,-0.880161746,88.94921503
1818,9936.880564,245.1312261,2.126486268,-1.934788319,88.69953039
1819,9933.787505,244.6139216,2.210237737,-1.180175072,89.67714528
1820,9938.860433,247.1754355,1.943760535,-1.7818691,89.08353886
1821,9940.700341,247.0450924,1.745186095,-1.698526142,88.34461381
1822,9939.997133,244.3729858,2.147692844,-2.027774273,88.58362828
1823,9938.682619,245.8296618,2.225648106,-1.602991886,88.86274873
1824,9943.592932,246.0553137,1.729515862,-0.997183005,89.50470878
1825,9945.782113,244.7439367,2.092725381,-1.381776907,89.5770007
1826,9938.948808,243.8831218,2.239852173,-1.83023932,88.68994871
1827,9952.289419,245.4054612,1.878848437,-1.173769671,88.43787804
1828,9945.581247,245.2858431,1.69159758,-1.116374889,88.39073493
1829,9947.013258,245.0656698,1.856064022,-1.46006733,89.06459458
1830,9951.310213,245.9882961,1.698037025,-0.88502958,90.10727498
1831,9949.790576,244.8415762,1.661960868,-1.251812335,89.24203695
1832,9954.250669,244.4883977,1.849643396,-1.294964713,88.19274346
1833,9951.78615,245.7993115,1.420552741,-1.740903287,88.64400853
1834,9948.15885,246.1277558,1.431451523,-1.310449539,88.71246364
1835,9953.90394,244.6184012,1.703733416,-1.431062411,88.63092719
1836,9947.257967,246.778079,1.67580162,-1.336235414,88.86558505
1837,9954.404275,244.1361095,1.730161507,-1.692301256,89.26192696
1838,9954.584819,245.3867168,2.01852913,-1.441899227,89.43600996
1839,9954.604401,245.7666752,1.647311424,-1.717458469,89.65878145
1840,9955.90075,245.4499037,1.729901395,-2.107285715,89.39297004
1841,9948.036991,245.5840761,1.399992856,-1.153084048,88.1718496
1842,9955.609665,248.0847605,1.734531495,-1.891414227,88.63841349
1843,9959.728732,245.4288658,1.46255773,-1.395367176,89.10624312
1844,9960.97908,248.7885236,1.570092195,-1.313163385,89.2772359
1845,9955.960696,246.8534417,1.523120678,-1.299364365,89.65269062
1846,9968.350775,246.5788164,1.741705161,-1.465268732,89.2620368
1847,9958.618322,247.0348533,1.264496897,-1.280751091,89.28433756
1848,9968.727149,249.1617689,1.062409897,-1.201368125,89.39649594
1849,9966.950113,245.7128235,1.470138607,-1.101504211,89.16877196
1850,9962.520802,245.6618914,1.601516603,-0.78010696,89.35848133
1851,9975.569714,246.104623,1.53447965,-1.206856784,89.89677929
1852,9961.669528,246.9700683,1.747921722,-1.233726726,89.31079879
1853,9973.181271,245.2918148,1.587656548,-1.499658857,89.35660365
1854,9974.539342,247.1207788,1.38736277,-1.070450264,89.37393591
1855,9967.137306,248.874001,1.036248237,-0.973532195,90.05869504
1856,9978.40966,247.4150033,1.456316063,-1.202894753,88.87492001
1857,9971.156884,247.0551471,1.713056847,-0.952246111,90.33606577
1858,9974.813126,246.8149695,1.433973107,-1.172806795,88.87920223
1859,9975.636472,248.4179658,1.524183124,-0.852199741,89.15958712
1860,9974.63109,246.7809376,1.61013098,-0.747214366,89.87842181
1861,9980.326916,249.5414399,1.331325419,-0.717985397,90.04061584
1862,9981.212932,249.7175993,1.668719835,-0.917910407,88.84316026
1863,9969.477717,248.1310721,1.882325357,-1.230086224,89.01805662
1864,9985.719146,247.9537383,1.532279187,-1.065675545,89.72287029
1865,9971.864132,249.0876591,1.354052501,-0.66676645,90.77574152
1866,9986.320452,249.2443209,1.580618827,-0.073121248,90.24628581
1867,9987.77426,247.4367939,1.164150797,-0.87170553,89.51876617
1868,9977.670702,247.8101966,1.692474086,-0.593769866,88.45294612
1869,9982.05795,247.1090357,1.732551195,-0.857711387,89.7230618
1870,9979.571574,248.9357069,1.995121036,-0.942838425,89.88315035
1871,9985.015058,249.289118,1.639942116,-0.812710222,89.53044569
1872,9985.540449,247.3689636,1.779988419,-1.193175415,89.31625041
1873,9991.971172,248.3606019,1.546338122,-0.12051011,89.84104001
1874,9995.617854,247.5659321,1.668318074,-1.153212661,89.31019561
1875,9997.039264,248.1122062,1.456225022,-0.520519287,90.73744124
1876,9988.245534,249.6602386,1.744559517,-0.751609215,90.57949988
1877,9991.006688,248.4743113,1.745252036,-0.619926612,90.17001226
1878,9984.632824,249.0058561,1.889434359,0.102221676,89.90585559
1879,9990.018578,247.7785363,1.728581495,-0.206257958,89.55087651
1880,9999.870694,249.6922419,1.894043077,-0.511799934,89.89053513
1881,10004.12335,249.5605799,1.835077634,-0.35443931,90.74055735
1882,9990.873094,248.9756536,1.860078969,-0.362471806,90.37522379
1883,9995.082211,249.6154763,1.967260529,-0.101014875,90.06273679
1884,9998.912394,250.0847415,1.984223873,0.008871748,90.44287561
1885,10001.44521,249.1895726,2.153345003,0.570670784,90.27369349
1886,9996.996371,248.6281706,2.001969724,-0.527899566,90.21902655
1887,10004.16457,252.0099583,1.981044164,0.081496992,90.53116694
1888,10000.67474,249.67098,2.039655122,0.042137661,90.31939257
1889,10003.97104,250.3072398,1.957489662,0.465516691,90.51014184
1890,10007.77369,251.5144252,2.052795138,0.332578348,90.1815389
1891,10006.07284,254.1320248,2.555052092,0.447618851,89.99375165
1892,10004.85665,249.4576262,1.989955616,0.418169879,89.86669022
1893,10007.48769,251.250802,2.139999982,0.078897361,89.82705989
1894,10008.59027,250.1919643,2.14098417,0.765402403,89.37805642
1895,10008.17747,250.4589082,2.191252144,0.684740487,89.74458056
1896,10009.72799,250.3752694,2.196041577,0.762613575,89.7500126
1897,10020.00854,250.0671712,2.339084845,0.909496184,89.98663356
1898,10015.81204,251.2484024,1.961441245,0.697432941,91.04127103
1899,10012.52088,249.9115429,2.530391468,1.057762532,90.20118469
1900,10018.47249,252.4286505,2.468147417,0.767539004,90.42063786
1901,10014.30656,251.6320505,2.110876325,0.628723101,90.45617302
1902,10022.82762,252.0940563,1.922556532,0.732028099,91.13303048
1903,10019.79486,251.299338,2.196938169,0.765764177,90.07114019
1904,10018.39299,251.4915217,2.358819239,0.655312373,90.26732889
1905,10022.14904,252.2387451,2.937392676,1.338178924,90.34510939
1906,10013.03504,250.8788057,2.542914338,0.974219686,90.98605583
1907,10016.23246,251.7757239,2.084588232,0.949674688,91.1093788
1908,10016.87136,251.3641053,2.318903245,1.072828424,90.69411168
1909,10024.52811,251.4222651,2.455778195,1.884534858,91.09272259
1910,10033.446,250.2911857,2.52557792,0.684402148,90.58449891
1911,10036.90747,253.8275801,2.219125109,0.802827295,90.42871774
1912,10029.9062,251.8879491,2.461105571,0.673636353,91.12368084
1913,10030.18246,253.8230685,2.34938452,1.048517743,90.79737365
1914,10019.63248,253.8126255,2.275737341,1.221436512,90.20499013
1915,10026.88107,251.5408767,2.550743925,1.036634762,91.09059931
1916,10026.60923,251.8203777,2.654689171,1.041705488,90.50671672
1917,10028.39457,255.5500409,2.667961408,1.272653817,90.46456437
1918,10031.60559,254.8200172,2.613220716,1.104501983,91.09542841
1919,10031.03012,253.1158984,2.396214234,1.372259516,90.62339536
1920,10024.43499,253.4818568,2.634703825,1.63639831,90.88110913
1921,10039.00853,252.6694143,2.548481264,1.526986557,91.03634941
1922,10030.83923,253.8070703,2.507118834,1.608739431,90.33258731
1923,10038.32952,252.7306428,2.350451339,1.689559059,90.93509095
1924,10048.43032,251.487199,2.364692514,1.46675278,91.43593477
1925,10034.38581,252.2683172,2.468962976,1.351189199,90.30142108
1926,10027.25022,253.6798501,2.931143103,1.182723952,91.02298757
1927,10039.38657,252.595111,2.491291638,1.311391926,90.40159792
1928,10047.23224,253.7248312,2.29560299,1.284699443,91.34524767
1929,10052.42586,252.7818613,2.237115965,1.673069001,91.3586352
1930,10037.38879,253.1370395,2.289984922,1.568056157,90.69356955
1931,10046.91809,254.8338622,2.80757068,1.682185317,91.99350629
1932,10043.00166,254.2878886,2.275104322,1.132867726,91.45987699
1933,10045.68756,254.0888387,2.518286214,1.91697168,91.27781054
1934,10060.32348,255.0339228,2.242840809,1.364492175,91.26734078
1935,10040.46667,254.6903612,2.350582817,1.166377517,91.45159387
1936,10050.12517,255.7094259,2.436268705,1.367066761,90.47930833
1937,10052.06501,253.8544082,2.142418167,2.245062622,91.09183474
1938,10056.02058,253.9343117,2.10681363,1.383368659,91.20342808
1939,10051.9416,253.1107711,2.544459656,1.400556058,90.82896563
1940,10053.84683,254.0290686,2.386722448,1.4375067,91.27852917
1941,10051.198,255.4672051,2.324582075,1.446259571,91.67897194
1942,10055.34622,255.8450075,2.30013058,1.250768788,90.86912719
1943,10053.12357,255.5460923,2.210461514,1.521204864,91.06957853
1944,10058.78086,252.830528,2.49767637,1.792618425,90.70316729
1945,10054.65284,255.744948,2.078242406,1.554602915,90.23652336
1946,10059.20864,252.8585024,2.16007914,1.116028512,91.53592887
1947,10057.99334,255.6284778,1.729498459,1.333831969,91.14992616
1948,10064.5806,254.3940234,1.829694093,1.258141834,91.20279676
1949,10059.49819,255.493884,1.729540898,1.424665065,90.70171634
1950,10051.68882,253.4865286,2.199611605,1.791834086,91.11832797
1951,10067.65637,256.0158433,1.409523022,1.330695771,91.77523211
1952,10057.60474,253.4034619,1.815001092,1.330338442,91.24307868
1953,10059.64499,254.2217954,1.272415109,1.870281627,91.27286841
1954,10060.70965,253.9120132,1.680914224,1.578850059,91.37752337
1955,10071.32792,253.1737166,1.725379379,1.466028425,90.67092348
1956,10054.53868,255.0384516,2.077381738,1.857894968,91.61680119
1957,10081.66059,256.7639581,1.857070335,1.392906978,90.69183788
1958,10072.00033,257.6367361,1.589009192,0.624392295,90.86459318
1959,10068.57777,255.0769607,1.94733377,1.443438767,90.82462418
1960,10067.92189,256.1044684,1.716875515,0.68825091,91.27631476
1961,10070.3521,255.2258689,1.700707052,1.272620276,91.20226017
1962,10072.25101,255.4966471,1.433310851,0.593037572,91.39229544
1963,10073.58558,254.6576059,1.457309099,0.936249629,90.95456202
1964,10073.8446,255.1948223,1.472620612,0.935347899,91.92407919
1965,10072.21444,255.5352151,1.630166268,0.780684567,91.85234461
1966,10071.47264,254.4152686,1.620632717,0.873391261,91.36227983
1967,10072.38851,254.9102286,1.899042819,1.253261761,91.22371408
1968,10072.84856,254.9212923,1.65342826,0.693904676,91.18678325
1969,10080.1628,255.7961334,1.022155764,1.035412898,91.33480641
1970,10078.12513,253.8917178,1.604539577,0.545171202,90.80302422
1971,10061.11128,254.8922445,1.251469924,0.740260358,91.03646079
1972,10079.74103,256.8398516,1.338887105,0.855788802,91.95929063
1973,10078.07586,256.0739946,1.361425042,0.420522566,91.69294974
1974,10077.64157,256.2392379,1.384159023,0.286161546,92.3718396
1975,10076.4177,254.8926591,1.235972243,0.786826042,91.41760818
1976,10084.59818,255.1654461,1.547096196,0.935196344,91.39879581
1977,10084.32469,255.8209682,1.220870755,0.533023941,91.38779168
1978,10076.32415,256.3513436,1.572238313,0.377519766,91.44418845
1979,10082.81725,252.8099248,1.947420065,0.518923239,91.28566286
1980,10076.50909,253.4146216,1.234524771,0.445946615,91.76284158
1981,10075.04653,256.0061502,1.445114003,0.458869075,91.65344438
1982,10079.38008,254.3845813,1.000188774,-0.416126916,91.39531609
1983,10087.38643,253.9526499,1.448794911,-0.02234446,92.28706376
1984,10088.39258,253.3312601,1.642854413,0.00058948,92.62083058
1985,10086.73651,253.9896206,1.664981811,0.254961759,92.26671028
1986,10088.33227,253.0996665,1.544067309,0.220819077,91.9731979
1987,10087.81493,256.5487278,1.715366114,0.311115561,92.08556557
1988,10082.54534,254.3890121,2.056799178,0.152633415,92.64326281
1989,10088.42251,254.3055478,1.901254843,-0.359831973,92.10541755
1990,10090.76646,254.9018799,1.466598141,0.419492244,91.44269527
1991,10091.02871,255.2247278,1.294261971,0.321981807,91.94128125
1992,10093.68593,255.1551452,1.517671503,-0.481983784,92.06794939
1993,10091.75822,255.2280699,1.424926789,-0.049549856,91.26697542
1994,10090.44046,253.4671315,1.720978397,-0.372691192,91.631199
1995,10094.49162,253.7420002,1.411778761,-0.196932467,92.33301332
1996,10089.457,254.7491728,1.651641336,0.033088349,90.88004576
1997,10085.62001,253.3914341,1.8528313,0.312068069,91.17537339
1998,10089.64482,253.8508312,1.684898745,-0.145344131,91.72099961
1999,10087.15737,254.1902738,1.536321837,-0.325677624,91.9944775
2000,10087.91863,254.5107509,1.981779991,-0.559162282,91.14707428
2001,10090.97544,251.8804504,1.392886394,-0.445221894,91.77056609
2002,10088.13028,254.3039794,1.725567147,-0.134127369,92.4187318
2003,10090.9377,253.2851763,1.805759806,-0.597180329,91.88387589
2004,10083.38532,254.1546173,1.840703868,-0.890784911,92.32661232
2005,10094.28646,254.1509717,1.897457783,-1.151479075,91.56834276
2006,10093.5833,254.9074858,2.007629503,-0.551679785,91.46658693
2007,10089.83974,254.5772354,1.902929105,-0.67079475,92.30294065
2008,10097.55994,254.493275,1.861092916,-0.977470249,92.06990704
2009,10099.28066,254.5120366,1.878043888,-0.513904894,91.29905828
2010,10086.87466,253.2801808,1.862216856,-0.985514043,91.49782865
2011,10091.40898,252.940227,2.167025633,-0.935873039,92.68674273
2012,10091.67752,253.698936,1.905184436,-0.936172007,91.44818706
2013,10091.11479,253.4751464,2.22873131,-1.071313552,92.38345055
2014,10100.24318,252.3498485,2.087915449,-0.929253813,91.68282272
2015,10095.39856,252.978524,2.00439297,-0.687644448,91.92576583
2016,10095.30736,252.4523605,2.256582121,-1.407999501,92.07989503
2017,10086.86321,251.5462855,2.011334457,-0.949896172,90.88715982
2018,10100.30251,253.6024805,2.307994632,-1.075015161,91.2111497
2019,10091.16231,252.2780956,2.245984829,-1.109730242,91.99033857
2020,10097.88171,254.181592,2.106747956,-0.922462453,91.58948725
2021,10099.18263,250.4165258,2.353748231,-1.196317495,92.4542055
2022,10104.80295,251.3935569,2.378727663,-1.093038928,91.15693263
2023,10091.64966,251.8905119,2.521628705,-1.047235989,92.24650283
2024,10083.2805,252.9020485,2.503344091,-1.437056898,91.27945053
2025,10099.47176,252.0702253,2.427584272,-1.218587174,91.79499773
2026,10107.71967,251.8866488,2.122202906,-1.404995949,91.44215332
2027,10105.06657,250.353702,2.854961,-1.389784962,92.92865169
2028,10100.06498,250.2282218,2.101129947,-1.465604717,91.31058748
2029,10096.69344,251.6113112,2.587360977,-1.245436051,91.92200249
2030,10103.31225,249.8278284,2.498426695,-1.378792643,91.12211474
2031,10094.52401,250.5627077,2.190972836,-1.300185866,92.7876198
2032,10101.87868,251.497716,2.413508221,-1.437790708,92.19057908
2033,10102.11945,249.9162889,2.434089236,-1.926469041,92.06032857
2034,10104.9784,252.4054243,2.721303396,-1.447218837,92.73070346
2035,10113.55093,251.9251398,2.326721485,-1.447653733,92.06876382
2036,10101.78002,249.030638,2.425018261,-1.402702151,92.10614439
2037,10097.32844,249.5703006,2.017023669,-1.66103767,92.06332783
2038,10099.79072,248.1173073,2.836810135,-1.847663279,92.28018908
2039,10091.10856,249.5207447,2.280159525,-1.306403804,91.75285812
2040,10096.50572,250.9698548,2.562795569,-1.579286891,91.89244215
2041,10097.94823,249.6896201,2.479048777,-1.447903453,92.40506015
2042,10097.37955,250.4643197,2.480399031,-1.584437186,92.13868635
2043,10100.75712,248.3811942,2.661390765,-1.501190308,91.94278496
2044,10095.8686,250.6015483,2.831841718,-1.632180628,91.29935278
2045,10105.56121,249.148587,2.544815104,-1.78449581,92.74814622
2046,10099.92245,249.6161075,2.621223085,-1.347282382,91.66770121
2047,10099.83028,249.4114634,2.550451636,-1.664328692,92.49115423
2048,10098.18269,248.1333877,2.68143403,-1.426863054,92.08432003
2049,10100.53351,248.1526883,2.377404315,-1.34423792,91.34842589
2050,10103.80847,250.1746811,2.675950823,-1.63342675,92.61979733
2051,10095.26278,249.5073101,2.672705866,-1.807244028,92.11923898
2052,10096.21334,250.0601549,2.655720194,-0.705646684,92.65775122
2053,10097.88084,249.236948,2.294692315,-1.577907932,91.89678506
2054,10092.55572,248.9578993,2.379496876,-1.2173777,92.3377271
2055,10095.06446,246.991991,2.446467619,-0.806126393,91.10195144
2056,10096.6454,248.3512407,2.108819403,-1.13330667,91.73042225
2057,10103.25431,248.4983802,2.685428174,-1.441492213,91.34115065
2058,10100.04114,250.3836185,2.346529226,-1.351358532,91.78717476
2059,10099.53238,249.0228424,2.387438231,-1.559672015,92.20719447
2060,10102.64516,249.7779871,2.196093428,-1.022868341,91.66552335
2061,10097.52021,248.746207,2.026181892,-1.093824925,92.39606245
2062,10099.96597,247.34485,2.150085773,-1.393225501,91.53196667
2063,10097.29432,248.0815388,2.293389846,-1.525626891,92.39882687
2064,10098.92424,248.1097138,2.362268287,-1.582329669,92.6068271
2065,10094.46087,246.8442608,2.23740551,-0.861923161,92.45425635
2066,10084.94808,247.3098417,2.251344172,-1.092641227,91.77074876
2067,10096.22856,247.4001972,2.091091357,-1.034117807,90.87527222
2068,10103.76179,249.1242766,2.233847449,-1.31436908,92.22404445
2069,10101.01756,245.3516014,2.406928989,-1.474446083,91.86511223
2070,10100.94226,248.5528725,2.226809135,-0.713589954,91.43310898
2071,10102.01511,246.3260322,2.223033872,-0.955839121,91.63854955
2072,10095.98734,245.8076164,2.09505024,-0.661485699,92.62809371
2073,10096.23068,248.2776339,1.710646814,-1.013801072,91.33621183
2074,10091.84636,247.748747,1.7773472,-0.932623366,92.13284692
2075,10093.03528,248.1917179,2.052292637,-0.610370078,92.00129194
2076,10097.36606,247.6594766,1.934263323,-0.566694756,91.70705032
2077,10099.96877,248.8414515,1.999712206,-0.508461436,92.20125322
2078,10092.90485,247.2644495,2.222541402,-0.796950534,92.68816434
2079,10090.99452,246.4746851,2.008258809,-0.484047519,91.71692358
2080,10092.88216,246.9008732,2.09096604,-0.295101857,91.73599999
2081,10095.51033,247.7295771,1.83466421,-0.618118301,92.1611183
2082,10084.90054,245.6362992,1.631284515,-0.699060229,92.30151763
2083,10080.24521,245.6947863,1.758672209,-0.100025985,91.77066875
2084,10088.57057,245.9701764,1.587387136,-0.656568001,91.67377817
2085,10084.80769,244.1085035,2.038717573,-0.228361168,90.70940181
2086,10087.94946,246.2866293,1.864540091,-0.39132519,91.42079883
2087,10089.32112,244.1994273,1.790701362,-0.882526168,91.23154469
2088,10087.35464,246.0771862,1.91470783,0.052560779,92.13473014
2089,10096.43511,246.8295778,1.245259262,-1.069077091,91.66150405
2090,10090.34948,245.4291869,1.749526131,-0.792445452,91.63280425
2091,10089.75223,247.5265922,1.353317442,0.005683436,91.76046903
2092,10090.88617,244.3340484,1.598504701,0.05043447,91.32041453
2093,10081.59748,246.9325652,1.523123465,-0.254035238,92.52245642
2094,10091.99497,246.3649001,1.704357571,0.026567436,92.38508526
2095,10085.91969,243.9239125,1.605262723,-0.732210115,92.53502357
2096,10089.14138,248.3026666,1.817364424,0.284285132,92.05748808
2097,10079.91157,245.4818168,1.417806194,0.192018765,91.69067811
2098,10076.97542,244.6235496,1.671007436,0.148211506,92.50224899
2099,10088.29855,244.0512174,1.553804926,0.212814347,91.3436986
2100,10085.54761,245.1973742,1.187674304,0.399009803,91.23770679
2101,10078.6034,245.250906,1.325594058,0.286608828,91.36151745
2102,10078.20513,245.4437277,1.475153186,-0.222957362,91.91250455
2103,10087.61215,245.0079187,1.724635646,1.041833653,91.25864692
2104,10075.46125,245.9054506,1.593214428,0.786504307,91.55047966
2105,10089.03686,244.8529969,1.266510878,0.083727132,90.81554232
2106,10075.7275,243.2759677,1.472738735,0.408193573,91.84516097
2107,10082.82165,245.033791,1.906401944,0.48298817,90.83404217
2108,10077.37772,242.7898222,1.528366634,0.919018601,91.11433578
2109,10081.41997,245.4871549,1.445172602,-0.011387433,92.17666428
2110,10075.05885,244.132115,1.614724547,0.527147574,92.14574748
2111,10076.33305,245.2547619,1.676002943,0.188506806,91.73009692
2112,10076.7115,246.3874263,1.440229806,0.670371791,91.66796992
2113,10070.84821,244.1085229,1.641288677,0.652672625,91.25170305
2114,10078.90792,246.1044252,1.485453895,0.856138634,91.11762407
2115,10071.97486,244.5976593,1.706677075,0.687826663,91.30969767
2116,10072.7276,246.7741112,1.609422689,0.680258233,90.72058497
2117,10068.22115,244.6476229,1.685611195,1.126923578,91.59008214
2118,10059.6962,244.1661364,1.452141234,1.112042853,91.47457284
2119,10070.86044,245.689719,1.455470829,1.174796982,90.96960104
2120,10083.1792,244.5645409,1.825528211,0.989135529,92.20666341
2121,10074.33257,244.1587311,1.638158857,0.902574144,91.71164784
2122,10069.59963,244.5241905,1.729519189,1.069363523,91.73983961
2123,10067.6609,244.9612727,1.630525812,1.285296994,91.13583708
2124,10068.3602,246.3539059,1.891613236,0.510822192,91.36429238
2125,10070.24916,243.0854797,1.611089049,1.309950019,91.66395764
2126,10060.86844,245.052482,1.726982194,1.311245769,91.41184135
2127,10071.59638,245.6661269,1.933367018,1.262840885,92.12144588
2128,10068.84734,245.2484774,2.03338747,1.223973196,91.20351497
2129,10068.1005,246.3806773,1.717170458,0.522361211,91.03791122
2130,10065.93464,245.0142218,2.2374326,1.182507962,91.59197163
2131,10063.06665,244.9237352,1.932103809,1.87237954,90.62704778
2132,10065.55289,245.7222923,1.685155778,1.359300397,91.70592018
2133,10064.36145,245.2529006,1.992103392,1.281905344,90.57769173
2134,10058.83983,244.7887406,1.866448916,1.396589851,91.53149307
2135,10056.94362,245.7227842,2.054760581,1.514123277,90.87209585
2136,10059.51653,244.58352,1.984353876,1.620244086,91.41843697
2137,10065.94206,244.6561848,2.032775788,1.367560319,91.61761063
2138,10051.18532,244.7725746,1.860553506,1.576034098,91.22432762
2139,10049.22138,246.6887241,2.2657284,1.962583704,90.53136965
2140,10056.55531,242.1515906,1.861165399,1.771180417,90.66624248
2141,10055.15287,245.8070087,1.895081682,2.17978968,90.73363906
2142,10054.92658,245.4863199,2.214458494,1.287733116,90.13369391
2143,10054.43566,243.8136351,2.485354644,1.993349497,91.6280569
2144,10051.2506,245.8484918,2.117654668,1.257677631,91.10238594
2145,10058.9614,246.060561,2.351284908,1.603991355,90.46248257
2146,10042.64788,246.2222583,2.44814802,1.719358229,91.74088544
2147,10045.64517,243.0303479,2.418222834,1.346726319,90.64508908
2148,10048.40166,247.0998493,2.214212169,1.525343104,91.10364492
2149,10039.82738,245.0487137,2.078721373,1.769737539,90.54823111
2150,10046.28463,246.527694,1.87515592,1.279816488,89.93414793
2151,10054.58712,246.6385394,2.283040553,1.988667837,90.24337502
2152,10045.49543,245.0787489,2.589330498,1.066089886,90.68357482
2153,10045.6512,246.6755041,2.146100101,2.055659159,91.33910243
2154,10037.29912,245.6907429,2.527268401,1.765106142,91.04526553
2155,10039.61603,244.0676204,2.212521195,1.427429065,90.92405928
2156,10039.91547,247.3710454,2.438085315,1.321875898,89.83081527
2157,10039.29232,245.494083,2.571706263,1.277599194,91.45266094
2158,10046.37446,245.4819512,2.310450846,1.374713652,90.91116474
2159,10041.83605,246.0021609,2.487543219,1.385374445,90.72124315
2160,10032.56776,246.7476835,2.380390985,1.759702101,91.32871254
2161,10038.43121,246.4898062,2.613243672,1.955696753,91.36772209
2162,10038.75971,247.1681544,2.526901773,1.405652296,91.30266721
2163,10041.03564,245.3549609,2.497564928,1.071676408,90.58315465
2164,10042.30036,246.0277489,2.803143033,1.139981037,90.18621476
2165,10028.3815,246.7311151,2.62791549,1.225932267,91.16360085
2166,10028.45865,248.8232375,2.360126732,0.947830838,89.96773161
2167,10025.27777,246.8910055,2.482521936,0.87806192,91.60494161
2168,10029.44513,248.1707061,2.484763592,1.834650888,90.6263043
2169,10031.99352,247.2058707,2.5150063,1.268980286,90.06279245
2170,10033.64194,246.7666215,3.00159618,0.899879495,89.95817103
2171,10027.36618,247.0876202,2.567375166,1.365388954,89.91611621
2172,10025.18458,247.2510557,2.081301981,0.736484201,90.6058579
2173,10026.57783,248.1092841,2.373979456,0.729783664,90.51318455
2174,10020.67595,248.9674102,2.088915491,0.785321141,89.87907224
2175,10034.32951,248.0406033,2.401092689,1.489310887,90.29940835
2176,10014.87127,248.9570512,2.060085338,0.88292233,89.77422371
2177,10022.85874,246.8951268,2.272580704,0.191240859,90.73335164
2178,10031.07634,247.5360851,2.130988891,1.250908024,90.39186958
2179,10020.01349,247.3180318,2.499112026,0.759310084,90.21038851
2180,10018.04847,248.4491807,2.408479176,0.258972297,89.73591799
2181,10016.22872,247.8689256,2.454034362,0.680627497,90.21024115
2182,10016.12947,249.0515136,2.356618821,0.89307354,90.13326457
2183,10022.90944,247.485267,2.08181312,0.818463904,90.47976736
2184,10003.99806,248.5544611,2.445619021,1.196622953,90.38465641
2185,10021.7352,249.2940449,2.708744629,0.360526061,90.67739077
2186,10005.95751,246.6381982,2.386716621,0.589075738,90.01925761
2187,10010.75198,250.9219648,2.199501548,0.323374685,89.31149914
2188,10008.94576,248.614494,1.978173827,0.028293482,90.71738616
2189,10013.04039,246.9703593,2.060615332,0.713873621,89.73393612
2190,10001.11162,249.2516482,2.310672676,0.544056976,89.62858631
2191,10010.41682,249.2255155,2.411974321,0.446675794,90.14056081
2192,10017.2304,249.2090185,2.226316647,0.44578008,90.29331238
2193,9999.295177,250.3812285,2.310478299,0.067985983,89.85680275
2194,10006.06116,250.2368508,2.268017745,-0.072442118,89.83290621
2195,10000.80379,249.8868548,2.20345409,0.195992865,89.88676077
2196,10005.24379,250.1388713,1.945862294,0.488328103,90.77055725
2197,10002.21044,249.6842189,2.087557664,0.577527894,90.04095495
2198,9997.9074,251.6640143,1.858181445,0.288789047,89.53831527
2199,10002.55422,248.5093182,2.006357213,0.013920906,89.52340547
2200,10008.13661,250.2281613,2.044051367,0.041108448,89.85685529
2201,9997.16045,250.2534942,2.288697953,-0.081308041,90.08122835
2202,10000.71405,251.1016346,1.66617495,-0.437452366,90.18429524
2203,9989.64947,249.5442695,1.999782684,-0.167041623,89.984396
2204,9990.334618,248.7440648,2.175329535,-0.619493373,89.48139933
2205,9996.480286,250.7439793,2.006755061,-0.300680861,89.67039443
2206,10000.54088,250.9675709,1.997840348,0.183198569,90.22935986
2207,9993.901093,252.2748493,1.925477775,-0.10467362,89.26941454
2208,9989.561253,249.6134833,2.044773281,-0.67204921,89.58965418
2209,9990.127406,252.136781,1.54531546,-0.460068668,90.1013504
2210,9982.884302,253.4473507,1.46392332,-0.731484857,90.22036752
2211,9991.165395,250.7995886,1.718786478,-0.542325088,89.66639869
2212,9991.562148,249.9833574,1.267465259,-0.253166428,89.53740625
2213,9983.89898,250.9637618,1.926221814,-0.411015296,89.06212966
2214,9982.819554,251.4806294,1.905430267,0.097452827,89.96621525
2215,9985.510971,252.1257139,1.556658297,-0.330336928,90.34302145
2216,9981.011379,251.0652081,1.552106963,-0.666550561,90.94647659
2217,9981.879393,253.3058156,1.595658413,-0.563621283,89.83742422
2218,9991.725522,250.7293987,1.605373342,-0.865824789,89.59909844
2219,9979.01052,250.1973024,1.606257665,-1.180944145,89.14500765
2220,9977.474657,253.1350198,1.679370697,-0.487802564,88.6458987
2221,9975.051432,249.8446789,1.521180863,-0.612889239,89.65426245
2222,9981.035055,252.0053131,1.733437156,-1.023130124,90.72145147
2223,9975.435198,255.4163831,1.624218179,-0.903004649,90.16223248
2224,9972.124042,252.3749981,1.405028249,-0.646388523,90.06570028
2225,9981.009479,251.3536589,1.786019488,-0.797333026,89.61086059
2226,9980.535585,252.5034243,1.241123829,-1.521790961,89.64851298
2227,9969.47272,252.5953918,1.489338145,-1.040422209,88.2376231
2228,9962.182158,252.891155,1.697381184,-1.193443221,89.81155245
2229,9975.595295,253.4759883,1.356849227,-0.83787034,89.12148424
2230,9966.18039,251.856709,1.562087201,-0.89002,89.04120711
2231,9972.605519,254.6643047,1.608805515,-0.830233427,89.21141935
2232,9957.853859,253.3016168,1.329243742,-1.586563879,89.17558533
2233,9971.222582,253.8618199,1.48931026,-1.510682848,88.97637411
2234,9959.762276,252.5841458,1.476202554,-0.964330649,89.32329875
2235,9968.533915,254.5746618,1.402084251,-1.497986504,89.0184631
2236,9964.016931,253.1058964,1.978913959,-1.797671679,89.32907279
2237,9958.244945,253.7138254,1.373308187,-1.201004837,88.51670392
2238,9960.052235,252.5751164,1.735450915,-1.5432667,89.13471944
2239,9964.595574,252.5818372,1.465603647,-0.859240224,88.67513185
2240,9960.773904,254.336089,1.33767496,-1.32314191,88.88416397
2241,9962.250922,253.2719326,1.587515656,-1.37846861,89.25827656
2242,9968.299552,252.927886,1.709804487,-1.550584887,88.36634817
2243,9949.688791,253.2031827,1.778170544,-0.97453071,88.73899629
2244,9964.692961,254.6084376,1.921619087,-1.354878057,89.41662016
2245,9956.229917,253.3420014,2.214289641,-1.594341234,88.40757382
2246,9950.319884,253.9133508,1.692354245,-1.718038962,89.98520966
2247,9947.272423,254.1043875,1.527538176,-1.508546505,89.6806838
2248,9952.093183,252.2287292,1.769486114,-1.785151624,88.81351215
2249,9956.766525,252.7300116,1.645225851,-1.187204754,88.64956065
2250,9950.644803,254.5907955,1.903972531,-2.041034836,89.12662093
2251,9957.967469,253.5691661,1.480360216,-1.541702084,88.28450276
2252,9942.289921,255.4128758,2.235124135,-1.316773706,87.98984462
2253,9948.624504,255.3711709,1.95492723,-1.395794106,88.74403142
2254,9941.567263,255.1699838,1.469717785,-1.7108825,88.88956022
2255,9948.796888,256.315258,1.687997388,-1.293541646,88.98678819
2256,9950.567966,254.4552698,2.016729362,-1.752010368,88.61530028
2257,9943.189907,255.2282987,2.112858089,-1.486155763,89.54284769
2258,9931.438305,254.0342417,1.64752384,-1.275798313,88.14161765
2259,9944.625327,257.1083911,2.069203643,-1.323063252,88.30348065
2260,9944.991127,256.675171,1.561941073,-1.653719447,89.09946667
2261,9944.011476,254.7370574,1.9584739,-1.079924057,88.25897635
2262,9947.357282,255.1435128,2.223741602,-1.39983355,88.2234072
2263,9935.017354,256.1460711,1.916016919,-1.188329647,88.86912984
2264,9942.973916,254.6675663,1.749857649,-0.936614307,88.2646954
2265,9944.741629,254.1840882,2.105279035,-1.042949067,88.70903962
2266,9929.098532,255.7387722,1.979696217,-1.02378674,88.40990112
2267,9938.808308,254.9653461,2.250904032,-1.282418163,88.31336913
2268,9933.914008,255.090071,1.971967024,-1.081232076,87.67754545
2269,9935.258508,254.0910121,2.018172381,-1.233336727,88.78310401
2270,9936.642152,253.2238482,1.791735084,-1.637048541,88.07448039
2271,9931.711784,255.1919231,2.252670543,-1.159116824,88.59883743
2272,9930.020129,255.8730208,2.208700076,-1.147595567,88.41192094
2273,9932.826834,254.7525429,2.024801515,-1.022846982,88.54986741
2274,9926.483979,256.4230788,2.322179517,-1.208748724,88.56356649
2275,9925.762028,254.289038,2.509066759,-1.370116903,88.7206372
2276,9933.865846,253.9425578,2.28001306,-0.91503158,88.24549994
2277,9924.009788,254.9323411,2.395426341,-1.475267551,89.2164234
2278,9932.377124,254.9172882,2.414267198,-0.6119695,87.6572112
2279,9930.657417,255.7681589,2.135652156,-1.086425451,88.45359364
2280,9919.021491,254.2195376,2.803807358,-0.909811142,88.97112598
2281,9923.576,256.3569072,2.313311281,-0.781486653,88.77766275
2282,9932.254973,256.948047,2.552677048,-0.736578105,88.03827073
2283,9920.706573,254.9323107,2.58821601,-1.300387885,88.10812526
2284,9922.625792,256.2095013,2.418287369,-0.593584832,87.99555998
2285,9926.601035,253.8896461,2.578283556,-0.712226197,88.78542844
2286,9927.558172,256.0057386,2.515664478,-0.955389498,88.10286253
2287,9921.74165,255.9601952,2.191382757,-0.950661628,88.58754843
2288,9919.377618,255.7567928,2.415679213,-0.78627479,88.57945409
2289,9928.850607,254.8562718,2.365641535,-1.035361288,89.61897188
2290,9929.81467,251.8941167,2.400600544,-0.08815736,88.57902906
2291,9925.403764,254.1812299,2.235714636,-0.117546662,88.00461746
2292,9920.333315,254.1697034,2.724126705,-0.385929466,87.66805936
2293,9915.270656,253.7881086,2.820316342,-0.546037258,88.24831334
2294,9914.573092,254.8574442,2.695346722,-0.495297253,88.31496336
2295,9920.759341,254.2831814,2.752431182,-0.165499749,87.25758564
2296,9919.668403,253.8425956,2.426732027,0.178027606,87.99460116
2297,9924.022289,253.5716035,2.364502395,-0.476526125,88.48896219
2298,9919.712729,253.8762346,2.330901991,-0.596494708,88.06303173
2299,9908.399613,255.6727541,2.609081729,0.247496623,88.80261219
2300,9920.637698,253.8479167,2.518130278,-0.708318797,87.52838097
2301,9909.859063,253.9498864,2.448540699,-0.429963127,88.63542874
2302,9912.409432,253.9622249,2.713122404,-0.156573262,88.74353064
2303,9915.068778,254.710246,2.524053624,-0.505683685,88.75460378
2304,9923.293222,254.7780835,2.263199051,0.34108712,87.4833695
2305,9928.370253,251.2260303,2.281536936,0.30950333,88.4136896
2306,9915.368769,255.2394666,2.539861406,-0.075064057,87.91232601
2307,9910.94243,255.599657,2.596544914,0.52611268,87.53409704
2308,9914.063015,253.0568947,2.482299694,0.621742709,88.02087588
2309,9915.369699,253.0769325,2.734176985,0.197562076,87.76613944
2310,9908.877925,253.5395072,2.663749444,0.140662761,88.6700005
2311,9919.016113,253.1726906,2.406062258,0.997845508,88.4573328
2312,9910.7582,254.089984,2.130451567,0.580127184,87.61593468
2313,9911.67339,251.8553481,2.015737541,0.484162396,87.82158283
2314,9912.100205,252.6182413,2.179131846,0.859448635,87.98506297
2315,9910.47355,255.2081672,2.385482649,0.583678577,88.13110976
2316,9912.164515,252.6720836,2.577814162,0.383683989,88.66258539
2317,9904.496946,254.7736253,2.273087839,0.601207075,88.4970554
2318,9904.414344,253.8140167,2.399982779,0.930025011,88.16981303
2319,9901.337001,251.5765088,2.093401002,0.061486089,88.00643102
2320,9908.676515,253.9468495,2.242884522,0.612852387,87.24290315
2321,9910.024279,253.1182722,2.258574495,1.153669391,88.76859075
2322,9908.078436,252.7035973,1.673321997,0.624017386,87.89224313
2323,9913.83143,253.3258827,1.961717749,1.279536443,88.88659947
2324,9905.109838,253.476188,2.209399253,1.277518909,88.200811
2325,9908.169862,253.6285747,2.049357872,0.870061189,89.10916518
2326,9899.065503,254.0174958,1.73018006,0.754981605,88.39364092
2327,9902.29591,253.1645032,1.458553736,0.874326281,87.36861836
2328,9907.426075,251.296755,1.84665573,1.794044421,87.77175999
2329,9907.92048,252.1136966,1.880928836,1.590218411,87.9889319
2330,9901.94135,255.4443084,1.694157311,1.097814339,87.63133225
2331,9902.799062,253.1386687,1.875577393,0.909102847,87.87461077
2332,9895.323248,254.6954168,1.924638779,1.157030768,87.37478276
2333,9900.892738,253.6325851,1.934341392,1.224426429,88.05641832
2334,9906.904799,252.3890798,1.306362087,0.806594551,88.16776364
2335,9905.113662,252.3579526,1.492586786,1.230876812,87.54269803
2336,9904.535495,251.9284106,1.673028473,1.629761891,89.01077048
2337,9902.085362,250.1348453,1.827561804,0.718300098,88.0684865
2338,9901.685952,251.7976073,1.790865189,1.530016589,87.62464229
2339,9898.173008,252.896433,1.768050879,1.717261337,87.21472263
2340,9904.802586,250.9916426,1.578467441,1.158261038,88.05614033
2341,9903.257008,251.9081232,1.571960425,1.855093568,87.8927986
2342,9903.465822,252.2520504,1.475063436,1.158940255,88.411635
2343,9898.239037,250.3945079,1.758558271,1.51633736,87.94569908
2344,9889.975892,250.7560928,1.405999339,1.308706427,87.41799275
2345,9906.111693,250.0922086,1.746306571,1.324104426,88.84787773
2346,9898.125001,250.1902348,1.605131166,1.245204225,88.22819621
2347,9896.108517,249.6266706,1.542903721,1.652869945,87.88139356
2348,9903.802955,249.9153371,1.41004262,1.709543423,88.08903048
2349,9898.298629,252.1364247,1.26089471,1.445870297,88.24219481
2350,9905.491479,249.7023886,1.394260661,1.066183086,87.28940764
2351,9903.219913,250.6449743,1.450768244,1.602774537,88.08154478
2352,9903.505802,249.9160885,1.037150985,1.61474419,87.77669738
2353,9893.221241,251.4980977,1.466893401,1.428102549,88.25467038
2354,9906.083798,251.5305409,1.687878322,2.056919904,87.6303906
2355,9901.313387,250.9835076,1.61433507,1.029858229,87.69779175
2356,9898.153803,250.3255835,1.400782466,0.834789354,88.83143933
2357,9900.720187,249.688393,1.509792734,1.28031158,88.61552093
2358,9891.135123,248.6276136,1.390803119,1.710927489,86.35254539
2359,9902.082616,251.6631251,1.534663389,1.177936897,88.57916803
2360,9894.925543,248.8601433,1.81704548,1.195944051,87.964622
2361,9893.352091,250.1838348,1.708063534,1.769745656,87.64821782
2362,9892.556676,250.4803182,1.62507633,1.616071664,87.49978208
2363,9905.794927,248.7662679,1.430091639,1.581964116,87.53007089
2364,9897.158158,250.2606281,1.687585535,1.693491213,87.66612153
2365,9908.056073,249.8882069,1.210307466,1.320408287,87.4441824
2366,9897.801348,250.753686,1.508427717,1.321871515,87.33230727
2367,9892.046438,248.4584939,1.687958779,1.664809169,87.49147447
2368,9895.113419,247.5445234,1.732690555,1.003438413,88.17561775
2369,9906.997844,248.2279125,1.733011295,0.747851433,88.04142079
2370,9900.171957,248.8457773,1.673430825,1.243193568,88.29695718
2371,9898.352578,248.5992032,1.591713619,1.633716472,87.98869538
2372,9902.046564,248.0522029,1.755770397,1.411179142,87.37158979
2373,9903.917719,246.4417153,1.475798963,1.570554461,88.27539657
2374,9907.167991,248.7273274,1.516465584,0.686152552,87.52927531
2375,9909.005527,250.1358177,1.717564171,1.362201874,88.35856777
2376,9900.156045,248.5350879,1.760409767,1.439083457,87.45613777
2377,9895.526312,248.5881073,1.381885637,0.811937605,87.69939269
2378,9900.30067,248.4603606,1.85990873,1.448951458,87.8666641
2379,9903.890608,248.1947502,1.945873591,1.128964641,88.38898651
2380,9898.001361,248.6400387,1.798840902,2.054861349,88.14440173
2381,9898.275069,248.0153322,2.312625398,0.450309509,88.07121713
2382,9905.030125,247.2198191,1.724984897,1.483241574,89.0090581
2383,9903.327954,246.6500321,1.813540261,0.922321584,87.15293274
2384,9904.004874,247.1115937,1.831215633,0.522548806,87.55762897
2385,9900.327702,247.5902989,1.919687194,0.815826227,87.54180934
2386,9903.257052,246.876778,1.894038111,1.022498538,87.20285497
2387,9900.086327,247.425014,1.703379842,1.214991495,87.73439009
2388,9909.46645,247.4687955,1.900429307,1.384024194,88.44419373
2389,9910.509168,247.7829829,2.015187499,1.256905615,87.81083473
2390,9896.428913,248.1539766,2.305311967,0.502878615,87.94669555
2391,9901.348662,246.8718187,2.524783154,1.092984971,87.25864691
2392,9898.859335,245.4099469,2.375955435,0.832084902,87.72857683
2393,9903.446991,246.2978443,1.978038911,0.478439178,87.90309287
2394,9906.644382,246.6135787,2.017874139,0.570760284,88.46243165
2395,9900.1871,244.6616873,2.148699181,0.380323184,87.31124832
2396,9903.209038,247.8154614,2.560554192,0.562812297,87.92886236
2397,9903.190779,246.4999449,2.193126121,0.290699362,88.70762033
2398,9909.64831,246.6711469,1.982712541,0.158652035,87.94969782
2399,9909.369241,247.5890316,2.169361314,0.567819212,87.12266969
2400,9905.833476,245.5285839,2.441716792,0.569354209,88.82843116
2401,9910.754968,246.6695267,2.448276885,0.280764878,88.56486574
2402,9907.575176,245.9239404,2.289453174,0.703344987,88.64087011
2403,9909.396982,245.7896239,2.48456355,0.170662312,87.34321334
2404,9919.578124,245.1430351,1.910760762,0.113477122,88.98044514
2405,9918.377654,247.5239813,2.402762339,0.357790312,87.84686894
2406,9905.65076,245.4276852,2.569780074,0.075106406,87.98825385
2407,9916.779431,246.4491353,2.245722931,0.095360521,87.90122679
2408,9917.178591,243.8228496,2.258649952,-0.731186142,88.73590075
2409,9907.879818,246.8277522,2.065185529,-0.015040638,88.18252352
2410,9918.223188,246.6516223,2.767915819,-0.613191841,88.52345651
2411,9922.335711,245.650253,2.316242838,-0.476239913,88.33087154
2412,9909.558615,245.2810629,2.517668778,-0.555374232,88.25590577
2413,9911.117595,245.8649887,2.598256614,-0.512235857,87.84071014
2414,9921.335615,247.7125765,2.786706445,-0.408621007,89.23101645
2415,9918.155359,243.6211768,2.459122469,-0.434197021,87.60426084
2416,9920.114159,246.1289147,2.386400734,-0.132991656,88.55326253
2417,9919.626882,244.399605,2.532049432,-0.309283831,88.54680702
2418,9920.452782,245.2575143,2.756157837,-0.989710087,88.9471642
2419,9912.450459,244.997652,2.46596506,-0.437409529,89.0757014
2420,9924.911016,244.787215,2.308433796,-0.409515381,88.32479425
2421,9926.122018,245.176983,2.189415838,-0.645701486,88.67067851
2422,9919.734727,244.0271168,2.25022405,-0.60704452,89.30007048
2423,9921.279821,246.1662436,2.663042003,-0.572803023,88.39735574
2424,9914.465044,243.3206399,2.420493831,-0.441066651,87.90919489
2425,9925.323018,245.6342223,2.356358272,-1.18285764,88.26280083
2426,9926.250919,244.7495585,2.32671833,-0.822996562,87.81548964
2427,9923.726226,243.8887754,2.477795733,-0.335833748,88.66665202
2428,9930.313092,245.2476657,2.402618602,-0.401259863,89.02605461
2429,9923.682615,243.4758952,2.384480212,-0.608157279,88.44653928
2430,9928.845171,245.0621107,2.696470909,-0.738794017,87.70996281
2431,9921.600358,243.5910617,2.720642569,-0.439044267,89.04479901
2432,9927.264787,245.4687467,2.076435784,-0.394831732,87.65950147
2433,9927.201906,244.0786502,2.448363578,-1.042788468,87.78849616
2434,9929.898539,244.5495452,2.210920612,-1.327868953,88.4862708
2435,9927.62981,245.29402,2.299175267,-1.150168398,88.71544152
2436,9929.532579,244.2290598,2.392341743,-0.171151432,88.81492259
2437,9935.039656,244.9471685,2.268776616,-1.601056302,88.58511863
2438,9929.451987,243.4968305,2.337468969,-1.300483305,89.51273804
2439,9924.336146,245.6490607,2.405299137,-1.611157763,88.6799648
2440,9941.856937,246.7926157,2.308271937,-1.176881577,89.17951441
2441,9940.762964,247.8314164,2.098017536,-1.600985565,89.07059116
2442,9928.14767,245.1438656,2.079004751,-1.297555007,88.04574281
2443,9938.817352,245.8563704,1.893851484,-1.873571341,88.62251101
2444,9933.620231,243.304982,1.987501969,-1.125710085,89.78436236
2445,9938.22522,246.6077491,2.526797552,-0.96556639,88.48598025
2446,9939.157892,245.9026083,1.951745127,-1.467527784,88.41642517
2447,9937.299951,244.6657608,1.846956734,-1.41174141,88.8547276
2448,9935.344534,246.4121296,2.124890687,-1.437848299,88.55100728
2449,9936.608102,244.9476571,2.01395255,-1.350926798,88.40436386
2450,9936.283287,244.7732116,1.971937197,-1.431760163,88.57564324
2451,9937.514489,245.7375826,2.267867745,-1.203705305,89.54947683
2452,9942.152894,244.2317992,2.070921442,-1.076769126,88.78146636
2453,9939.730922,246.3515664,1.830232314,-1.702140792,88.20215692
2454,9947.546588,244.3106076,1.826629901,-1.560644503,88.12685327
2455,9952.40475,244.3550518,1.786523106,-1.205965688,90.00277285
2456,9942.905948,244.5357638,2.037785998,-1.910229098,88.80445709
2457,9947.846351,246.2471225,1.777349047,-2.080886374,89.15027581
2458,9949.996203,244.9148208,1.45689084,-1.426376207,88.56426693
2459,9950.711488,244.2293613,1.782861673,-1.34862333,89.12752252
2460,9949.590117,245.0192071,1.462643054,-1.716125897,89.71387165
2461,9953.787696,245.6421247,2.184991781,-1.673590352,88.67535409
2462,9953.354465,244.5442049,1.533738988,-1.727262034,89.24815779
2463,9945.628749,244.6262163,1.673909204,-1.757142028,88.33346808
2464,9957.041501,247.9436027,1.738066433,-1.285528572,90.06534747
2465,9958.015565,245.0278169,1.609621754,-1.842895607,89.20585018
2466,9950.650712,245.6230605,1.591106249,-1.562231892,88.88294593
2467,9955.549417,245.6382079,1.716113767,-1.746670638,88.9582575
2468,9959.673422,245.6450278,1.920547919,-1.902823772,88.87011646
2469,9956.111632,246.7502446,1.753324499,-1.195031404,88.91371143
2470,9963.428799,247.1411024,1.881043648,-1.600569822,87.9375306
2471,9970.793172,245.9525893,1.362571673,-1.375327568,89.13049333
2472,9955.957883,245.0891464,1.622992682,-1.870231115,89.12781693
2473,9953.900605,247.6686154,1.579294996,-1.625063015,89.46044734
2474,9963.246856,246.368827,1.608318825,-1.159065504,88.97298339
2475,9966.261337,248.265897,1.804356249,-0.591873911,88.86755233
2476,9962.428689,244.3627822,1.477138294,-1.94185249,89.26777294
2477,9971.782462,246.8779208,1.43357823,-1.389038334,88.48413911
2478,9958.759816,248.6766003,1.616070893,-1.183544395,89.38076849
2479,9969.857579,246.4815031,1.149456575,-1.469404782,88.39695009
2480,9964.307183,246.687313,1.454786097,-1.005908271,89.90713907
2481,9976.880145,247.2875922,1.473620705,-1.495840196,89.70780008
2482,9979.195772,246.5137619,1.315940844,-1.163609469,88.92157096
2483,9966.352928,246.8421339,1.712226403,-1.339240006,89.73429323
2484,9968.394423,246.8991772,1.290416274,-0.7885795,89.47860129
2485,9976.399031,246.6934631,1.478982045,-1.328069676,88.93751673
2486,9971.127112,248.6347036,1.569314768,-1.200461396,88.44981723
2487,9973.800076,247.9529259,1.787123341,-0.779946142,89.63876048
2488,9975.121038,247.8294801,1.521280112,-1.339860832,89.102741
2489,9966.365195,248.4753954,1.718771762,-0.977692363,90.06675601
2490,9976.866241,247.4913743,1.68098067,-1.511047411,89.54572546
2491,9974.460965,247.0713297,1.576021256,-1.25576908,89.20840074
2492,9976.420374,247.3335743,1.34501666,-0.779015206,90.47663913
2493,9987.082643,248.0294723,1.28868524,-1.15432516,89.88551291
2494,9974.562458,247.0607571,1.610645338,-0.983177759,87.78935658
2495,9985.893442,247.7127393,1.495574154,-0.63383216,89.39335244
2496,9981.416843,247.79063,1.803724529,-0.916762596,88.96418866
2497,9982.398817,250.5257265,1.785752516,-0.456734148,89.27605339
2498,9988.737058,245.7224184,1.617276274,-0.598834769,89.62333777
2499,9987.474557,248.4122782,1.441137472,-0.492178372,89.89251026
2500,9989.61789,250.4138195,1.79412688,-0.209382773,89.86597937
2501,9992.597596,248.9067227,1.508459485,-0.443991216,90.29407
2502,9987.093203,249.6355343,1.58114592,-0.036063721,90.0932941
2503,9986.682759,249.0796289,1.558412651,-0.181671084,90.08225232
2504,9985.313413,248.4105629,1.748666821,-0.569007845,89.91552948
2505,9987.608262,246.934443,2.033035685,0.019420707,90.47810572
2506,10007.47776,249.4806067,1.821121639,-0.245583863,89.69650754
2507,9999.953391,248.5986263,1.757063252,-0.399075288,89.72944822
2508,9987.97295,248.6732298,1.564546835,-0.152830787,88.94177976
2509,9989.114889,249.0741208,2.004383325,0.141889126,90.44262559
2510,9999.135792,251.4176831,1.762431124,-0.010585202,89.89606636
2511,10000.4624,252.1775037,1.966772883,0.444461688,91.42132432
2512,10001.47033,250.0898094,1.897324746,0.268637599,89.77175189
2513,9998.451099,249.5078206,2.160782587,0.14461262,90.03880661
2514,10000.0986,248.8953587,1.986695666,-0.275158536,90.28776989
2515,10003.36519,250.6410936,2.031308127,0.023710021,89.48356584
2516,10003.155,252.0553583,2.165085571,0.144027041,90.23378465
2517,9992.628513,250.1249026,2.513997115,0.376305007,90.09183102
2518,10003.57512,248.0928883,2.294739928,0.403152654,89.94263827
2519,10001.46572,251.2413867,2.123478219,0.307261307,90.70075696
2520,10007.59686,251.6559608,2.165635011,0.336719858,89.68254179
2521,10022.64449,249.1836714,2.083407091,0.560697119,90.29181493
2522,10010.55222,251.0446493,2.021292563,0.130619268,90.90162831
2523,10008.1429,251.417692,2.123126148,0.940135618,89.84090014
2524,10015.31433,250.991273,2.101047045,-0.13977176,90.06566347
2525,10014.11246,250.3710979,2.407312489,0.953471674,91.40663277
2526,10014.79203,252.2748298,2.082870361,0.545298566,90.49102665
2527,10016.71707,250.9520331,2.583479347,0.901130633,90.02055763
2528,10024.95543,249.9662048,2.486182485,0.750471003,90.69476663
2529,10010.0067,249.4973141,2.35797027,0.785514236,90.02917602
2530,10019.01616,252.902417,2.371145872,0.887751808,89.55050204
2531,10013.00129,252.3523537,2.2759106,1.003314025,91.0388459
2532,10021.39419,251.9170913,2.456700242,0.700386277,89.82080295
2533,10015.00477,251.4815396,2.634611852,1.147193973,91.61782031
2534,10018.49098,251.4847435,2.289629799,0.548378733,90.16689004
2535,10020.07992,251.0291275,2.135774978,0.908300145,91.49773964
2536,10027.40985,251.7636888,2.594183448,1.196050844,89.76627972
2537,10028.09618,250.1644595,2.52836578,1.27827502,90.98282495
2538,10018.24612,251.6369716,2.248247122,1.151634553,90.73935718
2539,10025.71772,252.149637,2.333222435,0.92809633,90.9277341
2540,10022.86095,253.1570097,2.314494179,1.346901126,91.0121884
2541,10021.07949,252.5927395,2.34660737,0.907883624,90.29856771
2542,10027.24735,253.5120724,2.430747535,1.663923173,89.91222686
2543,10027.74762,254.1496808,2.444906434,1.141881562,90.56034174
2544,10042.37828,253.9409921,2.369543693,0.733127028,90.71640899
2545,10033.36113,253.434455,2.348307194,0.863266169,90.38800431
2546,10025.25676,253.0557455,2.453171033,1.260321351,90.78167398
2547,10030.26628,252.1418149,2.530207093,1.313610471,90.82661584
2548,10039.13907,253.9400181,2.429908949,1.885850114,90.22562975
2549,10045.41295,254.9560126,2.720168468,1.005528156,90.89690045
2550,10027.97592,253.6932519,2.58409858,1.349856184,90.5845107
2551,10027.43772,255.3419453,2.157151888,1.039926544,90.38675634
2552,10047.11999,251.9712849,2.571718579,1.228470066,91.14899077
2553,10040.63728,252.4134649,2.578566601,1.898733139,90.38528848
2554,10035.26792,254.4921746,2.359852182,1.068661579,90.5638538
2555,10043.19874,253.9691533,2.135984264,1.600427577,90.8465373
2556,10028.25902,255.0850533,2.423774407,1.555657675,91.51591092
2557,10042.36265,253.8206992,2.406701416,1.442710747,90.94330751
2558,10044.88866,253.0315606,2.168975594,1.616665001,91.12913531
2559,10048.77037,253.7477482,2.087139636,1.122385086,90.73415905
2560,10039.97458,252.4888785,2.343008146,1.975521888,90.86163638
2561,10046.36303,252.9515842,2.296137683,2.062982055,90.89425336
2562,10042.19342,255.1095993,2.240677611,1.505226212,91.08306401
2563,10048.97873,255.0652683,2.288015941,2.222251154,90.80605239
2564,10044.10157,254.6091338,2.063948631,1.37848976,91.64156599
2565,10047.40943,252.5770022,2.17663449,1.619858286,90.80241565
2566,10045.33755,253.9899072,2.348699465,1.9294763,90.15271202
2567,10054.43397,253.1718027,2.14987133,1.361039319,92.39496408
2568,10056.32709,255.620069,1.86275219,1.08175825,90.87701226
2569,10051.71307,253.9047694,2.079396802,1.008843658,91.71430826
2570,10053.92341,253.4459043,1.936257392,2.105399536,91.77703978
2571,10047.32994,254.6027961,2.179694526,1.321898624,91.56406505
2572,10053.90973,253.9723642,2.165697326,1.417006997,91.00914866
2573,10055.98677,256.1339363,1.745582729,1.129695454,91.26809825
2574,10070.16581,253.9511952,2.204354752,1.73750604,90.50398183
2575,10052.32036,253.3207173,1.805198049,1.20670827,92.15267779
2576,10066.01364,252.5990836,2.314485844,1.28067233,90.74795212
2577,10064.48374,254.7513613,1.967901588,1.503497226,91.06303846
2578,10061.70337,254.2484557,1.703441443,1.078745001,91.25549702
2579,10069.888,253.4077951,1.699504405,1.327443709,91.16817813
2580,10063.74403,256.0503054,1.972882362,1.783498055,90.9092334
2581,10064.61171,255.550759,1.800606802,1.471901825,91.95048785
2582,10063.17646,254.8757775,1.835442244,1.361969529,91.7439809
2583,10070.32971,256.2868417,2.153598311,1.365457153,91.44526093
2584,10070.45759,255.6016026,1.667884996,1.1612773,91.09972843
2585,10062.60375,254.1307861,1.79689849,1.852733484,91.84678059
2586,10059.88621,253.927016,2.046584549,0.984982193,91.09741456
2587,10066.2112,255.7948254,1.795021416,1.265543042,92.12971806
2588,10063.96285,255.3818279,1.398548812,1.209326767,91.41487141
2589,10068.37557,255.1618316,1.800597981,1.448944495,91.9887546
2590,10075.60366,254.1502122,1.447321469,1.447732963,91.33141917
2591,10067.84629,255.6072851,1.942485437,1.076635152,91.4384226
2592,10070.628,254.2444665,1.478599314,1.141923209,92.02955294
2593,10071.83447,254.8966067,2.220015523,1.120816976,92.52784971
2594,10076.48159,256.442166,1.903464126,0.307227379,92.22497217
2595,10061.69285,254.3290182,1.435516546,0.477896406,91.89711323
2596,10070.57436,253.4094979,1.584704645,0.73793852,91.76679894
2597,10075.33748,253.9205817,1.71834159,0.715014915,91.23214697
2598,10080.94724,255.9560803,1.712336422,0.486951597,91.64655171
2599,10073.14561,255.2031805,1.63317393,1.034090895,91.05557788
2600,10066.87308,254.8042606,1.785378832,0.77160321,91.71300797
2601,10079.9975,254.4067596,1.501755973,0.667617061,91.75800415
2602,10074.35753,255.3819624,1.445592845,0.315577811,90.57026436
2603,10072.21367,254.0262882,1.443352606,0.638836766,91.58260929
2604,10075.66011,255.1578991,1.679407007,-0.176616305,91.78307417
2605,10078.47117,254.0958786,1.577005939,0.521140916,91.54602095
2606,10076.97409,253.9024427,1.559703652,0.547108611,91.77898068
2607,10069.566,254.1336635,1.659217079,0.558378404,90.94101553
2608,10085.66712,254.3648839,1.089932372,-0.026213413,91.2357037
2609,10088.13601,254.658706,1.563378626,0.46727666,92.15270177
2610,10085.59091,254.9083531,1.547546975,0.043856958,91.64695183
2611,10077.2083,250.9480244,1.841303307,0.068679457,91.82787414
2612,10082.44442,253.790377,1.206763478,0.483652732,91.39577693
2613,10083.96607,254.1662563,1.830076327,0.828118915,91.68972048
2614,10087.53104,256.020864,1.541081905,0.194702426,90.53973534
2615,10088.40872,253.3919687,1.632343817,-0.110585191,92.12434628
2616,10081.91758,254.5891486,1.879438893,0.146272148,92.61573549
2617,10086.51131,255.8739925,1.667255738,0.32642663,91.18951787
2618,10088.892,253.0168524,1.647137501,0.186023779,91.26194593
2619,10094.38032,254.6729229,1.628564554,0.777665246,91.96246414
2620,10091.11064,253.4240911,1.497502679,-0.304822274,92.4887018
2621,10092.01153,253.667454,1.603606764,-0.059422753,91.76027629
2622,10088.95471,253.3130329,1.482284853,0.284833569,91.1560526
2623,10096.04836,253.326696,1.633493179,0.221418179,91.67561259
2624,10091.49645,256.7212517,1.193133371,-0.853838773,91.27398677
2625,10085.58484,254.782982,1.764889399,-0.313966569,91.46338237
2626,10097.34077,254.9778752,1.674298139,0.088534702,91.65445789
2627,10094.23805,254.3041916,1.651722176,0.466830239,91.35030843
2628,10088.94886,252.1404773,1.78393432,-0.232404723,91.43432865
2629,10089.17303,254.0747294,1.474939606,-0.596684148,91.86867697
2630,10093.45064,254.6842665,2.169771823,-0.831430117,91.9468732
2631,10094.67176,252.6880584,1.786169857,0.095085591,91.13512651
2632,10093.72113,254.4354889,1.800843079,-0.393269741,92.05288421
2633,10094.66077,254.1018149,1.660646221,-0.907116433,91.67111763
2634,10101.96426,255.1754762,1.882593848,-0.75386002,92.22942032
2635,10099.1731,252.8302813,2.179581083,-0.639450336,92.2665564
2636,10095.11008,252.0737823,2.134001356,-0.608298269,91.61086749
2637,10099.19556,252.7318256,2.12251759,-1.079565592,92.19685406
2638,10089.64905,254.4498478,2.085842656,-1.031448193,91.47775535
2639,10097.11448,251.1054884,1.929845767,-1.379820095,92.56437793
2640,10104.47504,250.7839625,1.73650916,-0.607964211,91.50900209
2641,10094.6324,252.8590365,2.01125522,-1.057503768,92.09082742
2642,10091.76901,252.2432471,2.029081232,-0.849387612,91.82633903
2643,10093.02168,252.6086852,2.310616364,-0.595982143,91.41719532
2644,10091.09928,253.4603496,2.187085424,-0.989153918,92.38140687
2645,10092.87931,251.8755431,2.471706548,-1.120511836,91.62899641
2646,10095.19656,250.4672099,2.412405824,-1.058972098,91.09094594
2647,10090.25755,254.2958646,2.104840688,-1.127712949,90.50470096
2648,10097.59003,251.1644216,1.859855417,-0.801312093,91.51271634
2649,10102.24012,251.0120149,2.51819066,-1.109343069,92.64252893
2650,10093.39698,253.0833458,2.534544452,-1.392265637,92.58758452
2651,10105.72942,251.5029186,2.010360351,-0.939835388,91.60336079
2652,10100.87438,251.7310448,2.605677076,-0.909160887,91.77918096
2653,10103.65091,252.183534,2.399719494,-1.702771081,91.73750368
2654,10095.37658,252.689956,2.374092077,-0.863231369,91.30659895
2655,10103.09625,251.1778986,2.682715835,-1.234256974,91.50205656
2656,10093.51195,252.9356933,2.645601216,-1.278084279,92.47000708
2657,10103.56095,249.183757,2.522893904,-1.079245967,92.23413814
2658,10100.09709,251.982632,2.502253294,-1.568251349,92.1213023
2659,10102.12241,250.2861159,2.544852095,-1.127575904,91.31954976
2660,10093.5865,252.4002632,2.354471391,-1.541252379,92.03964115
2661,10095.08751,251.0719737,2.435286249,-1.88381412,90.83933462
2662,10102.63742,250.1585892,2.276551235,-1.752467879,92.41442688
2663,10094.98799,251.3955684,2.399972539,-1.293538796,92.12388211
2664,10102.11425,251.5268553,2.401653338,-1.756473017,91.32334811
2665,10093.02103,251.1762472,2.355131457,-0.997671397,92.80534719
2666,10104.14611,249.4051293,2.515549018,-1.130438392,91.10002245
2667,10093.78115,249.851107,2.428190489,-1.092382471,92.26402843
2668,10102.7338,250.2312158,2.596988336,-1.458828368,92.27703189
2669,10103.11899,250.0940994,2.174390906,-1.421404643,91.37998152
2670,10096.51552,250.7851207,2.477250829,-1.858029086,91.98106214
2671,10102.90804,247.9204761,2.526049331,-1.200983054,91.18154432
2672,10101.28866,250.1697324,2.436181283,-1.384221004,90.57654184
2673,10097.27078,249.4455177,2.46115121,-1.325084033,91.46536167
2674,10094.89076,248.797198,2.174664351,-0.98454121,91.69035817
2675,10090.07895,248.7935572,2.55786375,-1.667240851,92.31996972
2676,10101.58889,249.2220371,2.609728134,-1.516374816,92.03051688
2677,10091.9552,245.7362459,2.571352737,-1.372280891,92.0423571
2678,10100.18454,248.5370628,2.671647663,-1.741339451,91.48694553
2679,10098.3092,248.2638634,2.494305632,-1.506100598,91.72752325
2680,10102.93082,249.5741315,2.538698644,-1.28974339,91.5257389
2681,10097.92359,248.1378751,2.462036077,-1.521768328,91.37618945
2682,10097.67535,248.6307641,2.555106775,-1.016677105,91.68960211
2683,10102.86078,250.2910923,2.087885631,-1.846614936,92.02128475
2684,10100.74563,249.6466054,2.209342172,-1.039215926,91.69508762
2685,10100.51013,249.4585026,2.689195162,-1.159163036,91.81683574
2686,10101.12481,247.9609136,1.862555586,-1.50841696,92.32302681
2687,10090.93985,248.9089887,2.308548262,-1.594136758,91.72197697
2688,10102.23103,248.0378827,2.552138653,-1.918759733,91.30195841
2689,10101.32896,247.9822026,2.279337298,-1.509923092,92.24705914
2690,10092.99291,248.4952251,2.196548168,-0.932769084,92.09445132
2691,10096.65582,247.3965559,2.282301938,-1.238177145,92.12185421
2692,10097.4698,249.3953649,2.164019876,-0.845787376,92.26624601
2693,10096.77419,247.651883,2.218453632,-1.352898041,92.17725433
2694,10098.88658,248.3409002,2.052716749,-0.926009788,91.95870991
2695,10104.13499,249.0895775,2.38776368,-1.323571881,93.13528946
2696,10102.13817,248.5780146,2.426902634,-1.367178052,91.29210236
2697,10089.90975,246.0508069,2.091436889,-1.077857283,91.63620824
2698,10099.31305,247.8190032,1.816387147,-1.212481562,92.40772127
2699,10102.56961,248.1402584,1.964252311,-1.44219912,91.98979204
2700,10097.57164,248.0979178,2.007386611,-0.999526402,92.29171337
2701,10100.79558,246.0103932,2.120345078,-0.877530597,91.99169176
2702,10105.09558,246.3854366,1.792639535,-0.492764416,92.58771282
2703,10099.83682,247.9569969,1.815428984,-0.555255187,91.39061006
2704,10095.63939,246.12186,2.046492774,-0.432586211,92.55908693
2705,10099.28343,246.5063526,2.107374488,-0.544015543,92.46665795
2706,10094.43815,248.3056303,1.770710065,-0.621208528,91.26912975
2707,10093.47959,246.6069691,1.604083988,-1.049896546,92.18253419
2708,10091.24003,245.8543461,2.503572678,-0.595859087,91.83842198
2709,10100.44189,245.6312223,1.979814572,-0.42081359,91.54920541
2710,10088.15114,246.7706748,1.746599683,-0.12111149,90.90055604
2711,10099.51436,245.0353481,1.951153296,-0.310444992,91.33164353
2712,10093.95189,246.0531533,1.730358837,-0.101740541,92.18310747
2713,10084.04695,246.5671927,1.907196409,-0.740552517,92.22779016
2714,10092.46352,247.4680913,1.744823988,-0.485588188,91.70715033
2715,10079.69789,246.7730012,1.711097533,-0.215218565,92.21245293
2716,10092.88928,245.3294574,1.650792317,0.048210747,92.2678648
2717,10093.74264,247.1615938,1.365514019,-0.299424888,91.86364961
2718,10085.90051,245.6249181,2.024953205,-0.236141063,91.41607907
2719,10089.01696,244.6316189,1.432277857,0.039374088,91.98851146
2720,10097.69809,245.6398224,1.332778681,-0.4597399,92.00203848
2721,10084.91787,247.1962499,1.547398012,0.405141837,92.08590419
2722,10081.66261,245.8712345,1.383887079,-0.295851865,92.17184461
2723,10093.86732,245.6681476,1.553109662,-0.562690476,91.04809775
2724,10095.76515,247.2442063,1.689366911,0.060892246,91.46407957
2725,10085.4553,244.128766,1.740356874,0.612343464,90.75942577
2726,10089.97021,244.2294237,1.694871111,0.323582985,92.07175583
2727,10091.08785,243.8558723,1.462597172,0.417682528,91.58145364
2728,10080.12719,245.8028741,1.526631008,0.249306307,91.89219919
2729,10080.86383,245.5570541,1.592485479,0.235499357,90.92796789
2730,10088.88716,246.8954761,1.154771681,-0.13819125,92.35514623
2731,10090.59201,245.5602524,1.617099523,-0.308758093,91.04616929
2732,10084.40728,244.878531,1.209418428,0.471383583,92.01913926
2733,10076.61159,245.2522807,1.908090851,0.849339512,91.67918825
2734,10090.35564,245.3378906,1.419511447,0.601477751,91.5136853
2735,10077.16711,243.5200312,1.465081064,0.727532004,91.46135933
2736,10077.53993,247.8756566,1.351000916,1.057295545,91.26528093
2737,10080.31304,245.6606623,1.383071952,0.722014549,92.21962515
2738,10085.75003,245.3282095,1.969235374,0.627231172,91.5658909
2739,10081.61918,245.7127278,1.709055005,0.458515889,90.91237518
2740,10078.78596,245.7882983,1.218902284,1.350149109,91.3422526
2741,10078.38275,244.9216257,1.838524956,0.940192597,91.58549556
2742,10075.63094,244.416205,1.786425987,0.53718672,91.9571699
2743,10077.54358,245.6341447,1.502760516,0.50621772,91.19274779
2744,10061.43713,245.4096388,1.632670137,1.27001617,91.21281025
2745,10071.92652,244.2052621,1.581741122,0.618588948,91.4799073
2746,10073.93347,246.427406,1.993683067,1.520859333,91.89124955
2747,10066.28181,245.2969372,1.455348071,0.171789702,90.75636031
2748,10073.27131,245.7306178,1.660210536,1.458627768,91.67947126
2749,10069.61303,246.3919322,1.562703941,1.210109725,91.18067638
2750,10078.70138,245.023113,1.379928504,1.130854116,91.23626377
2751,10077.07073,245.3213884,2.123901297,1.072887091,92.38490051
2752,10066.15131,245.819674,1.469083295,1.721979513,91.27137219
2753,10066.99401,244.2919922,1.769981767,1.395074946,91.73231089
2754,10066.63955,245.0801046,1.399060095,0.939128355,91.69964264
2755,10064.00537,245.1627907,1.689262263,0.7204596,90.73526146
2756,10066.48655,244.0943578,1.875923479,1.314252465,90.38753142
2757,10060.96123,247.3832071,1.649557329,1.284537803,91.70554377
2758,10058.33429,243.6754046,1.955302548,0.851538287,90.73797427
2759,10066.32926,243.8036887,1.807977073,1.312343536,90.43222256
2760,10065.58536,246.437073,2.117990373,1.177048123,91.76183538
2761,10057.6319,245.8591172,2.182799637,1.371068238,90.72335627
2762,10065.33986,244.1448323,1.817795922,1.603879645,90.83100295
2763,10056.90871,245.8049639,1.975350969,1.850459491,92.1885186
2764,10060.52994,246.694324,2.021654734,1.690654848,90.35541454
2765,10062.55741,245.2269185,2.133830821,1.21559145,90.54097087
2766,10057.47337,247.8886095,2.037809538,1.555445026,90.92297958
2767,10059.09511,243.6002139,2.097860192,1.475149241,91.01629971
2768,10053.41355,246.0544584,2.035872054,1.066714538,90.67304133
2769,10054.18206,246.5653783,2.132125331,1.59463956,90.52396027
2770,10053.29827,246.3302493,2.392916768,2.039660374,91.8415485
2771,10049.75242,245.2764294,2.286463497,1.498541308,91.20119927
2772,10051.75383,245.234031,2.321023062,1.015373347,91.34533847
2773,10044.04174,246.0140952,2.348459247,1.506179411,90.96708413
2774,10048.47102,246.432954,2.195647169,1.135108521,91.16326325
2775,10048.63927,246.2686756,2.312172171,1.759078004,91.4677238
2776,10047.9146,246.756996,2.052748977,1.656880127,90.48576054
2777,10047.11495,244.7505174,2.544247875,1.446222512,91.09886673
2778,10047.13572,245.5957578,1.753870824,1.394873503,91.29691192
2779,10048.9591,244.9393247,2.312233803,1.425935047,91.70363659
2780,10050.04718,245.550688,2.576219261,1.486129697,91.88743743
2781,10041.53391,247.011107,2.092773144,1.24468367,90.93058452
2782,10037.87038,246.164557,2.462095703,1.051406461,91.44704721
2783,10037.77543,248.7256965,2.261624269,1.799399418,89.52462911
2784,10039.64461,246.3760604,2.338660507,1.330914878,91.61775391
2785,10039.41178,246.3076895,2.615222116,1.484091754,90.46048583
2786,10036.40805,246.4210248,2.478193209,1.505716577,90.68461181
2787,10032.86006,245.7453515,2.043162325,1.501613281,91.00736513
2788,10036.13872,246.3950886,2.265075216,1.036472472,90.69166537
2789,10038.4013,247.6518971,2.664603635,0.868226893,90.84811008
2790,10039.54041,246.7106538,2.567327599,1.175498468,91.52515172
2791,10032.84558,245.8771588,2.833975138,1.450730164,90.52054394
2792,10032.63158,245.820801,2.826475893,1.092343497,90.1504695
2793,10029.12348,246.3722524,2.425871088,1.181784238,91.5818714
2794,10032.65681,246.9741574,2.998105873,1.902822707,90.91966213
2795,10027.6256,248.17296,2.504249056,0.686241071,91.59847442
2796,10033.78395,245.7191726,2.307466103,0.987476994,91.05018108
2797,10021.03644,246.8212988,2.372668785,1.755994863,89.93751827
2798,10027.2121,247.3680424,2.046200453,1.145592258,90.90289722
2799,10029.55735,245.4737444,2.815854388,0.918091531,90.06906225
2800,10028.00975,246.5586467,2.809072228,1.450416155,90.54552748
2801,10039.5918,246.7981943,2.281462541,1.085263277,90.48467549
2802,10026.90908,246.7689591,2.432220212,0.932148542,89.69436965
2803,10019.17073,247.8446396,2.488957376,1.061365745,90.07741485
2804,10022.74219,247.5809499,2.268629709,0.772333209,91.5669839
2805,10013.36447,247.2758862,2.099392854,0.629756594,90.56410267
2806,10020.86666,248.3496652,2.396928882,0.865321455,90.33759513
2807,10016.12621,249.7361389,2.362274388,0.559688666,91.312275
2808,10023.88825,249.7444771,2.335231892,0.829006338,90.18810834
2809,10015.58147,246.2753631,2.44284915,0.894187742,90.3208733
2810,10016.76139,248.868842,2.668606108,1.00514231,90.84230574
2811,10013.18173,248.2080648,2.305523315,1.048285819,90.12682255
2812,10024.06645,248.6362072,2.382754978,0.548232654,89.9341835
2813,10012.77711,248.1783401,2.475693518,0.779220354,89.16078833
2814,10022.55581,248.7903525,2.421975406,0.736028959,89.79961129
2815,10016.47214,248.9208428,2.168311819,0.644964089,89.7750137
2816,10013.81883,248.2876474,2.289793812,0.36063528,90.30745324
2817,10012.25814,248.0678487,2.35867206,0.153453397,89.90306026
2818,10011.38839,248.613552,2.001516756,0.569459289,91.26739757
2819,9998.785032,249.3949134,2.457349905,-0.136592009,89.63965344
2820,10006.03213,249.8583927,2.467903464,0.251385073,90.84885423
2821,10010.65474,250.2117838,2.013519342,-0.4783808,90.2384555
2822,10005.18623,248.9635399,2.172904001,-0.157499539,90.51200132
2823,9997.405987,249.8410864,2.238384898,-0.064225372,90.46164852
2824,10003.17069,250.6194335,1.976290898,0.483246683,88.95953651
2825,10010.95368,250.9223521,2.157007492,0.315837643,90.04288662
2826,10007.6678,249.797848,2.068455161,-0.101697812,89.89755271
2827,10000.12337,249.73573,1.717250222,0.238312859,89.44217869
2828,10004.19064,250.2477842,2.077668864,0.240790587,90.21848084
2829,9996.600917,249.0069281,1.740846261,-0.118671034,90.8269392
2830,9988.914312,250.062939,2.123851251,-0.530696881,88.61217158
2831,9991.811814,251.1009452,1.777064343,-0.222565151,89.66144805
2832,10003.24942,251.0979737,1.854567035,-0.234223039,89.28581642
2833,9993.066297,250.2852443,2.137080349,-0.619071138,89.92461417
2834,9992.221187,250.8724933,1.938044708,-0.183475902,89.70595149
2835,9990.941415,249.929126,1.599420401,-0.253637291,89.54597352
2836,10000.96455,251.5559683,1.589340294,-0.247755145,90.17363066
2837,9998.577768,250.8730135,1.649990556,-0.340935018,90.62705013
2838,10000.54694,250.772862,1.826882688,-0.248620907,91.11972014
2839,9987.663936,250.7846485,1.798346576,-0.563913311,89.39936871
2840,9988.94456,251.1805789,1.537482035,-0.491661387,88.83889097
2841,9978.891753,250.8921982,1.452811073,-0.713104081,90.00909754
2842,9992.86952,252.0942859,1.723504329,-0.810182473,90.51493932
2843,9978.657283,251.1363519,1.612582171,-0.273837225,90.09676859
2844,9984.592941,253.2194796,2.063041329,-1.328314395,90.47335479
2845,9977.037083,253.1859553,1.622483662,-0.491383842,89.53772858
2846,9978.595541,250.9227425,1.962540169,-0.979123235,89.32601029
2847,9976.371689,251.9768056,1.351140123,-1.055807948,89.66887798
2848,9976.538695,251.3484974,1.257138237,-0.789411111,89.42628484
2849,9975.90457,251.7637594,1.335398105,-1.351074064,89.90355069
2850,9974.883092,254.1832512,1.785976627,-1.184491216,90.03737261
2851,9980.817595,251.9627969,1.889235916,-1.229073649,90.05706035
2852,9970.155436,252.7192308,1.372599355,-1.074521861,89.76889134
2853,9975.813714,252.9880189,1.429118854,-1.282207094,89.6171313
2854,9979.834588,251.5327824,1.280829363,-0.592556787,89.87210919
2855,9970.215222,251.7640172,1.146904244,-0.564748512,88.47412812
2856,9968.230742,251.4977435,1.648747885,-1.740419204,89.5416921
2857,9969.709664,251.901367,1.546740016,-0.999471654,89.44348477
2858,9975.805778,250.0197645,1.502548364,-0.933070339,89.50468323
2859,9969.925564,253.495686,1.220002884,-1.054603193,89.33528874
2860,9965.349932,255.085426,1.828818656,-1.440666518,89.57604782
2861,9969.479565,253.2579691,1.402216772,-1.34107603,89.05390217
2862,9960.606192,251.7715516,1.612916726,-1.515803671,89.88711478
2863,9968.58531,252.6214412,1.219816745,-1.439712296,89.54039515
2864,9966.285891,252.8804321,1.478384496,-1.697752226,89.36020003
2865,9961.77173,252.3954799,1.581733457,-1.389127799,88.91745716
2866,9958.18943,254.3456379,1.597033747,-1.82424097,89.65530562
2867,9957.024303,254.3667117,1.571879259,-1.450914159,89.33248399
2868,9963.210996,252.4705737,1.650332282,-1.781669943,88.8329965
2869,9965.764961,254.4192301,1.336923123,-1.36000588,89.1640704
2870,9955.520706,255.2876076,1.615193371,-1.63955226,89.48868621
2871,9960.090495,255.7284948,1.612222504,-1.360935834,89.43175799
2872,9946.458962,256.7547599,1.65058373,-1.134716065,89.38138642
2873,9953.070855,253.0496108,1.634485633,-0.992123375,89.16614457
2874,9954.942896,256.8362989,1.382091192,-2.235804042,89.61487358
2875,9949.658511,253.7167422,1.390798931,-1.73477654,89.70303681
2876,9948.637713,253.535725,1.229994301,-1.581223816,89.4350662
2877,9949.099331,254.5108535,1.855661606,-1.35663816,88.75503895
2878,9953.021933,253.6556369,1.877762426,-1.992936208,88.50218854
2879,9949.751909,254.6889646,1.901736474,-1.794202984,88.7418012
2880,9938.629914,253.0203495,1.815847196,-1.46086399,89.97324977
2881,9938.355103,254.1504442,1.349941796,-1.473550695,89.12002002
2882,9945.066915,255.7217936,1.593858447,-1.383428647,90.02524573
2883,9949.537501,254.4243901,1.856420429,-1.359961511,88.88488219
2884,9932.664647,254.6664948,1.87302181,-1.386492302,88.79863658
2885,9943.061982,255.0417953,1.825334555,-1.423641277,88.87418439
2886,9942.0933,255.7770094,1.967958848,-1.457349716,88.84840374
2887,9950.835661,252.9890917,1.921061465,-1.265649932,88.491054
2888,9941.143908,255.2649514,1.967644063,-2.126564398,88.2869562
2889,9944.164699,254.4465271,1.840576995,-0.979847098,89.09566339
2890,9942.142552,254.9136572,2.189771359,-2.09157257,89.35617568
2891,9929.975802,255.8374238,1.932210514,-1.739770202,90.03506334
2892,9943.667976,253.6118304,1.77718479,-1.468569275,88.57968235
2893,9940.108245,253.8199936,1.913956312,-1.182016155,88.60429751
2894,9940.783026,252.9218962,2.023134029,-2.264393749,88.379219
2895,9957.089466,254.3309124,2.316066957,-1.355035498,89.31202927
2896,9926.260563,256.2312969,2.132958828,-1.088452361,89.14111628
2897,9944.533792,254.7991103,2.127975354,-1.006194646,88.27973889
2898,9933.708662,253.5964377,1.938851957,-1.490954179,88.25181894
2899,9935.824619,254.4657744,2.368589441,-1.348057575,89.16401687
2900,9933.40905,253.4765015,2.10348215,-1.417571194,88.86433031
2901,9930.770703,253.8501015,2.235662108,-1.324339546,89.03703205
2902,9929.304704,255.3730409,2.572860358,-1.488809708,88.20169313
2903,9933.070181,253.8172893,2.399040556,-1.417700729,87.68959031
2904,9923.112394,256.1087413,1.991358163,-0.991239586,88.17648275
2905,9933.733715,254.9279326,1.982035651,-1.051686311,88.94349975
2906,9927.189405,255.085594,2.341164664,-0.912331252,89.64093653
2907,9922.916661,254.7205728,2.128682804,-0.963285412,88.35660817
2908,9925.620718,255.7687405,2.517216566,-0.782946003,89.69534359
2909,9933.467515,255.7740012,2.411267553,-0.696646482,88.95854527
2910,9923.823363,255.318848,2.45019279,-1.447624731,87.83348461
2911,9927.617925,255.5395417,2.289025523,-1.145569168,88.62353006
2912,9921.503912,254.751632,2.790833502,-0.922055298,88.935161
2913,9928.288823,255.4929084,3.022151967,-0.822044687,87.27724282
2914,9927.274822,254.597831,2.407858881,-0.978133857,88.79917125
2915,9932.446013,254.9209697,2.542967581,-0.464665496,89.05041997
2916,9921.688514,254.6251561,2.499446452,-0.104789603,88.65076074
2917,9925.280716,254.4216833,2.434429206,-0.602798194,88.40788824
2918,9921.806695,254.1669404,2.325140417,-0.5926244,88.33986385
2919,9927.182499,255.2989504,2.278520214,-0.32181367,88.29840163
2920,9916.50369,256.1151419,2.271115133,-1.094607364,87.81396714
2921,9923.225581,255.9469919,2.58075804,-0.484038312,88.04624918
2922,9917.937821,253.4887682,2.396001572,-0.156148515,88.16992912
2923,9918.009228,256.0020821,1.98325475,-0.599680888,88.42335054
2924,9918.215959,254.360381,2.585614793,-0.731212255,88.07673656
2925,9918.453651,255.2430616,2.485479372,-0.375168261,87.90928436
2926,9916.054837,253.6980455,2.757722136,-0.293527242,88.71260507
2927,9917.161418,254.7063313,2.557047208,-0.503564561,88.50706402
2928,9923.438703,254.8363395,2.179517397,0.442440099,88.04134748
2929,9919.944066,252.9944675,2.020958292,-0.28528885,88.5534756
2930,9918.839795,255.0420038,2.313473657,-0.442921892,88.06330149
2931,9911.702079,255.7325625,2.321677981,-0.079967497,88.31112804
2932,9909.027929,254.1631159,2.623546121,0.265466765,88.75700468
2933,9917.753645,255.6473333,2.420267851,0.043328725,87.95767229
2934,9916.869087,254.0451581,2.634852608,0.228744211,87.66357125
2935,9919.372668,255.0304287,2.128201093,-0.133500312,88.16761901
2936,9908.518673,251.9065945,2.570290663,0.619031082,87.54903902
2937,9909.92894,256.4866126,2.5045628,0.385854098,88.08280942
2938,9902.426262,255.5043362,1.938944606,0.57607191,88.07215492
2939,9908.217265,253.6636922,2.588485156,0.415494711,86.97175034
2940,9914.727392,251.9140891,2.323213709,0.597321484,88.46020837
2941,9906.986007,254.1105125,2.362730189,0.131535408,88.09502479
2942,9912.103895,252.3133357,2.090430688,0.289268875,88.76897815
2943,9907.541103,254.135389,2.496889547,0.88348401,88.27763836
2944,9909.715177,254.0338993,1.982495438,0.989878693,88.52970212
2945,9901.966898,252.6112795,2.363361018,0.219782981,88.74912647
2946,9907.751095,254.6025779,2.337848565,0.680262559,88.08064241
2947,9891.998328,254.2147211,1.955243812,0.51695291,88.13866856
2948,9905.657792,254.3111417,2.522727131,0.477439352,87.34507384
2949,9898.087512,253.2690139,2.148018155,0.811695596,88.74456643
2950,9911.926832,251.768166,2.207896801,1.107573892,88.04508848
2951,9909.450287,254.0838227,1.746907184,0.939136374,87.60839974
2952,9907.572441,252.7565971,2.450959607,0.745413297,88.47464296
2953,9912.529428,251.5569957,1.757515962,1.032597702,87.00859734
2954,9899.874633,254.2174438,2.182412313,0.806228546,87.8777472
2955,9913.060388,254.8822945,1.75354476,1.073115001,88.54062697
2956,9908.698454,252.6580083,1.803884147,1.402825266,87.861889
2957,9902.57824,254.7736673,2.060796278,0.394257071,87.71625936
2958,9909.172262,252.6201048,2.08416191,1.289184477,87.86180582
2959,9897.705488,252.0615666,1.600303724,0.619951191,87.05977448
2960,9898.866856,251.7238198,2.048927737,1.480851434,88.41752775
2961,9899.70865,253.9026747,2.01652496,0.950929848,87.99358895
2962,9899.878607,251.3958562,1.597114814,0.805392771,87.9143076
2963,9897.022351,252.8208068,2.082149774,1.40687806,87.91176848
2964,9908.211968,251.4350769,1.449357315,1.334073032,88.04897096
2965,9900.603485,251.4418396,1.594730952,0.950488406,88.36467382
2966,9903.471296,252.8395408,1.795143262,0.898641878,88.00814365
2967,9898.677857,251.3356753,1.509038235,1.241447686,87.34977401
2968,9892.257288,251.2166515,1.713724518,0.958448539,88.31496414
2969,9902.551145,252.6593379,1.691232548,1.022027605,88.273302
2970,9891.490017,253.0284061,1.58855138,1.394744275,88.12378933
2971,9900.56845,251.9796019,1.776330133,1.088661129,88.55585306
2972,9893.940282,250.5835116,1.54903683,1.523508499,88.03082649
2973,9910.598397,250.6305469,1.626889182,1.858457987,88.56892837
2974,9905.108923,251.1234882,1.796795653,1.381446301,88.7146477
2975,9900.980916,251.2665032,1.713639849,1.478372946,88.30019938
2976,9906.680672,249.8593291,1.701818408,2.056776052,87.63327597
2977,9896.050515,251.471516,1.305029597,1.105779987,87.94024903
2978,9902.929419,250.7349751,1.631237195,1.828828415,88.62366846
2979,9901.150981,248.8344774,1.34317614,1.800788457,87.25422464
2980,9901.42192,249.5217631,1.25639268,1.742568223,87.80605956
2981,9906.423468,249.8468845,1.493352242,1.879201675,87.82975159
2982,9903.694035,250.1783386,1.323082819,1.579911698,87.56802619
2983,9901.455064,252.0405578,1.659553632,1.323576185,88.43666839
2984,9891.726879,250.2894725,1.663071577,1.828194337,88.18843385
2985,9895.200954,249.110531,1.119622963,1.839692591,87.64449454
2986,9899.397511,250.0719548,1.335720797,1.830101921,88.30297757
2987,9900.497786,249.3993169,1.211903353,1.509177642,87.92141036
2988,9894.40977,249.9763429,1.415054303,1.276941787,87.55611849
2989,9912.159031,250.1324718,1.603565558,1.543839422,87.64555376
2990,9907.732467,250.6616334,1.470241489,1.762392668,88.22103548
2991,9903.220922,249.3288339,1.408118947,1.778990465,88.47371155
2992,9900.640328,250.8930574,1.794662363,1.333418938,87.76221875
2993,9899.298883,250.0633943,1.083375076,1.546254503,88.27941923
2994,9895.690084,248.3495447,1.802579238,1.047023619,88.79987061
2995,9900.936782,251.1688297,1.458317306,1.721861025,87.38155232
2996,9901.947791,249.1883747,1.564605105,1.176818607,88.1910155
2997,9894.569808,247.9291174,1.488855396,1.631552548,88.43090006
2998,9902.578997,250.3205108,1.91802081,1.034092989,87.9705874
2999,9900.271234,250.6492642,1.379338803,1.669976653,88.64009218
3000,9891.6578,248.4429216,1.644909059,1.437545552,89.12335527
3001,9897.054102,247.8773665,1.765970207,1.085823996,88.19879821
3002,9899.457052,248.1143592,1.357051232,1.505686409,87.91370673
3003,9911.142419,248.9078686,1.514843164,1.098050813,88.52257102
3004,9904.675476,249.378119,1.68951089,1.475758101,88.45888865
3005,9895.413844,248.5786349,1.562839376,1.143264698,86.78240956
3006,9904.729765,248.0185528,1.598729248,0.682687688,88.04462389
3007,9894.781165,249.3243566,1.714145546,0.876701618,87.85305397
3008,9908.15899,247.4238931,1.936844414,1.013672537,88.25326354
3009,9900.627487,248.6789389,1.76167724,1.523595677,87.96283306
3010,9902.762206,247.2721874,2.069623042,1.352822329,88.02201969
3011,9910.116324,247.9044798,1.678468333,1.538003775,87.63814043
3012,9897.318127,247.2741114,1.652022412,1.514356337,88.44234351
3013,9897.044584,247.2470839,2.31230685,0.824344582,88.9081246
3014,9901.398004,246.8418904,1.820259417,0.89384159,87.66248404
3015,9909.80329,248.4815841,1.714602262,0.791766211,87.3937004
3016,9897.319598,246.3224024,1.653365522,0.677635973,88.10832819
3017,9891.069992,246.2348724,2.241784208,0.289788588,88.09028758
3018,9903.298895,249.0170843,1.983422926,0.800202574,88.69656017
3019,9908.646756,247.796166,2.025733012,0.380622991,87.50316356
3020,9912.232135,244.356705,2.069234598,0.717017272,87.85563893
3021,9904.26717,246.1013635,2.328010865,1.322321754,87.05780792
3022,9904.887336,244.7807697,2.113550178,0.494489872,88.82638121
3023,9913.084771,245.569568,2.641927195,0.664845972,88.27157766
3024,9898.346625,243.3106356,2.223096147,0.836982924,87.92219022
3025,9906.142027,246.2424725,2.431437821,0.607141983,87.50055687
3026,9909.435238,245.1692802,2.402318087,0.568395324,87.55442435
3027,9911.136852,246.3043627,2.255566849,0.329092258,88.38494862
3028,9906.758476,244.5540738,2.16639131,0.325018513,87.63243767
3029,9909.905534,246.1983728,2.370398171,0.06299257,88.2466693
3030,9897.726539,245.6383643,2.425485154,0.560907178,89.22483595
3031,9907.320763,247.4946318,2.227599726,-0.259532237,88.0384463
3032,9913.332317,247.3450369,2.393181122,0.50982674,87.74057325
3033,9906.614965,246.6616532,2.624051162,-0.247220933,88.42153231
3034,9912.291866,245.4939709,2.806754703,0.41790262,87.62704302
3035,9914.710616,247.7519138,2.578612299,-0.021909165,89.10951734
3036,9911.251569,244.1611403,2.794244519,-0.330284665,88.96109614
3037,9914.313399,244.2599733,2.308717874,0.168070039,88.1871358
3038,9909.152836,245.5308397,2.586783046,0.227920356,87.83068339
3039,9913.447465,247.8215059,2.724808592,-0.227078213,88.07672549
3040,9918.054176,245.3197468,2.287393595,0.075669914,88.1522291
3041,9916.319034,245.2952495,2.377931403,-0.870770778,88.50246695
3042,9913.141033,243.994802,2.829832166,-0.625989787,88.84128995
3043,9917.742684,246.3426848,2.293227853,0.113553123,87.81417572
3044,9920.750901,246.3118155,2.224797663,-0.38538226,88.84901183
3045,9907.492679,246.111455,2.802163728,-0.920770967,88.66369051
3046,9924.110514,244.6587707,2.738222642,-0.615266441,88.11240812
3047,9917.214797,244.5487809,2.586349714,-0.725761329,87.83456546
3048,9921.612557,243.9317594,2.490589629,-0.54126047,88.44781851
3049,9926.06843,245.2800582,2.410583924,-0.644985717,87.87184967
3050,9913.828908,244.0890038,2.551990183,-0.521889026,88.92558595
3051,9917.753082,243.9671523,2.80763464,-0.637698511,87.86406436
3052,9920.478425,244.6979778,2.534230387,-0.249671938,88.71227647
3053,9918.63109,244.6115634,2.913536888,-0.570372364,88.41068898
3054,9931.860975,244.5437517,2.292984398,-0.599950774,88.1834134
3055,9919.546547,245.5311527,2.45988322,-0.426556956,88.4251924
3056,9921.704406,245.1287079,2.379294905,-0.930888113,89.02963438
3057,9926.163369,244.7484361,2.225831068,-1.230241338,87.90669977
3058,9919.797446,245.2085224,2.40008845,-0.526241173,88.3100856
3059,9924.503979,244.0248895,2.500940338,-0.883434472,88.15377587
3060,9928.75119,245.1145955,2.508046326,-0.917404654,88.5239699
3061,9926.188445,245.154816,2.822008748,-1.183368788,88.2147145
3062,9928.081852,243.4980616,2.464560234,-1.211692242,87.6869351
3063,9926.60531,245.9956965,2.584513556,-0.804960867,88.05747063
3064,9922.389877,244.1194634,2.349638468,-0.794969748,89.41812209
3065,9932.287457,245.0941008,2.653123289,-0.885627129,88.73695393
3066,9940.178351,246.173095,2.777500961,-0.91228471,88.73425474
3067,9932.226748,245.9412488,2.383582693,-1.007828294,88.5013886
3068,9933.998901,245.0587878,2.057695156,-1.166383695,88.63163889
3069,9937.080747,244.6728281,2.124686813,-1.284672604,88.4574367
3070,9928.021672,245.9956974,2.26846954,-0.894070958,88.95083075
3071,9943.638652,245.7377195,2.280487051,-1.393262423,88.752926
3072,9936.901965,244.4614733,2.305504366,-1.1929775,88.13217231
3073,9944.820258,244.3037265,2.234076308,-1.566826781,88.86008172
3074,9933.772795,243.0470072,2.11929617,-1.543871238,87.51938824
3075,9947.311512,245.2960887,1.966227227,-1.436175161,88.97135365
3076,9942.886401,245.0839967,2.149028677,-1.624528863,88.07553403
3077,9942.571343,246.3294567,2.41496064,-1.160765443,88.74809531
3078,9941.777804,245.5808139,2.223001147,-1.820044892,88.21483982
3079,9940.172516,246.5863927,2.100960945,-1.40010538,88.82971478
3080,9948.231154,244.587103,2.174953216,-1.403074698,89.13370917
3081,9943.749408,246.4568075,1.869924086,-1.997721413,89.61236572
3082,9934.037069,244.8258032,1.817720551,-1.597134164,88.10676953
3083,9939.116907,246.1702361,1.745254772,-1.397144389,89.38179326
3084,9944.609561,243.973645,1.845455597,-1.352936715,88.97635215
3085,9947.930182,245.709129,1.762136521,-1.549214839,88.70227017
3086,9946.944004,243.5327064,2.064601004,-1.289884749,89.32446718
3087,9954.173837,245.2954505,1.704732269,-1.529431065,88.84361723
3088,9939.180702,246.0499105,1.61660391,-1.494878421,89.33748948
3089,9950.516485,245.1373126,2.143572003,-1.424467265,88.49983606
3090,9941.576004,244.6583048,1.643302066,-1.221502802,88.69681949
3091,9955.33675,246.6070386,1.743469268,-1.700607815,89.5025638
3092,9951.943029,245.7113307,1.782932546,-1.640880698,89.79100672
3093,9955.395266,245.3807702,1.446001932,-1.691099556,89.04842837
3094,9949.864364,245.9694359,1.901926364,-1.584345108,87.69003111
3095,9961.472248,248.6230372,1.764605217,-1.049734584,89.00197383
3096,9961.179184,247.2003044,1.932116869,-1.297376589,89.13562427
3097,9959.788322,247.2713899,1.468803038,-1.798788256,89.02102532
3098,9957.127367,246.6079336,1.609668119,-1.628549153,89.32366834
3099,9961.582815,246.4039747,1.583934826,-1.324235151,88.93521561
3100,9956.061773,243.9080142,1.616121707,-1.694375546,89.61136014
3101,9964.790761,245.6932016,1.260792805,-1.625103033,88.62690302
3102,9969.681083,245.9611439,1.563375255,-0.987824273,89.84709793
3103,9967.711284,244.637786,1.246554161,-1.557883927,90.02220404
3104,9959.638536,245.4276169,1.595322861,-1.068793868,88.80920109
3105,9966.025623,244.6779168,1.090925938,-0.958700047,88.82757081
3106,9958.688394,246.6954864,1.14054622,-1.534237045,89.5084297
3107,9968.955104,247.6289397,1.670003741,-1.558905909,88.72825285
3108,9969.288611,247.9945875,1.393590725,-1.351312854,89.09441045
3109,9958.63225,247.3814816,1.303293565,-1.57047609,89.91089012
3110,9963.121352,246.0833983,1.754188644,-1.181872741,89.74740881
3111,9968.466624,245.1960081,1.565948795,-1.253077326,90.38774453
3112,9969.333078,245.453632,1.676494303,-1.055334433,89.5021396
3113,9965.747966,246.0250613,1.471725112,-0.715505006,89.13048802
3114,9974.701039,246.4898097,2.045033836,-0.859401102,89.48074467
3115,9974.977033,247.3045949,1.39356687,-0.92693911,89.39909913
3116,9973.714467,246.5368675,1.86994387,-1.631623745,89.4254377
3117,9971.875534,247.9776754,1.516543809,-0.875957047,89.50118797
3118,9981.86914,247.4950383,1.206864907,-0.458434159,89.06662874
3119,9985.876091,247.8273788,1.644442045,-1.843754193,89.69308998
3120,9976.156939,249.0474782,1.622060203,-0.698311183,88.86716329
3121,9976.491745,246.8182276,1.361180723,-0.916647473,89.23263828
3122,9982.988496,248.5091962,1.40040979,-1.086710459,89.55120976
3123,9979.724135,248.1693144,1.594360326,-0.553616902,88.50050898
3124,9981.800969,247.943324,1.684697169,-0.242512719,90.03445487
3125,9987.181645,249.2562785,1.137025631,-0.483644453,88.64309032
3126,9974.923673,249.3448999,1.859115171,-0.787715894,90.02420292
3127,9992.050594,247.6148721,1.567802469,-0.918935217,89.06277699
3128,9986.812567,248.4752548,1.419396822,-0.551469678,89.52652394
3129,9985.383136,249.0352167,1.893789354,-0.291335548,90.00837735
3130,9987.987124,248.5780862,1.721418079,-0.62733269,90.86773565
3131,9989.239291,249.5336618,1.990624965,-0.555802065,89.84676888
3132,9981.766045,249.3278005,1.856863786,0.420864308,88.81712786
3133,9998.892607,250.9775192,1.791428653,-0.058805649,90.30520589
3134,9992.621268,247.7133702,1.784164348,0.006316041,89.73233359
3135,9995.627132,249.2202072,1.934694799,-0.732824838,89.90319575
3136,9999.16801,248.5333976,1.779292441,-0.462646927,90.16713674
3137,9990.303148,250.1454876,1.715675552,-0.183611665,88.79549024
3138,9998.775479,248.0238718,2.032647737,-0.461697857,89.93143081
3139,9996.069431,250.0871635,1.906467475,0.363567378,89.74330579
3140,10002.64127,249.2107131,1.966939258,0.351451546,90.57906573
3141,9988.771213,249.2065742,2.203061796,-0.186731608,90.35170388
3142,9999.911874,248.594236,1.987407635,0.553505714,89.19464594
3143,9998.393197,249.6756401,2.038161417,0.062036146,90.65945893
3144,10004.56843,251.3251422,1.940108537,0.885053357,90.27290482
3145,10005.75691,250.3152823,2.170920168,0.196469542,89.29451294
3146,10000.86779,251.0678445,2.17925962,0.370611042,90.11599495
3147,10001.84384,252.204323,2.313697742,0.662235798,90.62550729
3148,10005.84964,250.902738,2.041631839,0.669848298,89.52103733
3149,10002.91736,250.1792285,2.089415541,0.483813558,90.83680016
3150,10012.60736,251.3040307,2.362475391,0.331989974,89.41163452
3151,10007.54744,250.3908981,2.277049474,0.571973139,89.79225595
3152,9995.853628,250.5288132,2.067355811,0.215903404,89.73633596
3153,10009.50851,249.6109715,2.531281443,0.549009446,90.91611931
3154,10007.18282,252.1542978,1.950976924,0.212734747,90.00200268
3155,10005.21084,250.9387226,2.46749388,0.052929254,89.68593579
3156,10008.17042,251.6029784,2.076787983,0.64346008,90.50975655
3157,10015.8935,250.4805049,2.725357151,1.047588266,90.63751971
3158,10022.97704,252.0473946,2.056778242,0.98661717,90.66044466
3159,10018.88549,250.9438412,2.612733002,0.723635027,90.21072177
3160,10015.27106,251.657727,2.381585176,1.310965226,90.49333861
3161,10021.56527,252.7701952,2.339226138,0.654101372,90.06059841
3162,10017.97054,252.7753051,2.463229435,0.286679181,91.24272071
3163,10017.77121,252.0538985,2.56506847,0.243832014,90.99698685
3164,10016.4485,250.3983499,2.269250108,0.579729987,90.98588458
3165,10014.43504,255.2489774,2.297289378,1.213858944,90.8609416
3166,10022.21612,254.0908092,2.599533734,0.812343049,90.74318136
3167,10025.92514,253.1554706,2.13613622,1.174081341,89.88051621
3168,10025.61838,251.7664644,2.367557279,1.561756514,90.83868054
3169,10024.98568,252.4919406,3.098128019,0.768959149,90.59844281
3170,10023.29809,252.1469347,2.300750846,1.27266588,91.19221838
3171,10032.02655,254.0379573,2.727041181,1.319916477,90.98341602
3172,10023.35527,253.1192409,2.38217421,0.928075427,90.87400878
3173,10034.77368,252.1540682,2.601808983,1.619561782,89.77575838
3174,10026.83198,252.5477957,2.630256943,1.152896182,90.59236096
3175,10029.02722,254.2188504,2.723314798,1.148876995,90.37684187
3176,10026.39853,254.7756324,2.454366783,1.921143928,90.80083215
3177,10032.16513,254.7804683,2.887852787,1.466988251,90.48566877
3178,10040.48493,254.0844702,2.366641922,1.609064605,90.5741944
3179,10039.11916,253.1487837,2.524575673,1.758066292,90.9603374
3180,10042.36214,250.2325047,2.518815252,1.175360838,90.53333147
3181,10041.006,253.8423989,2.236220362,1.763120632,90.82870144
3182,10033.79835,253.6132124,2.39314236,1.25402807,90.02662807
3183,10038.58024,253.8233797,2.471196779,1.256367247,90.388483
3184,10037.24665,253.8041779,2.339950131,1.352034549,91.15097477
3185,10048.70987,252.4894014,2.90097368,1.259605193,90.22604389
3186,10036.9782,254.4369289,2.230446942,1.704160171,91.48210533
3187,10048.33147,254.5740417,2.618444139,1.547653372,91.36445939
3188,10049.22421,254.6848925,2.537282577,1.328779143,90.76107393
3189,10054.79953,255.008258,2.345734771,1.685825837,92.41239563
3190,10044.49041,254.7232354,2.157110884,1.406912429,91.55232874
3191,10050.98322,253.7650095,2.157321918,1.395698463,90.4737925
3192,10059.70789,254.1583872,2.187422538,1.512032546,91.33907973
3193,10046.08462,254.3728425,1.91318337,1.63842571,91.01638809
3194,10042.3659,254.440198,2.048278481,1.616952774,90.61246603
3195,10041.50432,255.3797641,1.930493904,1.390284702,90.48313293
3196,10055.32612,255.0725106,2.473614493,1.751304565,91.53269779
3197,10043.19981,256.5517092,2.305071264,1.42701735,90.75333849
3198,10051.60171,256.724569,2.315059547,1.29246038,91.01832791
3199,10056.49227,254.6396767,2.251722479,1.042429404,90.62560107
3200,10056.06855,250.7634746,2.143106154,1.770335162,90.72877439
3201,10058.10134,255.8752258,2.377331012,1.470316617,91.05601781
3202,10057.91142,254.1344248,1.938311788,1.519759436,91.33009066
3203,10064.01448,253.9078552,2.056916494,1.758825989,89.85822343
3204,10053.67298,254.3435481,2.160023635,1.289150151,91.17715117
3205,10055.85816,254.3261079,1.721372805,1.006050114,90.81180216
3206,10056.18248,255.4138693,2.579971169,1.424025531,91.9020969
3207,10064.99338,253.2690916,1.941503627,1.478938529,92.68822471
3208,10066.13497,253.7758032,1.939485939,1.289906286,91.05302001
3209,10064.6735,255.2197378,2.137983463,1.791861429,90.38723311
3210,10069.11299,255.520628,2.045402152,0.583654659,91.32234891
3211,10058.07715,255.5583712,1.84617382,1.644089631,91.17663241
3212,10073.06891,254.1469723,1.841134754,1.522809568,92.28033111
3213,10073.10794,253.9709484,1.491291942,1.398728709,92.1431297
3214,10069.92227,254.4558051,1.658360862,0.236025571,91.75757078
3215,10075.89895,255.2135536,1.851204175,1.595948198,91.04645203
3216,10059.44593,256.4684098,1.815279278,0.875747235,91.69346415
3217,10065.83912,252.9427537,1.950156043,1.00320055,91.50173039
3218,10065.51031,254.7747245,1.661979905,1.075121141,91.50439823
3219,10073.51278,253.6660391,1.389564673,1.218301554,90.61899275
3220,10065.36624,253.3477398,1.860142193,1.256695365,91.94323658
3221,10075.10892,255.9662041,1.918665934,1.300551619,91.48033308
3222,10078.87149,255.5411373,1.794670126,1.244358646,91.38995561
3223,10076.18499,255.441213,1.566829869,1.04148432,91.15410136
3224,10074.81063,255.9060755,1.793970106,1.055517542,91.07102927
3225,10069.12807,254.496607,2.257448335,0.567811611,91.63997794
3226,10070.50133,254.5329741,1.582340658,0.633221192,90.62013024
3227,10081.64435,257.1386417,1.285708306,1.08988619,91.90267454
3228,10079.94614,254.6916585,1.420673711,1.034390791,90.99393518
3229,10076.49983,255.6567049,1.654055929,0.961642739,90.50455819
3230,10075.24324,254.909329,1.200207228,0.550782853,92.45760344
3231,10067.83388,253.0341025,1.548452897,0.938225939,91.13021484
3232,10073.23099,252.8151927,1.58525712,0.276076855,91.21062544
3233,10088.75682,254.2563543,1.812058416,0.906468063,92.15126367
3234,10073.404,255.8650225,1.764154474,0.463283914,92.52334105
3235,10081.35225,255.5688721,1.673358348,1.004593956,90.84159629
3236,10086.03261,255.6644047,1.067480111,0.000258512,91.14182372
3237,10075.30321,253.7311283,1.685050762,0.942649667,91.19021702
3238,10083.07565,256.3000068,1.644014677,0.261754231,92.11044279
3239,10087.40774,253.6833272,1.557415199,0.21258168,92.47392925
3240,10083.33845,254.8232718,1.164730399,0.340815269,91.12539269
3241,10098.16743,254.560478,1.361191352,0.028924008,92.38388088
3242,10076.02349,254.355511,1.290161272,0.171818813,91.33281274
3243,10090.19278,255.8247199,1.128694767,-0.072474688,91.86604411
3244,10084.55928,253.7359657,1.540454569,-0.106344111,91.07273887
3245,10089.7985,253.0446431,1.391961487,0.20510892,91.65781273
3246,10088.65245,254.3656583,2.08819629,-0.256411462,91.67336192
3247,10083.27851,253.8955124,1.542081984,-0.261397684,91.58130657
3248,10088.57895,257.6206802,1.848348389,-0.487746545,91.94116478
3249,10078.62539,254.8660657,1.29056513,-0.271989818,91.25478255
3250,10091.40328,253.7248028,1.514143027,0.227877273,91.3258792
3251,10090.34114,253.0209634,1.656265929,-0.464027118,91.99594301
3252,10092.49807,252.1380873,1.472888568,-0.474191488,92.457113
3253,10095.04085,252.9328502,1.588575746,-0.240750192,91.78359828
3254,10092.02487,254.0111213,1.648739518,-0.45412196,92.0555708
3255,10091.35471,255.2600601,1.665630933,0.281915618,92.19132533
3256,10086.62736,254.8894394,2.104237895,-0.478588933,92.23590661
3257,10087.88093,253.9303569,1.830327913,-0.372178052,91.35207828
3258,10097.77589,253.3101258,1.87266641,-0.232100495,91.44833927
3259,10099.4149,253.8326839,1.907334867,-0.279881673,91.49962715
3260,10091.42445,252.9743861,1.945070188,-0.528791168,92.81661694
3261,10093.21753,255.1391435,1.829552061,-0.688099239,92.11384688
3262,10088.82767,253.1579765,1.805949325,-0.072960241,92.09867266
3263,10099.56841,253.1858772,1.927755639,-0.749892588,92.05721037
3264,10097.37622,250.9801321,2.150311008,-0.89161932,91.22058608
3265,10104.09034,252.9229808,2.16895823,-0.991331619,92.8567802
3266,10090.3183,253.8761136,1.920531965,-1.353364751,92.13379216
3267,10093.13608,251.8919049,2.147159921,-0.625834198,92.26210245
3268,10096.49005,252.1277213,1.979669791,-1.612949548,91.0238957
3269,10098.86243,253.5888156,2.050309917,-0.945638371,92.30242156
3270,10094.83925,251.2359918,1.973671398,-1.039922734,91.74024544
3271,10091.83079,253.6859094,2.056716409,-0.340137458,91.26252038
3272,10100.87102,252.0103728,2.385748248,-1.594374011,91.45239784
3273,10100.3284,252.0673397,2.160109617,-1.347020935,91.30200745
3274,10092.39043,251.2444384,2.192471052,-1.148361245,91.29854389
3275,10103.98839,252.6578247,1.899346708,-1.196636762,91.97449739
3276,10103.29182,254.6502002,2.149845318,-1.331063428,91.75543516
3277,10098.33222,252.8814991,2.18580583,-1.218269013,92.12024943
3278,10098.26887,251.1445502,2.090029774,-1.598539553,92.79540556
3279,10100.84153,253.0524863,2.281341701,-1.139112443,91.8966729
3280,10093.95327,251.5074496,2.211629931,-1.967193924,90.84279111
3281,10098.59267,253.1051479,2.333179819,-1.301813554,91.84787112
3282,10087.85147,252.4431809,2.360402723,-1.496359594,92.56896503
3283,10103.15669,248.5985499,2.163032642,-1.032351504,91.93251844
3284,10091.11808,250.4421822,2.291639276,-0.830426442,92.74317632
3285,10106.5839,252.2946389,2.403122351,-1.474896064,92.20780676
3286,10097.54754,251.4053627,2.639806327,-0.975685356,91.06482793
3287,10098.26123,250.1328998,2.468582065,-1.503807221,92.04118236
3288,10096.29238,250.4255539,2.298100106,-1.713611516,92.13712168
3289,10098.0924,249.0549708,2.522461011,-0.913522391,92.53082988
3290,10106.71685,250.7745137,2.795236335,-1.293287002,92.90230214
3291,10087.26678,252.9749111,2.647000269,-1.459110364,92.44797925
3292,10106.16231,251.4701835,2.581937793,-1.263896363,92.21578961
3293,10101.52929,252.7564297,2.625143199,-1.396069836,92.33487752
3294,10093.85576,251.348946,2.774408836,-1.506054508,91.91381397
3295,10094.55602,251.3943779,2.706720458,-1.888836813,91.26721266
3296,10108.34626,252.2411801,2.608895516,-1.57634335,92.02003397
3297,10095.25848,250.5444607,2.711981624,-1.311136103,92.18236552
3298,10094.23099,249.8799993,2.283387327,-1.536526359,91.39812599
3299,10105.68604,250.9998864,2.199479828,-1.22922978,92.66330008
3300,10101.68395,251.3210845,2.53031837,-1.383713744,92.50252923
3301,10095.28328,249.2873481,2.510353556,-1.759785062,91.31357749
3302,10101.02776,248.9459052,2.384312892,-1.88828306,92.68180888
3303,10094.77761,249.7066248,2.653510446,-1.534529152,91.8439702
3304,10105.36222,250.2997351,2.109791608,-1.638149727,91.60791644
3305,10105.10672,250.1670074,2.368228628,-1.372157548,92.53563619
3306,10102.39167,247.8456813,2.369823013,-1.679342637,91.96910566
3307,10101.46175,251.0826796,2.130018017,-1.638048874,92.94266159
3308,10108.37122,248.4314648,2.745545869,-1.125732107,91.56486166
3309,10099.4656,248.7094918,2.16296444,-1.384116588,91.12351455
3310,10093.44973,247.9742397,2.304254924,-1.625034431,91.84696286
3311,10101.48847,251.4780094,2.589582541,-1.393289902,92.37943323
3312,10109.54341,248.9250258,2.522239558,-0.968016575,91.51869199
3313,10093.90154,247.7357815,2.155457079,-1.275418018,91.31445656
3314,10097.02029,249.3550468,2.496708855,-1.166305751,92.09101578
3315,10100.75222,249.1652292,2.400386564,-1.549288643,91.24155615
3316,10098.23298,248.1139782,2.790399539,-0.99392859,92.12339643
3317,10093.41365,249.048603,2.385133957,-0.583488265,91.79619189
3318,10103.74729,247.2897121,2.25589025,-1.492272835,92.20999334
3319,10109.54123,247.5298476,2.091920764,-1.58418507,91.2669061
3320,10098.71491,245.9211019,2.092797108,-1.150631967,92.6037666
3321,10092.99736,246.5167476,2.0543126,-0.913238003,91.85883684
3322,10089.5466,249.5585733,2.470958268,-1.174843077,92.32758944
3323,10098.34526,249.3035145,2.17711283,-1.433892146,92.42104528
3324,10102.32903,247.6399531,2.262914907,-1.120003465,91.35747041
3325,10098.93007,249.1501447,2.428687052,-0.876519912,92.37221336
3326,10096.27714,247.2411927,1.629802224,-1.145626238,91.21324983
3327,10093.0681,247.0729502,2.332673642,-0.807988185,91.23522038
3328,10090.26934,247.289038,2.063189901,-0.606508373,92.89660287
3329,10099.61005,247.0248795,2.114201573,-0.848749075,92.46465249
3330,10099.70173,246.8530186,1.836524669,-0.893270573,92.93948957
3331,10087.0913,248.1311994,1.826188336,-0.599354706,91.71129187
3332,10102.44673,247.0587283,2.050047251,-1.067496488,91.941165
3333,10097.03603,247.5431022,2.40438177,-1.058858002,92.14699082
3334,10100.82237,247.7852965,2.103490317,-0.813500401,91.87039011
3335,10086.7631,247.0666957,2.131540563,-0.841516089,91.49640669
3336,10086.28461,245.6341611,1.815947896,-0.894753872,91.41423221
3337,10091.99956,245.1788472,1.71058353,-0.063821432,91.9618193
3338,10094.87974,246.6091616,1.65116296,0.079976918,91.31388641
3339,10100.95979,246.2192084,1.686850371,-0.635877208,91.292128
3340,10095.11135,246.4093836,1.35166842,-0.459917907,92.02840521
3341,10089.96137,246.2389368,1.595555142,-0.501015677,91.77591583
3342,10085.62763,248.7730611,1.607431002,-0.069242132,92.28379259
3343,10096.4851,244.795282,1.664093719,0.033734007,91.59424619
3344,10085.07816,244.0731324,1.705931028,-0.847284418,91.50740568
3345,10097.60162,246.3346008,1.733287712,-0.127164983,92.00096232
3346,10087.58601,245.5665456,1.639876825,-0.617634616,91.37414623
3347,10096.5006,246.2014031,1.509530303,0.346476457,91.44188983
3348,10091.47324,246.4132311,1.217039471,-0.004184866,91.45234444
3349,10086.91569,247.0591338,1.479517275,-0.338395597,91.64716236
3350,10084.51702,244.2151743,1.385970008,-0.118836367,92.62849827
3351,10084.91408,245.1147642,1.660603255,-0.08814055,91.04397794
3352,10088.25616,246.0510566,1.737258455,0.201080391,92.37004527
3353,10085.9877,246.3453233,1.732237525,0.401074982,92.08093175
3354,10082.11165,247.7226436,1.686174649,-0.211085941,92.48510348
3355,10083.72282,246.4410206,1.499502543,0.729757614,93.25936261
3356,10084.40569,245.3864565,1.414424399,0.704433007,92.39598253
3357,10072.82255,244.5125604,1.363205494,0.004523177,92.1321579
3358,10085.20214,244.800296,1.206154975,0.333114668,91.00197772
3359,10077.44947,244.735327,1.702284819,0.868390449,91.05385042
3360,10076.00996,245.948576,1.466471148,0.76857761,91.8156276
3361,10072.76027,245.5175351,1.250890781,0.340874467,90.77490184
3362,10071.63978,243.905979,1.334855391,0.728996985,91.91990455
3363,10073.2362,244.7647261,1.328003156,1.426216,90.53280778
3364,10075.86452,246.0510939,1.512493172,0.600491664,92.16430919
3365,10088.56417,245.5000579,1.721112294,0.42052434,91.41510729
3366,10075.54884,245.69383,1.442981959,0.702870671,91.62686328
3367,10078.43954,245.4868467,1.068252608,0.765350258,91.17682966
3368,10078.91799,246.7110538,1.488305537,0.573641322,90.58904851
3369,10076.92802,245.3033302,1.503469516,0.902449725,92.14280143
3370,10075.23495,244.6659015,1.499453929,0.431908834,92.18029402
3371,10068.98761,244.1227856,1.429814088,0.646108588,91.32353772
3372,10081.55314,245.2767509,1.610773987,1.110020642,91.81693475
3373,10082.66147,242.5770273,1.593575803,0.392070182,91.27706402
3374,10064.53182,244.8260251,1.589491838,1.224639326,91.60314716
3375,10067.1373,244.7990527,1.692110139,0.384393995,91.82471846
3376,10070.1635,243.6369983,1.539715109,0.502001264,91.70879344
3377,10066.03781,244.0717791,1.545399948,0.904196058,92.08769477
3378,10072.68119,245.8102783,1.936670169,1.171491448,91.66246757
3379,10065.79385,245.233908,1.791293232,1.513577174,91.4027465
3380,10079.53739,245.1095587,1.864389278,1.162846397,90.99353281
3381,10073.93489,245.3206888,1.964551243,1.100124034,91.12039028
3382,10068.30825,245.115534,1.845550949,1.375438438,91.74993337
3383,10071.63683,246.2763249,1.947720596,0.966687037,90.57912464
3384,10071.28126,245.169434,1.468449344,1.295068774,91.86793877
3385,10062.1753,243.6023157,1.847963759,0.917570055,91.15932897
3386,10060.15074,246.7071585,1.793885967,1.325191217,90.8753336
3387,10063.85291,245.4658377,2.18968699,1.283303009,90.71988173
3388,10066.99439,244.5266742,2.063764339,1.101623436,91.59090805
3389,10062.59926,243.8849104,1.776535604,1.411857386,91.23075845
3390,10053.23053,245.5585551,2.001816271,1.428125455,92.0166929
3391,10056.30684,245.0717325,1.985608321,1.750169715,90.5748814
3392,10059.15051,246.7912393,2.067872752,0.931558757,90.9013257
3393,10058.33551,244.9012863,1.798229854,1.404877544,91.12816619
3394,10067.76414,244.441815,2.098988528,1.212772108,90.78210022
3395,10050.15329,246.2088824,2.006274404,1.713641389,91.14472395
3396,10058.78727,246.2741332,2.133184331,1.689440991,91.28493686
3397,10062.87536,245.5551282,1.956415353,1.624869083,91.35083793
3398,10065.95196,246.1023047,2.008624581,1.269267754,91.84497786
3399,10051.73219,245.429561,2.384436422,1.752639233,90.42334737
3400,10055.36542,245.7442267,1.963015216,1.033200908,91.22704553
3401,10054.90587,246.7202617,2.000997336,0.975546189,90.71766993
3402,10052.17807,246.2272763,2.208964185,1.115930889,91.23901989
3403,10049.84491,245.4811298,2.087086495,1.489853813,91.22244875
3404,10051.65245,247.0529528,2.086039441,1.702299838,90.49599174
3405,10035.93983,243.3876406,2.304983484,0.605445363,90.52144509
3406,10051.13504,247.858174,2.003168467,1.892234214,91.21031543
3407,10047.47444,244.1554238,2.122042245,1.530555512,90.94857334
3408,10044.84535,245.2912276,2.753097943,1.01535864,90.80934366
3409,10055.30162,245.9359731,2.451962455,1.509105905,91.23033958
3410,10040.79771,245.8905894,2.227643408,1.798380068,91.24930685
3411,10041.25766,247.1052456,2.476545535,1.640931917,90.60064566
3412,10052.32713,245.1043229,2.521333005,1.779983809,90.42136071
3413,10037.30115,246.4877863,2.620694728,1.028245041,90.19826961
3414,10037.79882,245.7151766,2.409271263,1.300480389,90.82771506
3415,10038.89816,246.6563814,2.641806104,1.132555103,90.08108566
3416,10042.91689,246.3657753,2.04950532,1.909248775,90.82397857
3417,10038.82828,246.5942182,2.255478312,1.568541024,91.36420384
3418,10030.39842,246.0234921,2.507892924,2.21235354,90.56050109
3419,10033.2693,246.1368579,2.548236507,1.198263961,90.45050065
3420,10031.95836,247.0090405,2.305938976,1.100236113,91.69882512
3421,10033.67053,247.7416409,2.544944581,1.252696156,91.43598361
3422,10035.24395,246.2770843,2.371825288,1.685791182,90.27999561
3423,10034.26054,246.0852841,2.443493049,1.138043007,90.71289675
3424,10022.34101,247.6474181,2.704884205,1.259682085,90.78876056
3425,10035.58922,247.0825468,2.681511958,1.224729875,90.70722049
3426,10030.57777,248.0277954,2.298858357,1.179867481,91.49363531
3427,10035.28007,246.3748678,2.284120677,0.943543566,90.6107632
3428,10029.61805,245.5856815,2.409398167,1.068295175,90.66655865
3429,10031.94058,246.9176256,2.481116637,1.024672646,90.87301052
3430,10027.80096,246.7708061,2.34850334,1.0446842,91.10432452
3431,10031.23108,247.5458845,2.680628708,1.297316628,90.95844862
3432,10026.14047,247.0762919,2.533214366,1.50884521,90.73962678
3433,10022.06656,248.543533,2.535030498,0.694039062,89.67177278
3434,10032.94297,247.6046237,2.189448491,0.793232607,90.18754701
3435,10025.04848,248.1343492,2.664050522,0.627168642,90.82177651
3436,10022.49246,248.2334165,1.853318478,0.893857044,90.51767407
3437,10012.26069,248.3634139,2.569880034,0.63852222,90.78590862
3438,10011.21729,248.2377391,2.574640529,0.83354661,91.29675962
3439,10018.13726,248.8665736,2.28503794,1.053590742,89.74499196
3440,10016.41447,247.6550801,2.608911614,-0.075001933,90.88269228
3441,10011.62786,249.9455351,2.323635813,0.789912018,90.12878771
3442,10014.41353,248.4055432,2.329826955,0.463374317,90.74184721
3443,10020.66052,247.4270381,2.365538476,0.698068246,90.23373737
3444,10015.2019,249.0236718,2.914495878,0.249007959,91.29800001
3445,10005.02617,248.0818949,2.524923047,0.834368192,90.27966777
3446,10009.17893,249.6963136,2.374477918,0.706587278,89.87447228
3447,10004.71592,251.3388759,2.029320686,0.55983262,90.38475232
3448,10005.80566,248.4413378,2.217699859,0.583668206,90.31685454
3449,10004.67871,249.6592306,2.002985031,0.078076758,90.70398435
3450,10003.36052,247.6705703,2.306246036,0.071666614,90.33900136
3451,9998.474454,249.9794284,2.145776792,0.438843661,91.33253494
3452,10003.11277,248.7394463,1.868344445,-0.061838668,90.01931871
3453,9999.948533,249.1001124,2.084806008,0.557386242,90.00522146
3454,9987.104586,248.7235575,1.873858491,-0.018277259,89.73309356
3455,10011.01677,250.6569622,2.04903679,0.1844018,90.05787241
3456,10005.19577,251.0321124,1.821982669,0.618611312,90.11056794
3457,9996.870448,250.1481804,1.974315748,-0.268017531,90.11564429
3458,9997.846204,249.3603057,2.09401022,-0.080458449,89.988636
3459,9990.894218,251.9141027,1.908544057,0.170322497,89.63013919
3460,10004.23181,249.6738871,1.81641708,0.094736616,89.47423137
3461,10004.24077,248.3618127,1.910953715,-0.333533773,89.70749969
3462,9994.539452,251.0815723,1.985762918,-0.434539237,90.4458885
3463,9997.875917,249.6174976,1.601301767,-0.393540261,90.53356511
3464,9992.637702,251.8096812,1.851724741,0.06696969,89.79674309
3465,9984.081469,250.5384063,2.040457674,-0.49457693,89.34451044
3466,9987.710731,251.6213612,1.869594414,-0.430498267,89.75481015
3467,9989.435262,252.5168451,1.744940076,-0.624648208,90.82134516
3468,9985.509781,250.0037366,1.840529361,-0.327180072,90.2551343
3469,9985.697372,250.743424,1.782992161,-0.533934581,90.01118411
3470,9985.34308,251.329932,1.823892708,-0.922847192,90.19734402
3471,9984.406545,253.0388342,1.24988268,-0.953129647,90.46650206
3472,9984.084609,250.9379794,1.326337438,-1.302133257,89.10003322
3473,9977.534287,251.0962991,1.821261397,-0.991384935,89.46072632
3474,9978.267944,252.2627078,1.303455698,-0.542573957,89.37269968
3475,9974.447631,251.3003891,1.670023741,-0.421696093,89.91096824
3476,9984.77907,252.1224433,1.50553606,-0.650486415,89.67785529
3477,9968.383209,250.5098917,1.363998034,-0.726323453,89.95638451
3478,9983.702955,254.3664461,1.621547408,-0.966426736,89.30525639
3479,9983.892517,250.8942333,1.581326455,-0.730914803,90.22519142
3480,9974.477937,252.0091193,1.953837543,-0.911558965,89.48510995
3481,9962.003626,252.3863882,1.398626364,-0.489263373,89.84765901
3482,9972.245728,254.4185871,1.804621002,-1.092359822,90.07874887
3483,9972.766925,251.2670806,1.581302184,-0.691195494,90.01931906
3484,9967.07311,254.6606211,1.37405455,-0.862150772,89.62293622
3485,9968.591052,253.5180137,1.662783638,-0.933027218,89.83301632
3486,9977.862046,253.2607479,1.613999873,-1.785344591,90.27505172
3487,9972.58261,251.9406971,1.507186266,-0.930313688,89.64196011
3488,9963.685133,253.5769801,1.55369181,-1.273408231,89.00133587
3489,9959.373106,252.361658,1.382699121,-1.393307509,89.6387474
3490,9964.782427,254.4298777,1.33984739,-1.728843166,89.30970967
3491,9964.410001,252.268961,1.661038768,-1.3083296,88.13554512
3492,9967.021503,253.2023751,1.469734836,-1.318096288,89.52180915
3493,9960.930692,252.8344449,1.505091948,-1.739375394,89.33047084
3494,9965.235181,252.4750236,1.584855673,-1.809558384,89.83176255
3495,9971.427594,254.27531,1.590909356,-1.239457278,88.85998964
3496,9964.907293,254.139479,1.262101856,-1.140553568,88.46374093
3497,9959.671227,254.8816189,1.816462877,-1.360340455,89.28257383
3498,9958.081808,251.9598531,1.595795939,-1.086259566,89.3700399
3499,9956.304185,254.8695225,1.544446783,-1.470221828,89.20866749
3500,9963.084938,256.3749023,1.685601903,-1.472108308,89.153989
3501,9953.14363,253.4803662,1.662197618,-1.741097803,88.59124046
3502,9955.609146,255.8881369,1.784720771,-1.942929164,89.03820208
3503,9954.746319,253.789211,1.756245558,-0.925997837,88.91560368
3504,9951.093257,252.7377256,1.810436855,-1.149212611,89.60839793
3505,9945.856338,253.8606219,1.956117833,-1.911222303,89.24403601
3506,9953.454755,255.2689109,1.882480444,-1.450265147,88.89779908
3507,9950.660895,253.4352948,1.69423023,-1.529179609,89.88126073
3508,9952.598052,253.7241877,1.523003222,-1.582189305,88.86748316
3509,9946.564774,254.9673911,2.103029928,-1.622172875,89.26354887
3510,9954.477884,254.4244876,1.74438876,-1.383213313,88.88401489
3511,9943.136074,255.0518577,1.720295102,-1.248920204,89.76597512
3512,9955.231557,254.7490848,1.491016984,-1.369089479,88.97685701
3513,9937.089919,255.0330966,1.929906742,-1.520055586,88.97476915
3514,9947.164115,254.1615648,1.916183612,-1.523825922,88.82987011
3515,9946.535082,254.8641541,1.6078614,-1.187042553,88.98141453
3516,9939.353391,253.7417544,2.026240035,-1.319161129,89.46639245
3517,9944.632061,255.9923978,1.860808684,-1.425183256,89.27312375
3518,9948.092348,254.1026446,2.523470773,-1.445253776,88.84793319
3519,9929.801155,255.8968273,1.89653271,-1.317104588,89.66836754
3520,9942.595379,254.5635262,1.948337452,-1.546114179,89.23812592
3521,9926.817698,255.0263667,1.885303621,-1.142806806,88.56659049
3522,9933.664198,254.3547081,2.340566302,-1.694434651,88.07967625
3523,9945.852973,253.8570423,2.034955538,-1.476288249,88.54663592
3524,9934.01908,253.1496932,1.988773845,-1.149476207,88.94523419
3525,9930.285747,253.8585877,2.299059335,-1.651430181,89.02170311
3526,9934.398998,254.6074957,1.905115314,-1.761044881,89.38734258
3527,9944.96822,255.1588039,2.329272708,-1.246635856,88.14530078
3528,9924.716816,255.9708456,2.58308472,-1.749774528,88.45792688
3529,9927.871829,254.5262662,2.362113627,-1.604639401,88.07374623
3530,9939.875375,254.0996315,2.397737158,-0.961087936,87.97836472
3531,9940.943328,253.5464536,2.464859718,-1.221500406,88.31918694
3532,9930.411093,255.4748125,2.652752493,-0.745373421,88.80187111
3533,9924.013327,256.381526,2.571976027,-1.462400644,88.98986903
3534,9939.975128,256.2662452,2.436292705,-1.098088101,88.11574116
3535,9936.762493,255.7094311,2.546627851,-0.918010235,88.17116766
3536,9931.486507,255.6356254,2.205238963,-1.356089262,87.67192385
3537,9923.338442,256.6902909,2.553305178,-0.661551021,88.65518519
3538,9926.471249,255.3183365,2.211560868,-0.78314683,88.16825847
3539,9925.237866,255.6239783,2.352861716,-1.383564872,89.35230901
3540,9927.024589,254.6466672,1.822282459,-0.875718896,88.71231105
3541,9931.963469,253.5930233,2.530512761,-0.711449048,88.40844636
3542,9928.451205,254.2568513,2.331759029,-0.966348327,88.16052618
3543,9918.020492,254.9151986,2.691917984,-1.194675708,87.72081234
3544,9929.650767,254.9668307,2.555708994,-0.627887916,87.7714298
3545,9923.70258,256.8120565,2.709277254,-0.00812175,88.13166791
3546,9924.94867,254.944819,2.273315477,-0.747054646,88.08081537
3547,9928.230315,256.018211,2.702063873,-0.119084023,87.91836629
3548,9914.731889,254.3781804,2.918674104,-0.773909155,88.59434317
3549,9919.510814,254.4735466,2.652207167,-0.441431585,88.65093163
3550,9916.440851,253.4262656,2.658069802,-0.232055831,88.15264627
3551,9910.675098,253.981094,2.533294289,-0.423036876,89.33786404
3552,9919.672366,255.2166629,2.392567574,-0.466455223,87.48541164
3553,9929.929225,254.6616253,2.646622887,-0.115578628,88.3765108
3554,9907.611943,255.5595258,2.18881521,0.278037346,88.22695654
3555,9916.100137,254.7585167,2.400903321,-0.154944975,88.04988036
3556,9918.921837,254.1836537,2.123454657,-0.355440378,87.96555101
3557,9915.800523,256.6414345,2.328952497,-0.212868517,88.30022269
3558,9914.093983,254.3544672,2.588936581,0.644788857,88.18042855
3559,9907.646566,255.5648255,2.551298948,-0.025731685,88.0869147
3560,9914.798193,253.9523085,2.448970407,-0.199548734,87.62332537
3561,9909.350687,255.013069,2.460338521,-0.319746703,87.45363422
3562,9901.693832,255.1797156,2.035490629,-0.479019755,88.10861057
3563,9918.134071,254.4067217,2.323524882,0.222740886,88.04217415
3564,9916.479492,251.7885974,2.246145917,0.354870941,88.13523283
3565,9911.481153,254.1045262,2.234027359,0.084139609,88.17014605
3566,9911.912383,255.2582928,2.468263674,0.243144637,87.95408902
3567,9915.691685,254.4952614,2.157884446,-0.059238306,88.10019819
3568,9911.003847,254.3519803,2.189862911,0.375780499,87.77087881
3569,9913.973301,252.1206829,1.873421566,0.524050021,88.95103717
3570,9907.545922,253.0577461,2.211320175,0.262409993,87.78079658
3571,9915.182468,254.1233088,2.031211477,0.973072288,87.98696062
3572,9909.824831,254.0545998,2.24263193,0.257362492,87.80252366
3573,9908.798694,254.789691,2.014015232,0.635637664,87.78627792
3574,9901.094878,253.3595352,2.202080302,0.846694642,88.16122445
3575,9908.505967,253.838202,2.128716877,0.610084481,88.09030664
3576,9902.54671,253.3753553,2.468150507,0.617230238,87.90439949
3577,9903.159697,252.2972979,2.208939586,0.285009041,87.98528421
3578,9901.928223,250.9523952,1.71704857,1.160124684,87.76019525
3579,9900.337317,253.5618589,1.807266135,0.740530044,88.31423266
3580,9915.965172,253.2262068,2.046402685,0.990571107,89.13442268
3581,9911.6803,252.3542741,1.82442029,1.068294731,87.66305145
3582,9914.317229,251.2722766,1.39171902,0.71432637,88.29128944
3583,9898.302232,253.4390332,2.230341306,0.879082197,88.11080861
3584,9904.483849,252.460094,2.079615083,1.373365899,88.41686648
3585,9897.380503,253.1985188,2.015064931,0.671666658,88.4253573
3586,9900.099642,254.420266,1.764927005,1.678100067,88.17426868
3587,9898.7272,250.3283375,1.947732987,0.848225815,88.0464464
3588,9909.265141,251.6827306,1.69747602,0.748830973,87.84411931
3589,9900.845151,252.0845659,1.855874044,1.172385132,87.67404582
3590,9907.936993,253.6594603,1.607803084,1.824183774,88.00347909
3591,9905.394238,250.4780419,2.072714657,0.61633095,87.40517825
3592,9913.680126,253.9592709,1.433523112,1.174186873,87.74631066
3593,9894.562795,252.0674215,1.972771626,1.385147191,88.59262713
3594,9908.064069,251.742948,1.713526514,1.277020814,88.08461417
3595,9907.317817,251.5475364,1.588013926,1.40502032,88.47804447
3596,9896.54627,251.2152824,1.700256954,1.097390575,88.76308524
3597,9906.286242,252.604951,1.795307701,1.154059195,87.93649677
3598,9902.778585,250.3929794,1.904647399,1.309423715,88.12562011
3599,9899.817654,251.7109958,1.677508171,1.033740379,87.86817775
3600,9896.702437,250.8849351,1.421284465,1.376821838,87.61013941
3601,9897.103565,250.4100109,1.596095054,1.289874012,87.53749811
3602,9910.8351,253.6606783,1.934910386,1.280488133,88.43329597
3603,9900.486322,251.3958827,1.828740962,1.531378446,88.1139718
3604,9904.300378,251.4918357,1.729713404,0.9014619,88.9310961
3605,9896.352012,251.9177336,1.696983339,1.390063147,88.49215619
3606,9896.333995,249.2596817,1.668776323,2.163813926,87.6390587
3607,9905.579911,252.3341259,1.752855182,1.15127086,88.42357083
3608,9893.368816,247.9734464,1.423193357,1.869920591,87.84979617
3609,9897.997326,249.6140139,1.23813025,1.506498211,88.60989775
3610,9900.210223,249.8239722,1.518803388,1.313703974,87.75763478
3611,9900.573635,250.7648376,1.338578831,1.101543729,87.47412247
3612,9899.107991,250.3018696,1.28942796,1.541437866,87.60219161
3613,9901.979241,249.8163405,1.355962019,1.935999979,87.62767039
3614,9903.471105,249.8711685,1.997915837,1.382315192,87.58001064
3615,9903.696698,248.8052001,1.530160904,1.472538728,87.71416606
3616,9895.121172,248.1861348,1.578642871,1.796339987,88.42934976
3617,9898.666092,250.3101495,1.266348159,1.59054774,88.89975945
3618,9906.107349,250.1777812,1.147852238,1.010322182,87.33757593
3619,9904.663424,250.9692131,1.359782652,1.50405579,88.63556029
3620,9893.392526,248.4955913,1.819413417,1.919117957,87.76628461
3621,9902.090832,249.879599,1.607980833,1.444104182,88.18060991
3622,9890.528882,248.8045778,1.671343145,0.621169194,87.18132714
3623,9900.751216,250.1806249,1.710956428,1.547210848,88.27234834
3624,9910.111858,249.9143821,1.457684101,1.357052171,87.00980427
3625,9895.999979,249.006341,1.867317746,0.852428697,88.17175639
3626,9896.694173,248.3587957,1.477959235,0.880701565,88.14594378
3627,9904.822196,249.562973,1.901551845,1.659057182,88.11554475
3628,9893.434198,249.1532194,1.725499462,1.127641482,87.65550903
3629,9898.140473,247.726746,1.296870871,1.054726128,88.30084831
3630,9904.452367,246.9888948,1.523581996,1.294708023,88.22494399
3631,9898.474498,247.9343409,1.335517048,1.08938847,87.92794216
3632,9900.651679,249.6451788,1.94525062,1.288759437,88.37255573
3633,9905.747875,249.1838914,1.728454913,1.172891534,87.99273686
3634,9904.339892,246.833501,1.30920767,0.84756131,88.30903182
3635,9903.781246,246.687317,1.852112376,1.026966363,87.98600341
3636,9900.97629,249.0398621,1.692174466,1.284855203,88.16178902
3637,9904.756687,246.5405401,1.525991343,1.135271375,88.34548909
3638,9902.531907,248.0973985,2.181933904,1.067769624,87.86405511
3639,9905.693472,246.8849239,1.8917702,1.642241004,87.45117059
3640,9901.183317,249.0319316,1.835923187,1.2480555,88.21139905
3641,9903.028299,246.5593874,1.839284373,1.251269332,88.67351857
3642,9899.274128,248.3891673,1.641275331,0.911643224,88.23405382
3643,9904.341228,247.3477597,1.707923484,0.992508873,88.24939649
3644,9900.76316,247.3333259,2.250796561,0.761333131,88.07527524
3645,9899.559349,245.03022,1.924032033,1.087324334,88.47215095
3646,9906.74379,244.7182125,2.048170539,0.783567113,88.01604198
3647,9906.844541,246.6223887,1.659729926,0.845293126,87.88866746
3648,9910.034991,247.0129523,1.829645181,0.787955239,88.67506158
3649,9904.314163,245.5652335,2.23966055,0.694848087,87.86412665
3650,9908.868575,245.5274468,2.217380671,1.541650653,88.5813017
3651,9909.950137,247.1046752,2.516299111,0.419510401,88.69689071
3652,9909.797136,247.0345021,2.457587115,0.375527172,88.43487381
3653,9903.83136,246.263763,2.16575304,0.744693725,87.5345748
3654,9909.10201,247.1130014,2.328855706,0.315655288,88.18068131
3655,9910.580624,245.09136,2.192728523,0.364080615,88.07419844
3656,9909.209668,245.8438836,2.688155404,0.08246945,87.93547588
3657,9899.164323,247.7834724,2.527447769,0.5123828,88.26331001
3658,9910.831135,246.1412389,2.35128928,0.472386885,88.58517691
3659,9921.532315,246.1381221,2.376345435,0.182457405,87.98011686
3660,9909.119389,248.2582441,2.643310262,0.447116046,88.13270037
3661,9907.738034,244.4950624,2.487443833,-0.369319837,88.10703892
3662,9913.712858,246.6345841,2.6995133,-0.068661018,88.81885783
3663,9913.884518,247.4475539,1.964348277,0.047549536,88.11790223
3664,9918.771582,245.4058101,2.509606195,-0.298081851,87.63895528
3665,9907.012563,246.5391069,2.327513066,-0.515999645,87.47932066
3666,9917.461473,244.6479929,2.794038857,-0.128750908,88.45745622
3667,9917.267969,244.8955642,2.76309954,0.126860265,87.90597631
3668,9914.124982,245.9213142,2.470309195,0.258396319,88.63107654
3669,9917.057523,246.290751,2.779631345,-0.335199397,87.64167174
3670,9921.048209,246.5707605,2.836710153,0.004328786,88.04856236
3671,9920.807744,246.9789123,2.501350715,-0.069102229,87.66363892
3672,9911.284671,245.303133,2.986022346,0.061322777,88.55730072
3673,9921.66246,246.5273389,2.48930474,-0.453238005,88.67565714
3674,9917.80837,244.9564364,2.455367485,-0.931338527,88.53194884
3675,9919.074515,246.167727,2.672899477,-0.413987722,87.83123472
3676,9919.662589,245.4419127,2.429171045,-0.782045189,88.01305021
3677,9919.13992,245.6507961,2.515951816,-0.737392105,88.51497969
3678,9926.452213,245.6012383,2.778478466,-0.652671549,87.56600281
3679,9920.685578,243.5475665,2.496901851,-0.705443292,88.30151588
3680,9916.124818,244.0046298,2.149288633,-0.602213071,89.19290365
3681,9920.381108,245.2097216,2.555769704,-0.474069636,88.35699738
3682,9923.876205,243.4002867,2.335855232,-0.835056417,87.71538231
3683,9929.770481,245.9011274,2.639788764,-0.645093487,88.16878352
3684,9927.289194,245.9257947,2.596426466,-0.797737563,88.17012824
3685,9920.67793,245.36771,2.74077985,-0.559191764,89.56876651
3686,9938.020948,243.9076898,2.616201482,-0.933319556,89.34473951
3687,9927.590708,246.3992356,2.639852608,-0.936532912,88.89080435
3688,9933.322991,247.0485725,2.274038839,-1.060466444,88.36738279
3689,9926.873977,245.1526992,2.553690497,-1.031259005,89.15296582
3690,9930.993094,245.5124159,2.770636434,-1.251184755,87.99979613
3691,9933.224556,245.2018766,2.222327004,-1.31355692,89.11883192
3692,9935.8262,245.5307644,2.702215498,-0.847743707,89.05869129
3693,9935.737107,244.8830935,2.213753184,-1.436157063,88.53333244
3694,9935.533244,244.9723439,2.133775427,-1.236655219,89.19303835
3695,9930.325703,245.9188788,2.343195972,-0.865013439,88.41441216
3696,9929.778093,247.3670331,2.406214433,-1.30307042,88.02019366
3697,9935.042284,243.6315768,2.423801396,-0.9752045,89.15656743
3698,9938.793971,244.940062,2.026914407,-1.426605444,88.63994515
3699,9933.7704,243.8776227,2.283442377,-1.588981624,88.99857036
3700,9940.972046,246.6662936,2.036199676,-1.775274929,89.62336703
3701,9943.677889,244.5046864,1.851869185,-0.925037526,88.36716908
3702,9932.608178,243.6693423,1.939875364,-1.680756795,88.67210591
3703,9933.786438,245.7728037,1.951097553,-1.135174522,89.54423808
3704,9938.056627,246.9029474,2.180998516,-1.677726359,89.10953592
3705,9941.090151,245.8481904,2.282332416,-0.999698953,88.44115039
3706,9937.728883,245.4172726,1.732328859,-0.74879586,88.32952551
3707,9947.918326,245.6514129,2.072375491,-1.931436592,88.55910594
3708,9944.089126,246.6888128,1.741651772,-1.764268567,88.47016849
3709,9942.983309,244.4333635,2.077874134,-1.21897128,88.97439554
3710,9936.42953,245.2311831,1.802696411,-1.307761443,88.91139881
3711,9937.858641,244.9276703,1.692344055,-1.238045836,89.02837328
3712,9946.676965,244.2516731,2.038153517,-1.651373219,88.48503198
3713,9935.448612,245.1321733,1.736751234,-0.889779245,88.88681485
3714,9952.019838,246.6110955,1.76722269,-1.456080258,87.91128313
3715,9947.016246,246.114601,1.363121261,-1.86069723,89.02864346
3716,9964.878064,246.2387146,1.973615051,-1.57432042,89.5609723
3717,9961.062898,245.789047,1.926211309,-1.860864915,88.27809338
3718,9949.481836,246.2158055,1.741440801,-1.0225817,89.24949575
3719,9950.728123,244.9435246,1.413801664,-1.696682971,88.71968898
3720,9957.113316,245.4879406,1.940861867,-1.348209408,89.44395874
3721,9961.531658,246.0444712,1.546157906,-1.633181,89.13963962
3722,9945.710734,246.1866582,1.569963752,-1.671277172,89.28036965
3723,9945.858697,246.287642,2.105115349,-2.053081261,89.12822344
3724,9952.574616,245.8890435,1.484944392,-1.292564749,89.77786171
3725,9959.497125,245.7114691,1.758014443,-1.072950161,89.30537399
3726,9959.970794,249.3097419,1.706867537,-1.726865883,88.79701667
3727,9963.742524,247.1233751,1.658373824,-1.903708645,89.21723086
3728,9953.30658,246.6958659,1.623678728,-1.185913371,89.00166083
3729,9948.639818,246.1171273,1.630577144,-1.906264741,89.28561071
3730,9965.430057,245.9681942,1.598819882,-1.03074555,89.01291486
3731,9957.922339,246.3591219,1.524319107,-1.650880211,88.90286103
3732,9952.898008,246.8546647,1.828393419,-1.692264228,89.35944506
3733,9964.646595,244.754689,1.256223109,-1.267227354,89.30632034
3734,9968.821591,245.1403695,1.71686813,-1.632490041,89.82909218
3735,9965.183378,246.1488273,1.672084563,-1.511274901,89.10839534
3736,9964.445793,247.0700853,1.643566224,-1.169871179,88.34427378
3737,9966.882922,246.7021638,1.724792607,-1.980575268,89.17165927
3738,9966.77475,248.4992726,1.481633413,-0.733765029,88.55933789
3739,9962.838495,245.6196605,1.126364404,-1.186944239,89.5994106
3740,9966.959436,246.4327769,1.486955956,-1.560391608,88.57370783
3741,9974.096295,248.7874055,1.305677118,-1.449085767,88.93561239
3742,9974.058196,247.4827175,1.361285544,-0.816799152,89.26782883
3743,9974.252764,248.3217845,1.264145476,-0.903355305,90.2402246
3744,9969.402043,249.5745578,1.423350636,-0.636039878,88.95111065
3745,9974.438153,246.916866,1.406887767,-1.224353022,89.51311586
3746,9965.430692,247.5996713,1.05927566,-0.897093603,89.81630862
3747,9978.181117,247.5157944,1.684573912,-0.82374957,90.28780495
3748,9985.40801,245.9237486,1.999472243,-0.7079344,89.9541718
3749,9971.870222,247.6589138,1.688644902,-0.542300218,90.13177113
3750,9977.290482,248.942154,1.539883544,-1.058841255,90.03655593
3751,9982.846869,248.6942381,1.583638539,-0.840331453,89.01946522
3752,9988.448644,248.866027,1.525523447,-0.950818168,89.82353466
3753,9980.928184,247.9654313,1.643837235,-0.744558734,90.08771662
3754,9980.694615,247.7795031,1.63547083,-0.479591416,89.20486719
3755,9975.299395,249.8001419,1.492598925,-1.145057817,89.41300028
3756,9986.650831,248.1294425,2.016170254,-0.275177694,89.32107667
3757,9997.335037,249.0172644,1.401746546,-0.90833865,90.12880463
3758,9989.503753,248.9834504,1.863180419,-0.61688007,89.72769866
3759,9988.999058,250.3792381,1.72031237,-0.109099191,89.62178612
3760,9991.715446,249.9867718,2.142404529,-0.341057626,89.16126573
3761,9991.045145,247.818333,1.852691636,-0.294384846,89.78831497
3762,9988.031994,248.0246252,1.735356751,-0.70685834,89.55814713
3763,9997.210716,249.88999,1.781097116,-0.622005623,89.98355611
3764,9995.221065,249.34592,1.862343907,0.017765642,89.31036155
3765,9995.178856,249.0544991,1.64989246,-0.396947644,89.99076892
3766,9991.212983,250.6249082,1.749468534,-0.324073276,89.70232087
3767,10003.60677,249.8965054,1.570488329,0.158348556,89.31713607
3768,10001.41245,249.8613855,1.767697697,-0.400930245,89.29813662
3769,9996.324224,250.6887153,1.996009568,0.039772352,89.39326637
3770,10005.09794,249.6337726,2.062255395,0.016868899,89.89857678
3771,9998.60094,251.6773919,1.631341009,0.048182276,90.0822736
3772,9998.178646,249.4207732,2.024683168,-0.06159549,90.17668509
3773,9999.289809,250.9656142,2.189595772,-0.035158684,90.21554295
3774,9995.232334,251.8422588,2.068927372,-0.139973616,89.7024919
3775,10007.44433,249.130708,1.999094389,0.372907734,90.63093385
3776,9996.92933,250.2640426,2.067447632,0.072030779,89.90058832
3777,10000.94066,251.8487165,2.065380311,0.607221024,90.36673248
3778,9997.702058,251.9626024,2.069406249,0.293068309,90.07952224
3779,10008.64596,250.7323889,2.254244667,0.086412492,90.36933677
3780,10009.32011,250.2673785,2.703196622,0.375752767,90.09427016
3781,10009.43262,252.0557497,2.114493987,0.366586706,90.41813953
3782,10006.8465,252.3806874,2.220522489,0.834880998,90.23749342
3783,10007.19031,250.1293204,2.294018244,0.463277127,90.66794979
3784,10016.3641,250.1863981,2.186333025,0.532424738,89.87150253
3785,10012.27887,251.7113403,2.562087811,1.079508815,89.41568685
3786,10017.60129,252.2106217,1.886044391,0.848691555,89.8337112
3787,10012.57952,251.3767369,2.270890081,1.234563175,90.87457448
3788,10018.89564,252.4489744,2.556702554,1.152342757,90.28252721
3789,10025.48949,251.1527108,2.349176441,0.54666125,90.42549314
3790,10022.8848,249.8405755,2.257763231,1.14724458,89.8722611
3791,10018.87078,251.6230076,2.522963486,1.344534432,90.45143379
3792,10023.19562,252.2009617,2.627875091,1.382673316,89.92678625
3793,10021.68089,251.9518554,2.499411559,1.254313619,90.01979377
3794,10023.89592,251.1581669,2.30657545,1.282335139,90.27588862
3795,10023.19839,250.5892692,2.566428432,0.934580539,90.71907744
3796,10024.9722,251.9780156,2.401958433,0.806542068,90.7918013
3797,10027.8192,253.4759495,2.637380524,0.983517429,90.82469707
3798,10022.75412,253.9196492,2.789749176,0.620191664,89.76037616
3799,10023.60092,253.9352578,1.975503813,1.55190511,90.57027412
3800,10022.69415,252.0146286,2.521113134,1.092482695,90.49434624
3801,10022.58908,251.7586934,2.152786338,1.592214226,89.84571747
3802,10025.45454,253.489731,2.988074756,0.861625306,90.6388109
3803,10033.28563,253.7076958,2.404627014,1.581014942,90.52455266
3804,10028.96849,253.5510358,2.64481608,1.131785036,90.92441139
3805,10036.94127,251.2138131,2.484528975,0.91780804,90.7280875
3806,10035.4841,252.4367108,2.325797622,1.812951189,90.43155037
3807,10026.40181,253.3483042,2.295610336,1.677513939,91.18776791
3808,10040.44939,253.9382577,2.789563386,1.428152133,89.6328735
3809,10042.15497,254.2900129,2.654840946,1.392861679,90.72988689
3810,10034.05431,253.7372162,2.842437042,1.531354908,89.898847
3811,10042.04333,253.9925664,2.453743718,1.473452606,90.3427508
3812,10036.57463,253.8140033,2.488063399,1.191669916,91.07954937
3813,10042.25615,254.4806209,2.363791611,1.318739369,90.19825714
3814,10036.35179,254.1722129,2.345521076,2.042274725,90.14162681
3815,10034.61098,253.9878869,2.179260589,2.266102169,92.06250269
3816,10042.56029,253.7150137,2.388171579,1.942333557,90.20984301
3817,10044.74915,254.1243138,2.196323556,1.624751967,91.73261637
3818,10044.26828,254.5856365,2.424472747,1.386378798,90.83903249
3819,10041.22078,254.4249029,2.351171041,1.25332763,90.68040414
3820,10046.02098,254.5929734,2.354990683,1.276835161,91.24380276
3821,10050.24169,255.6079036,2.612022059,1.332929306,91.64620141
3822,10049.5406,254.5816743,2.248301932,2.145299617,90.42226743
3823,10051.54245,253.717114,2.385400892,2.041526041,90.757474
3824,10048.13918,255.297575,2.621982338,1.721866241,91.45323
3825,10058.20301,253.0938601,2.450099721,1.206792059,91.19088555
3826,10047.31298,253.4229513,2.396034267,1.758540701,91.61483588
3827,10056.47576,254.8827165,2.080273289,1.413345264,91.33831513
3828,10060.78612,255.1039517,2.163396195,0.831997654,92.00164527
3829,10058.11442,253.3813548,1.82937537,1.555670779,91.20349192
3830,10055.52491,254.2805889,2.168144024,1.20728429,91.24165613
3831,10054.71804,254.0924577,2.098412828,1.206446014,91.30805111
3832,10063.35622,254.2451209,2.023248687,1.361439608,91.09227114
3833,10051.87134,255.7067581,2.199015069,1.273472268,91.60376794
3834,10054.94014,255.4991237,1.727041653,1.397818692,91.3143358
3835,10058.60153,254.801037,2.270668186,1.367255959,91.60587643
3836,10067.57009,254.2998101,2.099288283,0.811819117,91.69988642
3837,10064.06703,253.519797,1.880250899,1.81201495,91.45759114
3838,10058.10811,256.3113586,1.840338127,1.041067997,91.50982493
3839,10062.17065,255.5030581,1.94223736,1.029308577,90.76927894
3840,10061.41806,254.2220813,2.126701068,1.194225759,91.01461667
3841,10061.70176,255.6641848,1.81971165,1.236891497,91.72670584
3842,10070.89966,254.8882187,1.805556991,1.682543746,92.03191986
3843,10059.8944,254.6832065,1.758293218,1.300014405,90.36484729
3844,10075.53826,255.4154132,2.089606256,1.362367397,91.06595547
3845,10072.36998,254.2465971,1.63862358,1.246955886,91.37638699
3846,10074.4108,254.6502373,1.686416298,1.205152726,90.93949265
3847,10067.36256,255.1193558,1.965691612,1.198730257,90.98228534
3848,10069.64135,254.5003454,1.683910629,0.495093162,91.64528103
3849,10063.93205,255.6687838,1.864287764,0.968072509,92.21264422
3850,10069.17415,256.8666673,1.437895132,1.358922365,90.42003741
3851,10074.9582,254.2392059,1.563317214,2.15923016,91.36456047
3852,10079.65546,253.3222846,1.886475956,0.580646191,91.69514309
3853,10068.31726,252.9775807,1.440560448,1.033423191,91.86716794
3854,10072.69603,254.8187721,1.532868035,0.698929774,91.65003495
3855,10074.43013,254.2940073,1.602856294,1.447500702,92.38443383
3856,10068.86323,255.1509813,1.343200716,0.389281857,91.53129676
3857,10079.44688,255.0596902,1.448929151,0.944394266,92.18579908
3858,10073.51049,253.3058766,1.546048594,0.295563653,91.21942509
3859,10076.78609,253.074247,1.525878636,0.58232564,91.58425239
3860,10076.12812,255.1631458,1.766842117,0.627160239,90.96139984
3861,10075.05816,254.9787764,1.814515392,0.917346675,92.03052928
3862,10079.57871,254.3917272,1.331693401,0.231737299,91.53205731
3863,10079.13701,253.1326723,1.523092967,0.711851077,91.78321172
3864,10078.94887,255.2315621,1.634865455,0.475956777,91.4594789
3865,10077.75087,256.0005212,1.803711517,0.509225514,91.92107787
3866,10083.56769,254.9731636,1.645814948,0.671566731,91.83811823
3867,10090.80683,253.8123887,1.563218882,-0.044366307,91.15344921
3868,10083.79861,254.6672323,1.642501173,0.539606639,91.19359982
3869,10088.63189,253.2175347,1.649329661,0.081517372,91.65914158
3870,10077.24394,255.6007446,1.335629571,0.536484593,92.01368803
3871,10085.5192,254.5819464,1.567525543,0.263436639,92.62605555
3872,10079.77041,252.6874633,1.829768678,0.055410874,91.85664046
3873,10078.39096,254.1086818,1.506590739,-0.103644796,92.21927748
3874,10082.58849,254.8246299,1.585206644,0.275379077,90.91928151
3875,10092.74598,253.9785086,1.523170725,0.361678119,92.74220753
3876,10092.02901,253.9841637,1.122329407,-0.221445869,92.04842177
3877,10088.97768,252.9824565,1.603683664,-0.446419969,91.73045091
3878,10080.5741,254.7185163,1.675389215,0.05691358,91.68240412
3879,10087.72233,253.4469619,1.528959573,-0.630604544,91.22047475
3880,10090.66949,251.8808035,1.417879446,-0.632218094,91.37257635
3881,10090.48701,253.6061943,1.490911928,-0.603677056,92.74740434
3882,10080.82974,254.8972134,1.838929371,-0.453548367,91.30647186
3883,10086.02749,253.4661798,2.100440038,-0.773563038,91.30544767
3884,10090.58001,255.5265986,2.002999996,-0.997718321,91.46689781
3885,10093.99409,254.1515706,1.478905945,-0.799752041,91.22716239
3886,10080.7351,253.9938608,1.940592857,-0.309003708,91.84196813
3887,10091.29906,253.4577423,1.659502881,-0.925384984,92.38664876
3888,10093.20964,253.447458,1.698669458,-0.687688895,91.54464177
3889,10097.11793,253.1805179,1.746177361,-0.042757673,91.17073525
3890,10096.70034,253.068492,2.003638966,-0.682114623,92.01065175
3891,10096.50577,253.8271001,2.078473211,-0.604597679,91.84397117
3892,10089.94072,252.2845548,1.891496666,-1.030526999,92.38017067
3893,10084.73852,252.0673572,1.919591273,-0.136358562,91.65831642
3894,10092.64195,251.9416637,2.053521164,-0.985768582,91.7620658
3895,10099.93459,255.0308951,2.099228626,-0.929049871,91.82376342
3896,10102.20343,253.4347713,2.24587208,-0.501964594,91.94922521
3897,10099.08911,253.1269466,1.778723202,-0.987258889,91.71444641
3898,10097.97372,251.6818368,2.064484749,-0.953188997,91.63921821
3899,10098.00628,253.2784952,1.871604922,-1.08600841,90.99697278
3900,10093.59894,252.4533209,2.099538878,-1.116996625,91.64489717
3901,10095.99106,252.6977727,2.088735552,-0.955510283,92.2904388
3902,10105.23886,251.4197015,2.148529137,-0.931931982,92.36299303
3903,10092.42319,252.4683502,2.021444254,-1.320955561,91.70716309
3904,10105.44263,251.7950841,1.906995288,-1.386956155,92.59711765
3905,10095.98161,251.3632553,1.808115131,-1.367982491,91.93748293
3906,10104.43217,252.7720701,2.222748606,-1.632660876,91.28717692
3907,10090.97441,250.4085381,2.184144084,-1.715365783,91.13397761
3908,10101.13168,252.4185258,2.155840721,-1.173924266,92.57317211
3909,10094.70216,252.4449978,2.575494476,-1.005196692,91.7812184
3910,10091.48369,250.786926,2.158276376,-1.048004856,91.36416834
3911,10099.81686,250.7516326,2.631884822,-2.045280539,90.84484573
3912,10103.92584,251.253698,2.690769632,-1.424369872,91.77971154
3913,10094.79817,251.6629319,1.992388856,-1.700429446,92.18283304
3914,10091.6623,251.1316603,2.416657085,-1.344399413,91.63430202
3915,10098.82274,251.6211836,2.332858094,-1.52933781,91.45901667
3916,10098.95944,252.8532316,1.844021423,-1.241623796,91.71324447
3917,10102.24293,250.4847299,2.149973048,-1.438872726,92.61162267
3918,10104.34407,249.1790644,2.605310582,-2.014567081,91.29543116
3919,10099.38383,251.621608,2.8644597,-1.747230896,91.67276757
3920,10109.03326,252.3801208,2.650300656,-1.465396925,92.60049371
3921,10100.94178,250.9904177,2.542462533,-1.448806336,92.24350023
3922,10098.14335,249.4105047,2.480246481,-1.904921356,92.0870736
3923,10091.86254,250.2747657,2.82661143,-1.950200278,91.67418448
3924,10098.64198,249.1803799,2.924067635,-1.477092583,92.01435798
3925,10098.29825,250.8418846,2.380156414,-1.918425724,91.73068914
3926,10104.79662,248.7477848,2.099389239,-1.999926217,91.57020876
3927,10102.31242,249.6989529,2.080362455,-1.633542097,91.45997125
3928,10094.09806,248.8947507,2.763739802,-1.645846426,92.39194595
3929,10100.84109,249.9259605,2.488067403,-1.760796117,91.96939327
3930,10103.31238,249.3329216,2.530999562,-1.705012989,92.15635142
3931,10107.5598,249.7762733,2.131857429,-1.485012711,92.07422945
3932,10104.31209,249.5222698,2.333761579,-1.699143679,92.21795075
3933,10103.62374,248.4138682,2.418504187,-1.454482395,91.86903066
3934,10100.05489,249.9282522,2.511175263,-1.581100734,91.75426042
3935,10101.621,249.1537368,2.38072264,-1.406613633,91.58594856
3936,10105.84197,248.1154197,2.242658407,-1.182084397,91.28490438
3937,10092.83561,251.2466799,2.281767772,-1.181108206,91.4289734
3938,10097.6474,249.3843859,2.667806877,-1.032466414,91.80518317
3939,10095.41692,248.6573344,2.46149506,-1.152255541,91.18407553
3940,10101.05076,250.1289144,2.520334283,-1.31563917,91.29195702
3941,10105.17143,250.4591549,2.202498395,-1.499494349,92.5014763
3942,10095.89086,248.3761723,1.774923211,-1.466819136,92.08960444
3943,10086.76974,248.773693,2.243567769,-1.593634702,91.74850693
3944,10096.49582,247.343696,2.156504952,-1.307556192,93.10692568
3945,10102.95009,248.0905767,2.380427573,-1.07713427,91.14352964
3946,10100.88684,247.9454823,2.947799517,-1.480328701,92.45177941
3947,10100.14576,248.2368895,2.408991147,-1.248935403,91.90436362
3948,10096.40121,248.2931198,2.795778391,-1.41500643,92.34854705
3949,10091.19259,248.4293003,2.340347377,-1.121928642,92.00623167
3950,10099.94102,248.0170793,2.078056903,-1.321420954,91.01116838
3951,10092.96021,246.479547,2.250548101,-1.349289241,91.99036252
3952,10107.80945,246.6635994,2.513571021,-1.301241593,92.10555732
3953,10099.48917,246.9683948,2.49944071,-0.915081014,90.83674008
3954,10093.4714,247.1462919,1.994211856,-1.062973131,92.89951694
3955,10093.04608,248.3940653,2.135394067,-1.129413007,92.07766391
3956,10095.35704,246.0961733,1.7741701,-0.888502585,92.25242909
3957,10094.33343,246.8186147,2.200073322,-1.056446084,91.327854
3958,10100.81472,248.0470864,2.320838827,-0.558464313,92.24991987
3959,10095.85273,246.7134088,1.993130654,-1.152101273,92.44316528
3960,10090.9431,247.394106,1.826733893,-0.878780738,92.01880928
3961,10103.72461,246.7157788,2.007376288,-1.206126342,91.8807623
3962,10094.18066,247.0349925,1.994142889,-0.850060411,91.43188838
3963,10097.43065,246.4739138,1.90240416,-1.210518712,91.76362548
3964,10090.18828,247.2949478,1.897727231,-0.442727158,91.60857351
3965,10094.67864,245.0096708,1.803375016,-0.396065122,92.14325896
3966,10094.04296,246.1196381,2.013887323,-0.349595965,91.42481032
3967,10082.65428,246.7091525,1.93896334,-0.534489715,92.12437582
3968,10101.7848,246.8773397,1.572639333,-0.764928223,91.41467565
3969,10097.75837,247.7691242,1.545260682,-0.698434097,91.69492671
3970,10088.90677,245.8191634,1.675254181,0.043767371,92.12587713
3971,10084.95991,247.6252023,1.852931286,0.058840275,91.45752673
3972,10091.77852,245.4237709,1.715346078,-0.291340267,92.12608256
3973,10090.03466,247.3500821,1.538060747,-0.43874571,92.06852053
3974,10090.93101,246.7791351,1.700783881,0.170838473,91.64757805
3975,10089.65314,244.990057,1.564986008,-0.403576798,92.35479663
3976,10090.76017,246.1540409,1.790835291,-0.081872694,91.80347145
3977,10094.99038,245.7409132,1.665902527,0.299893594,92.30621533
3978,10090.11048,246.3645639,1.521789608,-0.311666173,92.64213181
3979,10081.52908,245.4642425,1.617741076,0.232986112,91.61489658
3980,10093.08888,245.3305275,1.822110194,0.185385136,92.04799878
3981,10093.96922,246.9588728,1.433939845,0.062333503,91.39653897
3982,10101.00794,245.4448258,1.618292636,-0.178936811,91.18854584
3983,10079.10316,246.3255201,1.514719906,-0.053441032,91.59668283
3984,10085.39955,245.2310976,1.606437171,0.295376355,91.00240269
3985,10073.23074,247.0822811,1.383553055,-0.173997542,91.20402075
3986,10085.8547,244.6982856,1.531172321,0.336461432,91.95749547
3987,10079.78737,244.7253284,1.726536063,0.503520853,91.39374301
3988,10091.57677,246.8287049,1.314673496,0.680431831,91.99444786
3989,10077.50943,244.8258354,1.234541911,0.008672525,91.77735616
3990,10072.35143,246.8403418,1.241728541,0.865982372,92.54152384
3991,10077.84777,246.1014981,1.26673356,1.0222218,91.86625047
3992,10069.72538,245.0273138,1.622024711,0.678700575,92.14916548
3993,10082.74909,243.3429032,1.225124444,0.285782832,91.78081418
3994,10068.05105,245.113049,1.451287643,0.539769483,91.72322603
3995,10077.89379,245.212115,1.640317481,0.664353621,92.13739647
3996,10066.7297,246.257776,1.606992441,0.799591648,91.87677385
3997,10074.87681,246.6610425,1.454740441,0.764220303,91.63459786
3998,10084.04709,244.3716161,1.579398717,0.88046681,91.61943136
3999,10076.97776,245.8437703,1.573151497,0.806668218,91.77260501
4000,10070.19385,245.7959589,1.51850316,0.950448905,91.15453956
4001,10073.68465,246.0939253,1.533904722,0.769000515,91.11991354
4002,10073.25271,245.5111501,2.036937068,0.841125911,92.17595551
4003,10074.84043,243.063905,1.766518834,0.804350499,92.38175232
4004,10064.95038,244.8469202,2.116580061,1.586032659,90.97125225
4005,10074.04773,243.844574,1.537799154,1.482812081,91.08720069
4006,10056.85605,244.7976145,1.637847195,1.242077942,91.97882157
4007,10066.51466,245.9821631,1.406926814,1.503962356,91.66004166
4008,10066.50182,245.3112474,1.53076651,1.375792372,91.71707789
4009,10071.38204,246.1601225,2.093158543,1.21949708,91.81260877
4010,10067.59395,245.3617159,1.629183009,0.741257566,91.2292499
4011,10059.71163,243.7315582,2.138925967,1.141019473,91.49977385
4012,10061.06645,242.5209473,1.528489294,1.144799343,91.44592438
4013,10066.23019,245.2044965,1.589116957,0.929909524,90.87548995
4014,10064.0803,244.8576324,1.754713907,0.847361996,91.44705818
4015,10060.81242,244.1124555,1.833802061,1.463241283,91.89301608
4016,10060.5299,243.4085805,2.055144938,1.433807781,91.09161471
4017,10065.63464,244.3962274,1.984980612,1.006065676,91.31936069
4018,10058.77886,244.9601894,1.836125404,1.151128939,91.33070095
4019,10060.13425,245.8462072,1.917488708,1.740629583,91.06916191
4020,10070.62572,245.3965366,1.905242291,1.145071415,91.53397135
4021,10051.85297,246.8454658,1.81110448,1.47447006,90.83939491
4022,10048.90163,244.2331925,1.8414379,1.379866108,91.82953954
4023,10061.26242,246.1831458,2.24955496,1.600984826,91.4599923
4024,10053.12916,245.3845551,1.703182968,1.203215605,90.66206326
4025,10054.10344,246.06896,2.416953461,1.496731115,91.9628974
4026,10050.95553,244.9766608,2.049314989,1.52865838,91.1812769
4027,10052.7235,246.5255755,1.987549502,1.554101246,90.7189763
4028,10061.17099,245.7916576,2.313785416,1.514438117,91.61584317
4029,10056.33941,244.8613271,2.486244712,1.598426168,91.29391116
4030,10055.78513,245.5748708,2.435622816,2.155556445,90.14350038
4031,10043.53297,245.395227,2.33483154,2.26804853,90.74945196
4032,10043.99337,246.1735952,2.4736126,1.308178614,91.13453145
4033,10034.6838,244.5560003,1.934078691,0.803404974,89.8978006
4034,10043.95746,245.7594911,2.193457103,1.675111982,91.00262239
4035,10051.90825,246.2389003,2.1352898,1.548577936,91.02148443
4036,10048.82513,245.9330291,2.581358515,1.805910232,90.33306195
4037,10044.24386,247.3049997,2.277801221,1.566620182,91.042351
4038,10044.34642,246.7917506,2.540758134,1.490959394,90.89289045
4039,10040.11555,246.0715093,2.49509921,1.802948049,90.27555252
4040,10043.68147,246.3585098,2.230747816,1.834490355,91.31293378
4041,10045.5805,246.5018601,2.30009113,1.026159897,91.25394902
4042,10032.76093,246.6753854,2.68947639,1.184119977,90.6719387
4043,10041.42377,244.5138103,2.287769843,1.383111769,90.69922001
4044,10043.66889,246.1067885,2.478886481,1.428735552,91.14326623
4045,10036.00849,244.994159,2.307316742,1.314564723,90.66134826
4046,10040.66096,247.8285707,2.409787281,1.494533225,89.77769514
4047,10050.30049,246.5625118,2.470916851,1.643786145,90.96801261
4048,10034.77163,246.5044425,2.329947336,1.841240889,90.2992373
4049,10036.32249,247.6703238,2.299586597,1.476383256,90.49219749
4050,10029.72483,247.2728848,2.552857071,1.024118267,91.39723764
4051,10033.3772,245.8002188,2.32934259,1.211562774,90.58242963
4052,10033.82488,246.9374697,2.337600762,1.207997127,90.6313379
4053,10031.54716,246.7539264,2.312114777,1.358714571,90.86629259
4054,10024.52084,245.4264431,2.483287375,1.293408798,90.8450533
4055,10029.69453,246.563714,2.685305977,1.76365409,90.11365558
4056,10035.01424,247.1545624,2.794326888,0.980624257,90.52391602
4057,10028.98421,247.3083291,2.343060758,1.204039366,90.55289695
4058,10030.58607,246.0272566,2.912309392,1.763583953,90.65153606
4059,10023.62359,248.7483577,2.274103752,0.849213411,90.64078396
4060,10027.58819,247.5827545,2.683364555,1.035002807,91.77049436
4061,10024.26268,247.8115021,2.312759292,0.67378452,89.86939694
4062,10017.13715,248.2645725,2.272215152,0.946803753,90.92787998
4063,10022.50749,247.1666908,2.285634032,0.652211654,91.00998564
4064,10014.97749,248.5027774,2.411194943,1.163618595,90.64511146
4065,10015.79067,247.7717824,2.523724146,0.856310945,90.05394364
4066,10018.91891,247.3354517,2.526729436,0.493302223,91.1917793
4067,10018.47389,248.899372,2.188003256,0.987201347,89.24376186
4068,10010.0552,249.9121553,2.161971029,0.749379008,89.97839398
4069,10020.2834,249.2404995,2.158778205,0.941147104,90.88611046
4070,10016.8841,249.5344301,2.301183034,0.27023523,90.09542557
4071,10009.50962,248.1871597,2.261962298,0.68386085,91.05889759
4072,10004.35324,247.2070253,2.093738005,0.763379689,89.48492084
4073,10010.32333,250.3921153,2.316764231,0.362049384,89.66490608
4074,10007.82372,251.0542647,2.693770676,0.068607141,89.93524965
4075,10009.62372,250.6407287,2.118124227,0.390669391,90.38985998
4076,10006.24611,248.8606688,2.109627807,0.728067099,90.05022376
4077,9997.027276,248.1406747,2.285034613,0.653568836,89.89609158
4078,10004.12499,248.3287626,2.037678503,0.143134243,90.83153266
4079,10003.54018,247.8100911,2.259200594,-0.157634298,90.85808803
4080,10007.23763,249.4860259,1.957351638,0.053361428,89.87419663
4081,9999.578969,251.2988259,2.442883985,-0.002568371,89.20651544
4082,10010.46368,249.6513516,2.120623832,0.227044372,88.96266412
4083,9991.512226,250.1952861,1.902743877,0.016661505,90.14105364
4084,10006.62629,251.368552,1.884022898,-0.222809031,90.3293868
4085,9997.948868,249.6888544,1.874009657,0.289454577,90.01290815
4086,10002.36849,252.2284386,2.226385974,-0.044653521,89.92595733
4087,9997.469876,252.2848819,1.673272657,-0.001035425,89.53914607
4088,10001.76924,250.2614393,1.768803747,-0.693916106,90.24891911
4089,9993.135636,249.9146226,1.765673162,-0.948301525,90.74054161
4090,9988.580822,251.2888042,1.850785795,-0.696688481,88.77303964
4091,10000.17852,250.3432139,1.77598468,-0.453751594,89.82276929
4092,9991.511354,249.63308,1.508668678,-0.180566971,89.35640096
4093,9992.190104,252.1694545,1.704139947,-1.099714945,89.07641324
4094,9996.260518,252.2028885,1.741924213,0.037604938,89.23674723
4095,9983.93242,251.2397835,1.614539938,-0.431894475,89.97168036
4096,9991.07618,249.9188042,1.856489225,-0.117354661,89.9644556
4097,9984.15697,250.049067,1.882692453,-0.833140197,90.47227276
4098,9985.454606,251.4822356,1.663562884,-0.457586629,89.72669982
4099,9985.487244,250.9709982,1.70657973,-0.624033438,88.82340617
4100,9976.636624,251.225051,1.210340047,-0.444549342,89.56366989
4101,9979.257018,252.6827553,1.541303961,-0.799634842,88.96983453
4102,9988.921723,252.4879554,1.810398117,-0.626518566,89.03992923
4103,9985.614253,253.2262008,1.509631937,-0.476118648,89.91394547
4104,9979.888919,250.9499777,1.432766384,-1.039698201,89.7011328
4105,9980.438534,251.689176,2.022705204,-0.808480258,89.87824114
4106,9976.774582,252.882303,1.919013413,-1.483527436,89.38616947
4107,9984.053765,252.661504,1.637855287,-0.741607706,89.94068174
4108,9975.296411,253.8350251,1.762403669,-0.400292637,89.31926202
4109,9976.48708,252.8114795,1.080878908,-1.393467047,90.06489881
4110,9980.090184,254.3263936,1.361184737,-1.08007739,89.65952013
4111,9969.507903,253.1046527,1.418535496,-0.820098074,89.36439677
4112,9980.226094,253.7121269,1.460381525,-1.105420931,89.55468948
4113,9963.819985,252.4107092,1.405870014,-1.094916729,89.4205155
4114,9978.6635,252.8316823,0.991374928,-1.290316924,90.20835905
4115,9967.697858,253.8103836,1.577352768,-1.328977629,89.51394352
4116,9967.396731,254.5933017,1.608895697,-1.252974662,89.37139816
4117,9958.212303,253.7892527,1.821810986,-1.239795266,89.23400164
4118,9964.443742,253.0553123,1.346281892,-1.630932365,89.75594643
4119,9960.577374,254.593032,1.333663514,-1.319361112,89.66948479
4120,9961.800287,251.099645,0.976682151,-0.850879353,89.15984957
4121,9963.217593,251.9439992,1.460166633,-1.467875485,88.7002622
4122,9967.762344,254.1211316,1.706505858,-1.732799823,88.80848366
4123,9963.084344,253.5254936,1.412517475,-1.425310761,89.14884528
4124,9962.661447,254.1873823,1.973310137,-1.611290592,89.89692503
4125,9954.726091,253.7153268,1.504190542,-1.814172982,89.07898544
4126,9954.884521,254.2894553,1.596907297,-1.385412273,88.88870403
4127,9967.370592,252.9702098,1.307968557,-1.653455451,88.28717967
4128,9953.793798,254.4196879,1.652161885,-1.639696881,89.90616679
4129,9964.847935,254.906666,1.213995493,-1.416859252,89.41585194
4130,9954.453021,255.1942868,1.764715827,-1.932128179,89.51137152
4131,9954.785633,256.0471858,1.787913521,-2.002610172,89.57632789
4132,9959.236408,254.3360118,1.932830064,-1.285509069,88.99532653
4133,9959.359045,254.4224696,1.475769323,-2.071314265,89.10228698
4134,9951.565221,252.6803719,1.731467203,-1.789018193,89.78668664
4135,9949.302557,253.7254374,1.832461261,-2.038571133,89.11466588
4136,9950.093534,254.1153685,1.829198056,-1.645715944,89.30122537
4137,9951.197251,255.4086485,1.589373662,-1.371363325,89.42542462
4138,9953.103357,253.795463,1.306322721,-1.464635809,89.29440244
4139,9947.812499,255.2491768,1.876934831,-0.777983018,88.89174242
4140,9950.035514,254.4958067,1.800347551,-1.165332301,88.92187972
4141,9954.287919,254.3630529,1.741240876,-1.765274128,89.31074262
4142,9947.163096,254.8300916,2.031455062,-1.838225827,89.2931324
4143,9945.980715,254.2291855,1.894076348,-0.658954397,89.47256532
4144,9935.999357,254.2286008,1.663857811,-1.142716866,89.14742672
4145,9929.617361,252.9882852,1.566223649,-1.273890033,89.15372305
4146,9943.895714,254.4786729,1.75165743,-1.416152286,88.61596003
4147,9940.668343,254.2783244,2.481044881,-1.343163624,88.53227453
4148,9937.763065,254.2720737,2.171984011,-1.855171739,89.1970549
4149,9940.755109,255.2327747,2.090068801,-1.347498269,88.50365663
4150,9938.441966,255.5004543,2.040800985,-1.356045809,88.76452919
4151,9943.595538,255.0980008,2.052248628,-1.630222508,89.44864435
4152,9937.606047,255.8832593,2.359506193,-1.500881428,89.353795
4153,9932.666015,255.4834887,2.051972527,-0.86390791,88.87890705
4154,9940.582961,254.6309902,2.289125285,-1.333964114,88.56457281
4155,9933.78441,254.4793393,2.127270878,-0.651844374,88.63571185
4156,9936.747197,255.2691902,2.60771077,-1.771037932,89.11612034
4157,9930.978497,255.542325,2.390311038,-1.379987628,88.64906137
4158,9929.374116,256.3766048,2.512534084,-1.660945676,88.37332381
4159,9932.308529,256.1781447,2.167451731,-1.531925381,89.24564114
4160,9931.22308,254.4517151,2.516161188,-1.388844781,88.71397881
4161,9932.836205,254.895401,2.261457583,-1.016048338,88.32011349
4162,9928.37893,255.6706454,2.364609371,-0.999852029,88.83391328
4163,9919.832477,256.0678459,2.687384952,-1.251973793,89.06589473
4164,9926.149622,255.9370382,2.168692667,-1.683870085,88.0624333
4165,9931.588968,254.9304124,2.433826562,-0.538651967,88.45217055
4166,9925.446617,253.7344915,2.495724667,-1.033235158,88.41532826
4167,9925.022509,253.9818062,2.526050995,-1.247086016,88.7512321
4168,9930.514612,255.2436124,2.344764818,-0.793592036,88.82765874
4169,9921.358608,255.3014524,2.863959057,-0.777821619,88.22263252
4170,9916.54771,253.8468118,2.198387847,-0.898286827,87.73885894
4171,9922.809397,254.974347,2.758676091,-0.718532019,88.98815044
4172,9920.550149,255.5433161,2.71826992,-1.07052098,87.89944773
4173,9917.505955,253.7412146,2.862604448,-0.456307318,88.58233583
4174,9920.834228,255.9758312,2.170745345,-0.942994636,88.36823196
4175,9923.550412,254.4697472,2.31936782,-0.784679243,88.50307963
4176,9920.436095,256.079397,2.795033504,-0.366898973,89.23526774
4177,9921.415048,254.2609084,2.123506482,-0.158377653,89.91674367
4178,9928.352799,253.7383945,2.178644927,-0.001391222,87.5689965
4179,9916.985055,254.2756363,2.402047964,-0.117512992,88.86594206
4180,9919.513011,254.605485,2.536632079,-0.488212192,88.28430147
4181,9915.005207,254.2771329,2.813956812,-0.809686666,88.87495274
4182,9912.757727,254.4127248,2.454498568,0.118066337,88.81842205
4183,9913.51154,254.9239534,2.364715253,0.15195795,89.03359396
4184,9913.497194,254.378235,2.542236747,-0.416410892,88.46030219
4185,9917.151685,254.4409084,2.566274086,0.106164788,87.86229788
4186,9926.571469,252.753598,2.551818143,-0.225065979,88.76034654
4187,9910.726174,254.808541,2.418029641,0.369862571,88.34512661
4188,9911.712135,254.2798916,2.051532534,-0.190015284,88.15898363
4189,9912.977138,255.9298922,2.246843289,0.603036109,88.02774311
4190,9914.777909,253.3288105,2.701161742,0.290264998,88.75914607
4191,9913.63155,252.4071496,2.440219798,0.638631416,89.04796066
4192,9918.257925,254.7788966,2.322993268,0.005078486,87.63907264
4193,9899.237952,254.4510739,2.59485454,0.310446466,88.53837437
4194,9898.976592,253.038191,2.127992784,-0.057296287,88.03203124
4195,9907.982089,252.4573335,2.290856908,0.531024012,87.4755934
4196,9915.507173,255.4633429,2.344548998,0.591629435,88.27426635
4197,9901.760621,255.2773499,2.209000271,1.084824185,87.77520834
4198,9894.127931,251.3115309,2.296963756,0.553799863,87.39444523
4199,9911.608303,253.2749932,2.218115941,0.669518858,87.78417789
4200,9909.566131,255.3301437,1.95399065,0.353737126,87.65306995
4201,9902.501407,253.1211581,2.247774841,0.699650238,87.83570556
4202,9902.63856,253.0364386,1.922900325,0.465035774,87.48838312
4203,9902.340591,253.1727109,2.198313797,0.655007012,87.94621614
4204,9907.374319,252.2616105,2.416225136,0.713290948,87.77980829
4205,9903.331717,251.603416,2.061047109,0.595337455,88.3170728
4206,9908.584617,254.2851001,1.858515831,0.759374234,88.41905544
4207,9891.501557,251.312684,2.04274362,0.666697551,88.24556809
4208,9901.160246,253.3246983,1.87690537,0.703460857,87.99116788
4209,9899.493506,253.8845813,2.137251574,1.177738095,87.97126172
4210,9903.530831,251.4661513,1.963756341,0.94395209,87.67771319
4211,9901.820572,251.9113181,2.31032767,1.031235042,87.68371889
4212,9908.207856,253.9658403,2.176072913,0.524876551,88.43617467
4213,9894.639357,253.2015265,1.888100151,1.123192507,87.19886951
4214,9903.890508,251.9662553,2.03728249,1.1884726,88.03289854
4215,9906.191376,253.6996629,1.791222363,0.942108185,87.90622935
4216,9912.429235,253.6168236,1.852695247,1.71842751,88.36248601
4217,9900.493157,252.5912504,1.750036417,0.436475709,87.34553375
4218,9904.289979,251.3330185,1.952477934,1.387868467,88.05959406
4219,9893.423803,251.7298177,2.063149811,1.394676981,88.22035452
4220,9890.268524,252.3388837,1.914205715,1.37052496,87.09220049
4221,9906.247141,251.7723116,1.917400992,1.287041269,87.5033014
4222,9901.80023,252.8074888,1.896825286,1.424397955,87.99066571
4223,9907.535174,250.2456353,1.802394012,1.543530314,88.28992567
4224,9894.600011,250.1873135,1.444979308,1.088040223,88.12059017
4225,9903.900804,251.7679432,1.994542294,1.417118875,88.306253
4226,9910.489521,251.0003879,1.997605556,1.292724291,87.48322238
4227,9903.097983,250.7691471,1.573230873,1.038735123,87.22561392
4228,9902.246286,249.531844,1.530100398,1.599932848,88.05952046
4229,9900.779995,251.2226317,1.711944694,1.23214373,87.40006768
4230,9892.766571,251.0530346,1.685873442,0.967503045,87.5797584
4231,9907.292543,251.6615302,1.522630676,1.269261161,88.47643275
4232,9897.36404,250.9788157,1.301415995,1.204170602,88.10291634
4233,9902.854352,250.6787999,1.602083814,1.763930529,87.72256626
4234,9892.440338,251.8895744,1.641900736,1.511581572,87.65609444
4235,9894.29176,249.3009913,1.668618233,1.889256295,88.31424194
4236,9907.308024,251.0504873,1.586344249,1.282165456,88.10863722
4237,9898.349592,248.7433847,1.456502891,1.750640322,87.39444375
4238,9907.315988,249.476438,1.704989484,2.34519382,87.02708035
4239,9899.63196,249.0022848,1.516056202,1.603690395,88.94136318
4240,9890.797125,250.8969406,1.40784185,1.757601932,87.38889265
4241,9904.460451,249.949598,1.463883401,1.708040095,88.2638505
4242,9897.05415,249.9015091,1.151257601,1.072889835,88.7554187
4243,9903.510555,248.7083174,1.465688983,1.6734358,88.07414099
4244,9900.166662,249.415469,1.642754989,1.586457864,87.70059381
4245,9892.358509,248.8519232,1.577191701,1.412082142,87.28845748
4246,9900.939059,249.8992234,1.818761999,1.218939929,87.28234644
4247,9911.152175,248.4252508,1.468641423,1.685154662,88.1917686
4248,9902.699447,250.6469433,1.62650294,1.176718252,88.73017846
4249,9900.020359,247.5426486,1.696569398,2.098691243,87.80842941
4250,9905.768067,248.3131021,2.016728526,1.481693836,87.72996676
4251,9901.538055,250.6985674,1.588375356,1.067993944,88.35843479
4252,9901.635698,248.4883645,1.36295117,1.267038732,87.6687869
4253,9895.243156,247.5111916,1.75481101,1.322769853,88.15126708
4254,9901.993707,248.9481784,1.972844106,2.113630195,88.03739006
4255,9906.134786,248.1572595,1.550662812,1.106996728,87.81441735
4256,9896.920265,247.7008733,1.799824649,1.318729403,88.01424243
4257,9908.375951,247.3455498,1.894710528,1.172249097,88.9066455
4258,9900.957713,251.1150947,1.870612005,1.462178032,88.33059133
4259,9897.150025,248.001131,1.71137641,1.133457269,88.57802785
4260,9906.759503,246.2337762,1.566419938,0.924766166,87.57607967
4261,9900.529665,249.5604503,1.710443325,1.183215916,88.58724079
4262,9905.963307,248.5859817,1.839686979,1.126189721,88.36282489
4263,9900.918819,247.1174245,1.951508999,1.01144382,87.2977542
4264,9902.300124,246.8605985,1.859126328,0.999513159,88.32188046
4265,9905.298438,248.3778995,1.739347598,1.487559177,87.79997567
4266,9904.526221,247.3691357,1.949858577,1.006203686,87.28853288
4267,9893.344869,245.6026571,2.034656072,0.730870926,88.13133842
4268,9897.976769,249.2294443,1.962760814,0.900493983,88.34118104
4269,9908.500138,246.9228063,1.744083968,1.022513872,88.1528658
4270,9903.472121,248.7680182,1.899744422,0.571511161,88.02808679
4271,9901.80345,248.4676221,2.150453926,1.425489231,87.92314946
4272,9897.928096,246.1060426,1.709248105,1.162429614,89.32771333
4273,9899.630673,248.0592641,1.592213322,1.294855642,87.50930239
4274,9895.238246,246.2948434,2.33743564,0.94631114,88.54340577
4275,9905.168186,245.0010184,2.162982735,0.162686602,88.12120327
4276,9903.019184,246.3658068,2.206774581,1.212807423,87.69299418
4277,9901.524613,247.1120123,1.894580555,0.453871335,88.10295153
4278,9906.372481,246.1769221,2.281690129,0.438378756,87.43779565
4279,9908.897826,246.2592384,2.21313943,0.679419572,87.84381425
4280,9917.918128,247.6378543,1.86473421,1.004909006,88.12557561
4281,9900.276142,246.530186,2.489512537,0.865811959,87.38115266
4282,9914.025102,245.5112279,2.258937115,0.779601115,88.41775521
4283,9913.495519,246.9888489,2.16996037,0.371602713,87.6907197
4284,9905.145499,246.4182717,2.194933114,0.323884017,87.45495877
4285,9910.477189,243.6342807,1.888164395,0.482584899,87.64901132
4286,9907.601944,246.5210653,2.429825939,0.296075174,89.28577929
4287,9911.256665,246.4229308,2.382702169,0.557884863,87.21753238
4288,9918.320956,245.9912005,2.309861155,0.495855893,88.43356757
4289,9914.259334,246.8043687,2.621849165,0.379731972,87.84880792
4290,9914.239223,245.1834982,2.105940072,-0.600131911,88.05885953
4291,9910.018343,246.1372728,2.278960553,0.151238001,88.54536325
4292,9905.232097,244.1803745,2.242920989,0.035268796,88.53045697
4293,9912.101266,246.1026861,2.370739144,0.073354981,87.92252393
4294,9919.676559,247.598639,2.452501623,-0.248348401,87.59395837
4295,9906.516226,244.6024483,2.536422509,-0.464465249,88.5941118
4296,9909.393751,244.7909888,2.391311485,0.026993924,88.56957255
4297,9915.826201,244.7960414,2.294369875,-0.263655414,88.1614125
4298,9910.805734,245.5931186,2.815002901,-0.029033442,88.53555235
4299,9912.308963,244.3589622,2.966895783,-0.44721069,88.10251687
4300,9914.704533,245.8039551,2.518780145,0.134563104,87.92293173
4301,9910.553702,246.1921039,2.343096752,-0.033903177,88.34961686
4302,9913.078704,245.8440291,2.792637792,-0.288886261,88.61850264
4303,9922.042182,243.5075605,2.210046077,-0.485292566,88.52512599
4304,9912.572071,246.2393272,2.433045131,-0.20857588,88.63675974
4305,9911.711525,246.1516128,2.360128945,-0.389108863,88.01372829
4306,9917.150757,246.0164068,2.265549683,-0.477416463,89.1969582
4307,9924.568625,245.5330132,2.438313002,-0.277756554,88.24698653
4308,9920.540114,245.3562217,2.317108951,-0.203748272,88.37103663
4309,9919.82554,246.1462287,2.486875175,-1.04795692,87.78364095
4310,9923.001746,247.0171141,2.482970022,-1.027268279,88.35867147
4311,9914.690645,244.122284,2.345264963,-0.985509857,88.7345025
4312,9926.539597,246.1371435,2.386251771,-1.240761373,88.86257669
4313,9926.637725,244.9584709,2.403857137,-0.846749928,89.27538136
4314,9923.336016,244.902667,2.600543799,-0.685036734,88.76776862
4315,9931.081651,243.4854483,2.396340154,-0.907864953,88.65949717
4316,9921.091413,244.7288198,2.577352987,-1.097232516,88.31143032
4317,9933.052631,244.0099689,2.514931023,-0.633772023,88.21739151
4318,9928.877005,244.5390011,2.496436139,-0.963381282,89.04721498
4319,9927.120414,243.9022896,2.643105641,-0.935587241,89.05159871
4320,9929.409568,244.5511878,2.124151068,-0.724211053,88.05167237
4321,9929.685421,244.5956059,2.235015528,-1.138490079,88.96598285
4322,9937.042946,245.1020905,2.663110856,-0.513497988,88.94402248
4323,9926.284828,243.3962029,2.239010776,-1.294933092,88.07646004
4324,9928.589153,243.5730473,1.706746284,-0.58918606,88.91826339
4325,9938.323549,245.390085,2.207800013,-1.507903374,88.13806747
4326,9930.911331,244.2423264,2.253383392,-1.086055793,87.46313363
4327,9939.145253,246.1278723,1.680408796,-1.458762272,88.61280055
4328,9943.899886,245.2941687,2.447545009,-0.953694826,88.83696147
4329,9934.160308,245.69319,2.014490049,-1.455435963,88.66585026
4330,9940.349055,246.5166144,2.199026826,-1.245925662,90.17239828
4331,9931.953048,244.8176631,2.063866339,-1.548370678,88.94385581
4332,9942.28067,244.576288,1.82686821,-1.090843791,88.84371098
4333,9940.295767,246.0478177,1.84570141,-1.586305268,89.00076859
4334,9942.461552,245.7128986,1.847901536,-0.900873455,88.5812677
4335,9937.672203,245.0452432,2.227080275,-1.719749845,89.28274081
4336,9933.40426,246.6551268,1.955441185,-1.838413134,89.01469452
4337,9945.04138,245.0844144,1.85561627,-1.161742025,89.00808825
4338,9933.029294,245.3643035,1.748208146,-1.635881242,88.55486608
4339,9942.586413,245.389491,2.149662671,-1.470427393,88.10129814
4340,9949.711512,244.4722655,2.17879945,-1.573475264,88.64941902
4341,9946.803029,245.5248731,2.098719587,-1.877803093,89.05818774
4342,9956.428607,246.8862972,1.936415388,-1.513000889,88.71138813
4343,9952.661123,245.9785588,1.872456137,-1.114969387,89.09657513
4344,9945.120016,245.6104938,1.548328451,-1.196699521,88.85160922
4345,9949.385167,245.4652713,1.719899177,-1.429951484,89.20026174
4346,9949.875913,246.0072628,1.610415172,-1.166308076,88.51384326
4347,9943.071038,246.477249,1.360840901,-1.816993503,89.11608344
4348,9947.153984,246.3895168,1.916793117,-1.594574466,88.71664251
4349,9949.931046,245.5028965,1.546395938,-1.374649782,88.28555554
4350,9943.437346,246.2156924,1.905713735,-1.527624858,88.98979191
4351,9954.744152,246.4286436,1.824671573,-1.556317005,89.85829248
4352,9954.154111,245.0009223,1.742341839,-1.834898778,88.37870119
4353,9947.932246,246.2373581,1.737173321,-2.090216592,89.18563043
4354,9959.219395,243.9704061,1.476095301,-1.210243631,89.54275515
4355,9961.683591,246.6783735,1.956291574,-1.371116525,90.31209988
4356,9960.149485,246.9218342,1.579948076,-1.160663345,88.93381975
4357,9958.308155,247.076184,1.619382243,-1.548325462,88.88256962
4358,9963.803898,246.0022062,1.417955836,-1.615604522,88.63358765
4359,9965.169895,246.7763562,1.351443583,-1.383161745,89.80563404
4360,9964.231741,247.9627325,1.624196938,-1.110974699,88.82018729
4361,9959.501322,248.025402,1.564479447,-1.417548297,89.08718944
4362,9965.940684,246.6566687,1.356542594,-1.087241906,88.36668467
4363,9971.471925,246.9006957,1.221377757,-1.608139782,89.75187636
4364,9963.451669,247.9491173,1.250955604,-1.331975905,89.90782542
4365,9977.868159,245.4154988,1.741281477,-1.280715292,89.77045679
4366,9965.697219,246.6725533,1.377763087,-0.866769721,88.56384483
4367,9969.437487,248.4117294,1.432239962,-1.146293005,89.68908455
4368,9966.866174,248.1330588,1.79094723,-0.657564849,88.56823685
4369,9972.301084,247.6099583,1.278554115,-1.557437254,89.45271475
4370,9963.432631,245.818802,1.360932592,-1.084862111,89.54541358
4371,9970.375325,247.3597342,1.357159434,-1.039712962,89.61720229
4372,9968.609413,246.9057751,1.840330203,-0.8762149,89.74871864
4373,9975.713788,247.9137772,1.922404871,-1.274005379,89.49672511
4374,9980.978906,246.8614063,1.682242911,-0.491491106,88.53891863
4375,9980.208673,246.7339759,1.697979237,-0.958866361,89.80713335
4376,9966.09462,245.7846764,1.435749823,-1.253939917,89.60786241
4377,9989.139745,249.162049,1.952925267,-0.896856306,89.12727804
4378,9981.384383,247.6320002,1.62972869,-0.949423627,88.81346096
4379,9977.006084,248.2812303,1.760600667,0.016838881,90.38778268
4380,9982.656726,248.2149104,1.583687641,-0.46506881,90.253072
4381,9983.736355,247.2434918,1.56698794,-0.726371718,90.01008683
4382,9980.507197,247.1463136,1.969953053,-0.735396271,89.33867886
4383,9985.818674,247.495154,1.762945931,-0.376423756,88.43808404
4384,9982.780897,247.8729911,1.963795198,-0.321406194,90.09870475
4385,9984.787034,249.0590177,1.743920681,-1.453294929,89.91952026
4386,9984.369352,247.9934687,1.543284382,-0.34517531,89.56868381
4387,9981.630516,250.6329363,1.617109203,-0.487442366,90.3382806
4388,9990.5173,250.0113013,1.775856354,-0.846488334,90.21976112
4389,9993.709881,249.8906208,1.652060493,-0.145986003,89.90371542
4390,9994.35399,249.0610805,1.578521968,0.307270119,89.85312064
4391,9996.876208,250.7938259,2.063451229,-0.155753638,89.88101549
4392,9995.396015,249.1606334,1.737789371,0.051420464,90.21545621
4393,9992.109041,249.4467201,1.898380508,0.306862832,89.4667152
4394,9999.969865,249.7475073,1.954270328,-0.438905449,90.12842248
4395,9989.983259,250.3790761,1.801976973,-0.702381313,89.47512146
4396,9993.267113,250.4140105,2.234532418,0.096797452,90.62368698
4397,9993.949316,249.4019156,1.745848139,-0.129608086,90.24147061
4398,10005.17057,249.4440349,2.046582303,-0.42258913,89.65129157
4399,10005.48422,250.7169284,2.068475905,0.011208758,90.05570346
4400,10004.20672,250.8922281,2.033348436,0.297889593,89.60851066
4401,10008.12958,249.8835357,1.809653351,0.079827866,90.80745503
4402,9999.372978,248.7894832,2.267863347,-0.066746999,90.88682583
4403,10006.51145,250.2689891,2.266831733,0.146878738,90.44348136
4404,10005.14121,251.1992743,2.007150393,0.252524959,90.89366995
4405,10010.99952,252.4803784,2.307540454,-0.276272252,90.21120025
4406,10007.18635,249.5759466,2.264388443,0.303672175,90.53700565
4407,10006.83433,250.4459669,1.956174951,-0.013177078,90.78754318
4408,10012.45929,250.5814191,2.063871438,0.631102166,90.19222316
4409,10015.13032,252.4245242,2.48408683,0.007960899,90.25054142
4410,10008.4014,251.1312461,2.339446156,0.82253201,90.70169083
4411,10012.43023,250.3558633,2.185140945,0.437958688,90.57796105
4412,10008.4346,251.9183821,2.146000122,0.439294757,89.89680579
4413,10002.22633,251.0510015,2.233516234,0.731461181,89.20091808
4414,10016.7073,250.3266236,2.265757469,0.423673031,90.22633593
4415,10019.73631,250.7529881,2.202632701,0.806850566,89.28537865
4416,10018.98724,253.4738957,2.039715048,0.542686827,89.85802946
4417,10008.91245,252.2174592,2.631343123,0.633705688,89.9360617
4418,10017.8875,252.0336731,2.611731654,0.960018277,90.10851374
4419,10009.52953,251.7679121,2.176174489,0.533769276,90.82264441
4420,10028.44723,252.4010403,2.470231658,0.532186025,90.9508143
4421,10017.14375,252.4793695,2.273558385,1.02127831,90.70585089
4422,10029.82409,252.5806648,2.41159443,0.973212079,90.78719487
4423,10029.24711,252.4917882,2.403696879,1.065478147,90.81841537
4424,10020.98304,253.3332378,2.394644292,1.145837069,89.26130487
4425,10020.78776,252.5740544,2.887161216,1.096490219,90.53413246
4426,10029.16657,251.6585015,2.403651149,1.292466318,89.6500651
4427,10024.1534,252.1084531,2.333978973,1.169031434,90.82207022
4428,10029.84491,250.8252047,2.345792084,0.566345652,89.54009568
4429,10027.87288,254.9132663,2.708494881,0.671856114,90.51552109
4430,10022.33273,253.830275,2.169501055,1.801214398,90.89865528
4431,10021.03456,252.2173342,2.346329426,1.248358891,90.08485897
4432,10034.26548,252.8442251,2.78590419,1.557794094,91.14349911
4433,10031.26611,252.5666085,2.541781381,1.192249331,90.93478913
4434,10032.24689,254.8221657,2.526580863,1.300628602,90.89065917
4435,10039.4266,251.9345631,2.908617836,1.20291022,91.06794636
4436,10042.74583,253.5423964,2.524244996,2.098379365,90.55797238
4437,10036.44355,253.3915014,2.324937844,1.453032792,90.83208495
4438,10037.02716,254.3975769,2.40059314,1.233822333,90.77962879
4439,10042.15087,253.5360097,2.219213282,0.914782672,90.78672856
4440,10033.78151,251.9496349,2.685662827,2.017060375,90.47530821
4441,10042.59393,253.5230676,2.536477476,1.389370232,90.20829729
4442,10045.14543,252.8668552,2.632483982,1.673741468,90.67929081
4443,10046.69074,253.9818935,2.635215167,1.718085577,90.6698179
4444,10034.50509,255.3982266,2.293812113,1.331935831,90.51541165
4445,10041.27693,252.2847744,2.170798147,1.680695811,91.32770094
4446,10041.58272,253.2825173,2.331601358,1.304562519,90.33337749
4447,10047.35921,253.5869545,2.148732348,1.194183,90.85144101
4448,10050.14456,253.8132679,2.336808476,1.844815141,91.53798653
4449,10056.10067,254.9885983,2.510009632,1.450837916,91.42690695
4450,10047.0137,254.1268026,2.229026653,1.655319213,91.59791758
4451,10047.86714,254.766304,2.271061427,1.623162606,90.71170973
4452,10056.9648,253.7731424,2.200098582,1.690037045,91.41647277
4453,10053.55563,254.6754944,2.35667146,1.029118835,90.50996975
4454,10059.26211,255.2682441,2.039337495,1.316568843,90.92054007
4455,10055.21331,253.8012272,1.709940605,1.389546703,90.9845154
4456,10048.82452,255.3561519,2.219366515,1.230840796,90.80428192
4457,10048.77943,254.6666037,2.298409597,1.601049444,90.92799453
4458,10048.51695,255.6972826,2.165515478,1.819153292,90.87880217
4459,10060.40857,254.4861333,1.923401883,1.856062065,90.65076929
4460,10063.85939,255.1026537,1.799524323,1.338859382,91.58653481
4461,10067.97552,254.7127702,2.100438706,1.515028251,91.08334909
4462,10063.75066,254.6872302,2.004843601,1.546664626,91.29142094
4463,10066.1498,255.0705257,1.926456513,1.583609906,91.28860061
4464,10058.22997,255.3746309,2.291295873,1.116796644,91.24996422
4465,10056.1363,253.6125516,1.712814305,1.908173214,91.28476986
4466,10066.95091,256.3180985,2.232797361,1.62049145,91.10130172
4467,10065.56479,253.0451965,1.860067832,1.607658267,91.97872611
4468,10064.78313,254.2384802,1.462883696,1.661039962,91.66529044
4469,10066.94586,254.8454867,1.770868918,1.437211295,91.30937098
4470,10067.38152,255.3665994,1.975803447,0.944595866,91.09178463
4471,10072.93469,256.542922,1.688628135,1.185790027,91.27090178
4472,10073.7339,253.1189773,1.445014121,0.705753131,91.55399028
4473,10070.71672,254.4781032,1.686047551,1.298097324,92.10988237
4474,10072.95447,252.8654982,1.527199088,1.094261757,90.68798537
4475,10072.01874,255.0284911,1.777432808,1.103288976,91.71885589
4476,10067.8586,255.2710914,1.814988414,1.446062041,91.9666508
4477,10074.65628,256.5907426,1.431141943,0.9162032,90.67410989
4478,10064.6029,255.1191208,1.484216612,0.945156272,91.34093208
4479,10077.5396,256.039051,1.760623676,0.993958372,90.91314378
4480,10066.98506,255.5734048,1.422420646,0.401053309,91.67441828
4481,10075.06693,254.5468656,1.363666507,0.838058807,91.2935828
4482,10070.08502,253.5637064,1.331318077,0.136140321,91.42114625
4483,10077.74318,255.2362338,1.625504329,0.669429585,91.29399678
4484,10075.46456,253.4557093,1.60608048,1.064089509,91.87276535
4485,10068.31079,256.2276193,1.3977312,0.903432774,91.6402078
4486,10079.03082,254.752978,1.527012362,0.551834452,91.65400981
4487,10074.67278,256.0908796,1.824061401,0.702890546,91.6315586
4488,10082.59542,254.3941915,1.317665696,0.327903206,91.85003927
4489,10078.81581,255.1200108,1.117190561,0.608860735,91.44519766
4490,10081.39789,255.0353225,1.594846449,1.447274955,92.43880312
4491,10075.23661,254.7538129,1.479283516,1.080023057,90.98309165
4492,10077.67345,254.3371614,1.358137477,0.499699472,90.74944305
4493,10078.91452,255.1313329,1.63058667,0.489150765,90.71981401
4494,10086.07071,253.7798742,1.669293094,0.104035638,90.59594983
4495,10090.74538,253.4618803,1.062316023,0.113808128,91.98375483
4496,10078.8957,255.8775522,1.37721542,0.419120899,91.93411508
4497,10088.86058,255.3234492,1.976232029,0.108839176,92.27341495
4498,10073.17437,254.6218902,1.635621471,0.49315351,91.15213611
4499,10078.58984,256.1790361,1.661575318,0.648216318,92.06394642
4500,10080.29646,254.2022178,1.769531417,0.232339265,91.73021908
4501,10078.84887,255.7469882,1.548126673,0.118197317,91.79552147
4502,10078.20597,254.5523911,1.714948067,-0.461513508,92.03528963
4503,10088.69279,253.3028476,1.711232711,0.222009231,91.35441501
4504,10086.05268,256.1246889,1.688518394,-0.390367409,93.03608491
4505,10089.50655,255.2146993,1.530445498,-0.217618396,92.4181307
4506,10091.53964,254.0486176,1.644410145,0.150790459,91.49589256
4507,10089.8843,254.8407923,1.508451316,0.127101854,91.22575533
4508,10092.30512,253.6522546,1.645746254,-0.366357509,91.73637398
4509,10089.11983,254.8258218,1.427436835,-0.393455818,91.88047896
4510,10083.97476,251.5447103,1.521808822,-0.524709041,92.33100211
4511,10095.63204,252.8535293,1.643069817,-0.718118323,91.22249895
4512,10087.82162,254.7885829,1.531140758,-0.592726803,91.95808712
4513,10086.50434,253.4941365,1.639928158,-0.929391091,91.05913884
4514,10090.69875,253.8843057,1.729843721,-0.283296361,92.04994549
4515,10087.42114,252.2614785,1.865371993,-0.412181743,91.78595175
4516,10090.2857,255.3861886,1.997599182,-0.40422628,92.81579695
4517,10094.47155,254.6574934,1.738299576,-0.900037413,91.08202425
4518,10094.86213,253.193534,2.121808372,-1.013016196,92.54771267
4519,10088.99111,252.9154212,2.066603619,-0.678630572,91.01768952
4520,10091.39222,254.2742912,2.004096858,-0.715018743,91.21300981
4521,10099.54352,255.1504293,1.95864636,-0.817334344,91.04488976
4522,10096.98554,254.0437239,2.016559316,-0.898206474,92.0152471
4523,10105.2011,255.1825352,2.215082129,-0.335606687,91.30966614
4524,10101.03917,252.0079459,2.24738039,-0.757745945,91.22860489
4525,10101.16324,252.0293029,2.294639704,-0.330267022,92.01021927
4526,10088.79613,251.5770017,2.060832513,-0.575868861,92.1405971
4527,10099.8389,253.1238503,2.188345977,-0.479804082,91.94031653
4528,10096.02858,252.7727672,2.370653903,-1.34645954,91.84477274
4529,10093.8041,252.3592476,2.001538643,-0.878583125,92.84563498
4530,10097.65432,253.2334881,2.086620089,-1.217526971,92.00920303
4531,10101.78586,253.5686191,2.177156721,-1.617497115,92.34404174
4532,10099.79981,250.7217546,2.377080283,-0.699157371,92.01737405
4533,10093.1294,251.5606726,2.402913313,-1.264510215,91.40149724
4534,10101.45043,252.8871529,2.195874825,-1.520318399,92.22970658
4535,10094.75679,251.5078084,1.961889529,-1.354459194,91.63099597
4536,10099.22495,251.0850886,2.333753089,-1.494152398,91.91733754
4537,10096.81177,252.8088265,2.121046811,-1.487460006,92.11927167
4538,10097.41134,250.4070672,2.026154919,-1.368745759,90.99940435
4539,10102.50419,251.3005871,2.089989783,-0.804762359,91.16870836
4540,10093.62944,251.8357697,2.4258055,-1.54445274,92.43133771
4541,10108.70393,250.8376617,2.649600839,-0.866117023,91.64768595
4542,10090.01018,252.0984287,2.401093051,-1.127360414,91.67415126
4543,10096.25502,250.6496613,2.450527979,-1.279999498,92.06808632
4544,10101.21223,252.5299357,2.658748119,-1.190055573,91.79438719
4545,10102.39063,250.8978993,2.12614023,-1.424732552,92.19817534
4546,10099.06461,251.5968357,2.550841225,-1.056066038,91.96577897
4547,10099.36802,251.5731392,2.455145931,-1.283541214,92.09240092
4548,10101.78574,250.1007941,2.580189905,-1.963481137,91.64373053
4549,10098.64568,248.5757751,2.378628954,-1.384334237,92.09281795
4550,10106.82499,250.8906933,2.318897533,-1.245820559,92.54972629
4551,10104.10391,250.5026898,2.516540067,-1.574182742,91.71426913
4552,10104.30937,250.8865192,2.823009004,-1.454736855,92.45656407
4553,10095.14255,250.0043252,2.668852543,-1.680259004,91.97368656
4554,10099.59449,249.7004921,2.397390334,-1.912130631,92.36706939
4555,10098.49719,252.0394076,2.231745784,-1.965048467,92.06437609
4556,10094.96961,248.4585829,2.163288448,-1.960798432,91.98324684
4557,10101.78653,250.5649175,2.761434513,-1.297357635,92.17457902
4558,10097.27558,249.1564628,2.304465607,-2.242200429,92.60607486
4559,10103.20892,249.2954912,2.426408376,-1.690759249,92.11668671
4560,10094.53905,249.2145197,2.750553756,-1.714868979,92.2370656
4561,10108.43333,248.6287283,2.157116187,-1.562842021,91.81252006
4562,10095.2946,249.9041539,2.770734836,-2.026814517,92.78096842
4563,10100.80093,250.6246073,2.41275884,-1.339086718,92.31425686
4564,10103.5819,249.6053177,2.223816789,-1.831255529,92.03130624
4565,10096.67762,249.1403723,2.39297619,-1.097335135,91.92928964
4566,10103.69144,247.9526212,2.285734057,-1.610042936,92.47753601
4567,10093.1715,249.3583828,2.505149002,-1.437372504,91.68324639
4568,10106.45641,250.9008663,2.273047939,-1.391464082,91.09247883
4569,10099.13504,248.2672834,2.00502889,-1.301978322,92.01748566
4570,10095.94081,248.1759966,2.326959541,-1.345563091,92.57345955
4571,10097.27563,247.8954724,2.082550265,-1.464996426,92.77108522
4572,10102.65494,247.8723459,2.376626017,-1.212941473,91.91855985
4573,10095.517,245.5223146,2.079399508,-1.153820483,91.99057945
4574,10094.51159,248.5791964,2.199494649,-1.4998494,92.22493275
4575,10096.95996,247.235886,2.313143817,-1.11789984,91.82917822
4576,10091.9823,246.3792197,2.212972137,-0.862674136,92.21554517
4577,10106.75951,248.6515215,2.283749037,-0.98170392,91.91043486
4578,10094.60472,246.7260032,2.347335477,-0.885967514,92.45441809
4579,10101.36495,247.3799181,1.956778282,-1.085262706,92.30562756
4580,10098.01466,249.0965082,2.152101677,-1.38781989,92.34446016
4581,10091.79539,246.1332767,1.475284222,-1.319007688,91.83170243
4582,10096.42937,245.9233039,2.166502549,-0.948319123,92.89214648
4583,10100.11059,247.6396355,2.032431441,-0.728687772,92.16576745
4584,10094.97108,248.4352957,1.871231256,-0.142064395,92.04189478
4585,10101.59017,245.6280314,2.106222267,-0.648732477,91.53202071
4586,10100.43485,247.5277465,2.252667398,-1.259001992,91.8580095
4587,10099.61497,247.619892,1.897928522,-1.101828217,91.95759784
4588,10092.40574,244.899752,1.77919053,-0.151082009,91.50024182
4589,10088.97897,247.6786503,1.976259436,-0.861193524,91.741405
4590,10090.97496,247.6792392,1.651375841,-0.74414496,91.79795792
4591,10094.67941,246.414611,1.761867405,-1.007364424,91.90192452
4592,10096.07309,247.9038155,2.114135702,-0.209901057,90.98552957
4593,10082.12291,247.7143368,1.8581285,-0.488913404,91.79197998
4594,10092.56751,246.6087799,1.446222334,-0.830399989,91.66348838
4595,10093.01657,245.9833951,1.439585088,-0.854635213,91.83408041
4596,10090.44723,245.3926171,1.808770683,-0.422293682,92.35433733
4597,10097.89097,246.2599398,1.926760787,-0.458697279,92.85488968
4598,10093.134,246.8008015,1.409301672,-0.1794056,92.15969056
4599,10097.15746,245.8419125,1.801979574,-0.221641552,91.19491885
4600,10089.09903,243.9051686,1.958036599,-0.421422494,91.63087322
4601,10094.42954,247.3095227,2.050240461,-0.461257316,92.09282476
4602,10097.47183,246.1707548,1.720432139,-0.301869645,92.02757527
4603,10095.40039,245.5422377,1.73793138,-0.374632936,92.27050123
4604,10082.91774,246.7219823,1.193225634,-0.203840552,91.71889351
4605,10086.63776,247.3340782,2.024054832,-0.115054531,91.57637278
4606,10085.69923,242.95382,1.474237617,-0.344463015,92.62471299
4607,10089.38148,246.1379847,1.388899211,0.159090845,91.76803953
4608,10089.86845,244.2267799,1.511870795,-0.096243696,91.2203964
4609,10081.73504,246.1039862,1.853657776,-0.192696349,92.45615691
4610,10085.75293,245.6860075,1.982464833,-0.000682813,90.96022698
4611,10074.78979,246.1487881,1.556617511,0.22231301,89.95026592
4612,10091.56635,244.97059,1.723003678,0.219248508,92.07182595
4613,10081.25352,243.5551855,1.525070006,0.365499077,92.13165837
4614,10083.5451,244.938474,1.30312113,0.552679114,91.87232205
4615,10081.15959,245.7579508,1.801503031,0.718714133,91.0029287
4616,10087.87176,246.3306159,1.378437231,0.456640229,91.61339756
4617,10067.37967,244.1093866,1.807919896,0.093602102,91.49225967
4618,10080.90156,246.2761601,1.759720727,0.376745064,91.35104778
4619,10079.86484,244.5710095,1.623268142,0.198826576,92.31391337
4620,10077.52703,245.5530261,1.867952856,1.051372023,91.0725712
4621,10087.81964,244.6543005,1.951568474,1.180241728,91.74182245
4622,10074.13724,245.3219174,1.47422895,0.820294906,92.16850133
4623,10081.8104,246.0091209,1.352923706,0.923356643,91.74974907
4624,10079.10241,243.8696787,1.148446509,0.781120199,92.16698206
4625,10082.99074,244.3981976,1.978051374,0.855037061,91.81552016
4626,10072.70152,245.2464455,1.450169936,0.304696419,91.73542419
4627,10071.71935,247.4484214,1.775259617,0.799759885,91.69110127
4628,10080.20373,244.170984,1.411276214,0.594860897,91.80118919
4629,10076.1817,247.0636299,1.87955641,0.98010777,91.28833228
4630,10065.65471,247.0192321,1.445325776,0.913505777,90.81665107
4631,10069.99985,244.9108044,1.361487892,1.550285055,91.93094911
4632,10073.93798,244.7052665,1.573613069,1.275206959,92.02099257
4633,10075.49739,244.3086559,1.525403365,1.118652304,91.55216083
4634,10067.20779,244.9318202,1.768383024,0.985366961,91.137891
4635,10055.32097,243.5946049,1.657085653,1.59944663,90.61898644
4636,10071.78969,244.9283864,1.811978104,1.117858222,91.42637494
4637,10062.34637,246.5068048,1.64809006,1.255537144,90.69448427
4638,10057.62884,244.4061345,1.593863721,1.196859823,90.60981685
4639,10052.81469,244.7857834,1.631446571,1.090023069,91.32916057
4640,10070.30031,243.3366446,2.179049398,1.248215346,90.94272336
4641,10066.12096,245.4251094,1.837573508,0.67355421,91.4822122
4642,10063.59051,245.3307708,1.418783107,0.821577285,91.21472798
4643,10070.89836,245.1472067,1.734951039,1.413366095,90.97574743
4644,10066.36791,244.885859,1.882225775,1.800347026,90.41116819
4645,10070.48452,244.8310687,2.256135028,1.454566827,90.82161632
4646,10054.65483,245.6488179,2.117279662,1.152988218,90.824302
4647,10060.65509,245.1431332,1.751902283,0.95400903,90.60390302
4648,10051.94752,245.513885,2.444782284,1.638741531,91.03609967
4649,10058.08142,245.4427796,1.979841545,1.248480054,90.61094073
4650,10057.17658,246.3820166,2.260336875,1.625587792,91.0865218
4651,10060.73821,245.9682724,1.805038835,1.562266022,91.27230838
4652,10057.01268,245.5187126,1.581287456,1.600185223,90.7226122
4653,10059.07594,246.8807148,1.803961048,1.47685332,91.33188232
4654,10058.64455,245.8208583,1.460093848,1.59062383,90.42186798
4655,10065.06492,246.7456892,2.556816263,1.447124023,90.52971688
4656,10051.8713,246.0896296,2.201206909,1.298463648,91.01234701
4657,10047.89483,243.6845351,1.996877781,1.204761105,91.39551938
4658,10052.97726,246.8768456,2.295383228,0.781719069,91.4686366
4659,10046.87717,245.7545148,2.265265027,1.444952328,91.82396663
4660,10057.43501,245.6164638,2.37355632,1.955812883,90.8122096
4661,10047.74074,246.0005795,2.512624048,1.71838779,90.91938604
4662,10045.45567,245.4267727,2.23340501,1.565691505,90.44933329
4663,10045.04886,246.0530008,2.135364532,1.273844739,90.32122568
4664,10050.11468,245.2899815,2.496052419,1.788570932,91.04473786
4665,10044.84635,247.2136626,2.509302844,1.447558966,90.524766
4666,10041.53469,245.8849592,2.386450452,1.948479733,91.51105002
4667,10052.17324,245.676721,2.818365564,1.172992639,90.14573673
4668,10038.6647,245.1967127,2.310884799,1.23232685,91.10208768
4669,10042.21816,246.4542994,2.233076212,1.191824129,90.33793706
4670,10044.39244,246.4380414,2.51023227,0.988755698,90.41239396
4671,10032.0607,246.7062693,2.304126278,1.138373944,91.07390348
4672,10041.70112,245.3589759,2.549619463,1.435270926,90.44805605
4673,10033.10279,244.8548753,2.294190761,1.174200659,90.50967446
4674,10041.56691,247.1528939,2.389868468,0.213254304,90.34298077
4675,10031.71067,248.0845796,2.856034973,1.673521771,91.62299341
4676,10039.05505,245.6475793,2.403504964,0.825868517,90.40308087
4677,10040.18408,248.3386998,2.33039637,1.486524078,90.71887447
4678,10038.02235,247.1097953,2.728621518,1.296600235,90.57334658
4679,10034.02863,246.8967168,2.287360494,1.898769543,90.7661495
4680,10030.66915,246.5853648,2.3608197,1.537829666,90.32914455
4681,10027.99397,245.6787361,2.61531177,1.061430982,90.5171128
4682,10037.27858,248.132498,2.687023293,0.975171781,90.79544407
4683,10025.47027,246.4518204,2.741529656,1.608520512,90.1478513
4684,10022.82386,246.5313865,2.344840054,0.685810383,91.10484441
4685,10030.37467,248.3879613,2.609100744,1.155689558,91.13369684
4686,10022.10308,245.5989349,2.391067467,1.027954795,90.82492164
4687,10020.36678,246.0452111,2.356337606,0.932227981,90.53728011
4688,10016.92989,247.6385377,2.710097492,1.108223257,88.98765754
4689,10020.76177,248.0387567,2.350356867,1.025108396,90.67567189
4690,10021.78883,248.3199091,2.505571046,1.070660686,90.24838282
4691,10022.44172,247.6239439,2.46958381,0.93949315,90.30138812
4692,10025.00454,250.5475098,2.211758889,0.986656908,89.4562715
4693,10021.90222,247.8814383,2.605505631,0.852138917,90.63214876
4694,10017.33116,247.9714918,2.509690031,0.588336505,89.64141981
4695,10016.3105,247.4989574,1.984728645,0.748692666,90.40524185
4696,10018.8665,248.5141986,2.420869136,0.493831345,90.77864297
4697,10021.69116,249.1002446,2.193275102,0.434052071,90.07190214
4698,10014.97095,249.7844588,2.548900232,0.526736487,90.89481345
4699,10011.00336,247.1877616,2.021197044,0.550606195,89.89348508
4700,10007.39298,248.5277447,2.218997927,0.55532464,90.54736278
4701,10004.13835,249.3176284,2.341988958,0.777504357,89.57489463
4702,10013.70165,249.5556187,2.259069014,0.310432846,90.72297126
4703,10012.26508,249.0731587,2.378789141,0.475995068,90.62549903
4704,10011.26596,249.7074562,1.899944251,0.408940005,90.40176185
4705,10006.73896,248.4548246,2.510933709,0.147199253,89.9510031
4706,10013.41931,250.9207446,2.262050683,0.307869236,89.42669238
4707,10002.96578,250.4547728,2.405043831,0.542265533,89.91240729
4708,10009.16392,248.2167376,2.283693978,0.252885794,90.64290502
4709,10003.19462,248.5862583,2.08199762,0.220216701,90.13274757
4710,9999.346999,248.7142711,1.802742943,-0.104186391,89.2712566
4711,10004.35159,250.5390898,1.921985966,0.653143686,89.46541489
4712,10002.43716,248.6763746,2.327636563,-0.177003191,90.63435529
4713,10001.17385,249.7300761,2.261814442,-0.527829381,90.23173606
4714,9998.795442,250.6157785,1.835848054,0.185587573,89.35078094
4715,9997.199812,250.1948174,1.371248916,-0.151820879,89.06486979
4716,10008.33163,250.6196757,1.867676241,-0.253090787,89.61527423
4717,10001.3119,249.3946459,1.828202442,-0.370500899,88.98213293
4718,9998.006059,251.1547794,1.811602913,0.310209236,89.80992124
4719,9993.952791,250.0459655,1.943425725,-0.189172297,91.09368859
4720,9997.432112,250.4335464,1.989526471,-0.174602269,89.04944849
4721,9993.989592,251.0945833,1.989374129,-0.334415651,89.73497953
4722,9990.534794,251.0582725,1.858007917,-0.345513302,90.46403869
4723,9987.89106,251.077135,1.386841532,-0.049884805,90.16272156
4724,9988.010465,250.4000676,1.657517689,-0.587250094,89.69393068
4725,9971.570252,250.9482242,2.166023019,-0.991135708,89.67527328
4726,9987.483972,251.3465372,1.760232669,-0.335200185,89.15066446
4727,9982.998531,250.0653107,1.739923858,-0.48763222,89.57499034
4728,9992.415661,251.0733292,1.720061682,-0.644701947,89.81076658
4729,9983.561986,252.0183939,1.713924373,-0.575713765,90.22186208
4730,9976.535056,250.4474771,1.137832654,-0.867361652,89.33950965
4731,9981.246832,252.975005,1.55112053,-0.788448787,89.53500709
4732,9975.283838,253.1808189,1.577019357,-0.871969676,89.13568212
4733,9981.901639,250.758073,1.827507823,-1.046959957,89.70335462
4734,9980.011544,253.4520598,1.568425896,-0.549033022,89.96302586
4735,9982.370354,252.0412374,1.218374156,-1.364918678,89.86644713
4736,9972.653339,252.6928386,1.623609954,-0.267585616,88.94706142
4737,9975.806719,251.8662682,1.367898662,-0.746372584,89.58616517
4738,9967.842936,253.3736142,1.277556027,-1.575796332,89.15470464
4739,9977.209419,252.9433333,1.347528378,-1.141537901,89.97956391
4740,9975.332831,251.8087411,1.617521911,-1.155769322,89.37411314
4741,9974.256756,251.5422983,1.756661383,-1.017562492,88.67579795
4742,9970.827904,251.3307209,1.598620663,-1.460843357,89.30649483
4743,9971.93867,253.0613717,1.626809512,-1.18227612,89.62653239
4744,9976.93451,253.5271586,1.594632843,-1.255000774,89.50025933
4745,9966.538462,253.6857283,1.521157824,-1.465634979,89.10338066
4746,9967.711481,252.9956431,1.642394626,-1.531939825,89.04772841
4747,9960.645244,252.0342439,1.022611736,-1.01669551,88.82776531
4748,9960.795583,252.5855053,1.533176655,-1.823571398,89.10536295
4749,9964.690453,254.4949615,1.307788482,-1.192309639,88.85618825
4750,9968.789133,252.93168,1.756376321,-1.116294896,89.75043229
4751,9961.059813,253.6320555,1.502577327,-1.439770256,88.79625564
4752,9960.237151,252.4839212,1.547580321,-1.375908979,89.28947691
4753,9958.461684,253.9656648,1.250904929,-1.058738043,89.23707415
4754,9956.905653,253.2394556,1.766934051,-1.634140795,89.66442244
4755,9960.141661,254.8104326,1.701772919,-1.616799548,89.71802023
4756,9950.272017,254.6023518,1.701495305,-1.597274826,89.50315108
4757,9963.258729,253.3966309,1.442324113,-1.110054274,89.31354479
4758,9952.62696,253.8276587,1.466011142,-1.081672475,88.59475835
4759,9958.668033,253.4636107,1.682217384,-1.896513988,88.56673527
4760,9947.817462,252.6540921,1.516262261,-1.18293114,88.66050368
4761,9956.625177,253.2732519,1.760666901,-1.244851096,89.44158003
4762,9955.758893,254.3844284,1.260847763,-1.028823998,89.08464837
4763,9953.443135,254.565313,1.615630612,-1.382403574,89.46477111
4764,9945.677783,254.4407478,2.093316457,-1.51289952,89.51439989
4765,9951.030403,254.0408964,1.843354118,-1.15639242,88.6326773
4766,9943.00514,255.3243886,1.810918103,-1.289272371,88.99444558
4767,9946.799471,254.5018,2.197263081,-0.823111118,88.9547689
4768,9952.358412,255.1866728,1.356184806,-1.205258602,88.78033309
4769,9950.348195,252.7530114,1.683912532,-1.441753392,88.65987228
4770,9945.599302,250.6459432,1.790721828,-1.833656992,89.5028455
4771,9939.813505,254.8918611,2.066930959,-1.647975542,88.91973661
4772,9947.085157,253.2211939,2.094958029,-1.895435362,88.88371676
4773,9943.12942,254.469536,1.771391849,-1.518797874,88.45926143
4774,9930.611927,254.414046,2.169088978,-1.164780627,89.18187632
4775,9945.313425,256.3358127,1.913816322,-1.43072563,88.32545177
4776,9940.471742,255.1787784,2.261802162,-1.108843555,89.03931089
4777,9945.803734,254.9730991,1.837891982,-1.298552119,89.03694423
4778,9933.519717,255.6707666,2.044593459,-1.503955282,88.57366386
4779,9922.323243,255.2268751,1.99588447,-1.338698773,88.92296127
4780,9938.819052,254.4233592,2.329551415,-1.204087641,88.84130744
4781,9938.104581,255.9732184,2.037920703,-1.283468904,88.71325493
4782,9927.422868,253.8107381,2.157762729,-1.258357306,88.72399652
4783,9930.219605,255.260513,2.290974658,-1.511431141,88.73313298
4784,9948.130557,253.4044988,2.321550086,-1.386609964,88.75204521
4785,9932.075345,255.1688344,2.412243787,-0.55404886,88.70218899
4786,9936.513763,255.1687163,2.298846086,-0.836808822,88.10524727
4787,9928.867952,256.6610275,2.194097793,-1.620177975,88.56631956
4788,9920.938808,253.4264507,2.228240049,-1.859733187,88.76028076
4789,9929.814964,254.395393,2.323001189,-1.097366966,88.66196947
4790,9928.621098,255.8218198,2.386677647,-0.82175689,89.07585755
4791,9927.2396,255.3353122,2.325375526,-1.214374631,88.89482312
4792,9927.962734,255.1791576,2.375814403,-0.7195353,88.135514
4793,9929.161373,254.039575,2.08475707,-0.974854028,88.47348707
4794,9926.400755,254.3997523,2.536942705,-1.007492853,88.38735848
4795,9920.149903,256.2284755,2.453949443,-0.696701334,88.52722444
4796,9928.226805,254.9227957,2.631312304,-1.047228923,88.51442691
4797,9915.382389,255.3385455,2.443104439,-0.937009541,88.80834579
4798,9914.218314,254.834893,2.106419487,-0.612513084,88.57806622
4799,9927.514411,253.7519115,2.39230142,-0.78481551,89.09164268
4800,9925.709635,255.8517492,2.432736593,-0.163899509,88.58399225
4801,9922.251265,255.4021457,2.628853598,-0.488857599,88.03546957
4802,9914.932453,257.1835653,2.072568155,-0.468206649,88.20455359
4803,9917.749403,253.8394111,2.499992391,-0.630956645,88.72767369
4804,9919.362358,255.6526874,2.598396019,-0.312378848,87.6064377
4805,9912.091688,253.4917606,2.366028993,-0.629770297,87.72848294
4806,9915.779073,254.93192,2.514672209,-0.405977701,88.39483293
4807,9922.146979,255.7204391,2.374510236,-0.722840412,88.85316761
4808,9925.441077,252.6392589,2.352924348,-0.092978425,89.01960872
4809,9915.634769,254.4720386,2.414829525,-0.274123477,88.24608598
4810,9920.950003,254.0774677,2.350808631,0.277280141,88.87376557
4811,9907.041163,253.9005702,2.624872116,0.444332549,88.36836323
4812,9919.360961,254.9477493,2.335139385,1.68E-06,87.5555666
4813,9911.504597,255.6414066,2.294323992,-0.163897663,88.30644851
4814,9916.530149,254.3438182,2.820080943,-0.423509746,87.99041436
4815,9913.232241,254.6371685,2.649066433,0.176595126,88.74853551
4816,9920.559209,254.4988034,2.073896921,0.013201471,88.26630515
4817,9909.0797,254.3373571,2.281411831,0.156517363,87.63008102
4818,9916.093304,253.1955356,2.469938292,0.55903834,87.50924805
4819,9911.069834,255.3409336,2.472223525,-0.16226574,88.23885745
4820,9911.196696,254.4736023,2.094382283,-0.147347429,87.02965574
4821,9910.598607,254.5175349,2.608221302,0.103781673,87.97127489
4822,9906.828012,253.2587414,2.52463936,0.465678206,88.33664272
4823,9910.533278,253.5470021,2.438162276,0.430189069,87.68356721
4824,9909.846867,253.7694574,2.594460845,0.03919604,88.70019574
4825,9910.931628,252.3492577,2.394098723,0.57876507,88.79001182
4826,9909.722299,252.1315857,2.373123533,0.035015364,87.67764499
4827,9912.873162,253.1535819,2.574001475,0.187280903,88.02864171
4828,9913.093261,254.2100587,2.461111772,0.446795692,88.66686093
4829,9902.824281,252.9661336,2.050366555,0.357799738,88.16089419
4830,9912.032133,252.5307513,2.322560718,0.832711773,87.45652611
4831,9901.376692,252.6637366,2.039832042,0.693083145,88.07450694
4832,9909.877026,252.9505542,2.249848833,1.177707215,87.71229076
4833,9909.675119,252.9781497,2.220300466,0.614169323,88.68562745
4834,9896.667861,255.4223094,1.823931764,0.691330912,88.42745497
4835,9906.346741,254.2348852,2.051652056,1.130117822,87.96075842
4836,9903.206174,254.1272433,2.104278521,0.778048029,88.1820471
4837,9901.431084,254.1920131,1.939046975,1.291122337,87.45043741
4838,9911.664904,251.9443662,2.06425915,1.042007148,87.72132412
4839,9901.337488,251.6393995,2.137505573,0.209968942,88.86875728
4840,9900.27878,251.6723262,1.945275433,1.304298042,88.11297063
4841,9904.403489,254.0300234,1.97150346,1.259211137,88.5455432
4842,9907.176911,252.063568,2.178641401,1.304272263,88.19098578
4843,9902.774291,251.2736019,1.972213981,0.478141439,88.7267916
4844,9909.057611,252.0071503,1.8936636,0.884154216,87.06509639
4845,9905.633537,252.1117541,1.638173121,0.937081332,87.96546439
4846,9891.850206,252.5300459,1.940709893,0.890995702,88.87721607
4847,9899.866257,252.422952,1.849734012,1.69451928,88.52835855
4848,9899.486459,251.2533201,2.018191867,1.195967908,88.70859951
4849,9904.484322,252.6758241,1.749155914,1.215006248,88.03836804
4850,9888.765071,251.2588452,1.355513543,1.416950001,87.76922992
4851,9914.445655,251.6488742,1.358432244,1.446384857,87.5204299
4852,9904.177017,252.3983144,1.826035848,0.298225443,87.48197368
4853,9902.097398,250.9754241,1.546106836,1.126716159,88.43059056
4854,9907.101845,250.9529524,1.729594425,0.917528538,88.28048565
4855,9912.763149,252.0184213,1.648076934,1.480991493,87.98761086
4856,9905.259381,250.4728988,1.575788731,1.292541777,88.27220828
4857,9905.52039,250.8491864,1.574787572,1.400894411,88.08675238
4858,9901.310375,251.6925735,1.406899732,0.788534301,88.49424735
4859,9899.83983,253.093322,1.563789736,1.333675857,88.48729256
4860,9898.068961,251.5466166,1.438096639,1.774428027,87.47602172
4861,9896.227813,251.3154579,1.469706353,1.874685419,88.14399045
4862,9896.843701,251.2748886,1.469729549,1.678164656,87.17114205
4863,9893.456362,249.5718681,1.480586013,1.071204942,88.07069321
4864,9899.770134,250.6613684,1.703009609,1.85767941,88.30514197
4865,9891.676488,250.4165002,1.486470315,1.703742111,87.34513685
4866,9901.014733,250.6681677,1.712241186,1.456729503,87.79297164
4867,9899.848816,250.3632691,1.811374939,0.888377501,88.00537256
4868,9900.74546,250.5265399,1.67233634,1.784622864,88.11717314
4869,9897.39044,249.7353934,1.60703095,1.322201875,87.86072011
4870,9915.385714,250.0054712,1.565542914,1.603659149,87.41388416
4871,9906.812305,248.6190567,1.674536742,1.518935463,87.97323091
4872,9893.809325,249.4270622,1.521871754,1.957195228,87.17451897
4873,9901.226687,251.0379884,1.704687924,1.453980056,87.88492622
4874,9897.062619,249.8662897,1.635599773,1.481627164,87.78136619
4875,9895.080544,249.4270678,1.447032977,1.952979502,87.93592601
4876,9893.512859,251.2448405,1.705595949,1.273830501,87.7246034
4877,9902.444558,247.8888711,1.553330167,1.70617225,87.25182908
4878,9896.956801,248.0415394,1.52357833,1.391553309,87.82410238
4879,9905.293023,250.7653349,1.460473216,1.138332142,88.47448792
4880,9905.522949,249.0005919,1.60093562,1.426104644,88.64181117
4881,9907.5337,248.6144735,1.780123621,1.618646414,89.2329497
4882,9896.522217,247.560735,1.772766051,1.801356438,88.86150823
4883,9903.290924,249.1110144,1.680816105,1.820504663,87.41981296
4884,9904.216221,249.1116914,1.746199823,1.271280033,87.81686019
4885,9898.832806,247.3772237,1.89767833,1.043923627,88.01268113
4886,9897.504465,248.2365403,1.631305057,1.223659869,87.98448658
4887,9909.580419,247.9470471,1.457020236,0.942818192,88.06542298
4888,9902.849633,248.4449741,1.959935701,1.208889974,89.23803878
4889,9905.081158,246.9769051,1.614110144,1.147288056,87.49700062
4890,9897.989916,249.2560226,1.603053923,1.442591785,87.68524035
4891,9896.212639,248.8286172,1.403584811,0.536019425,88.8680942
4892,9899.680348,247.459171,1.899376603,0.950094911,87.74256126
4893,9902.135772,247.5163519,1.483662186,0.923846039,88.2519079
4894,9897.672785,247.5076795,1.681213685,1.467936667,88.57720639
4895,9903.192368,246.7780664,1.972647291,0.746941596,88.30808136
4896,9895.056449,247.0261963,2.023481092,1.117415622,88.16586232
4897,9898.165771,247.1136182,1.773155117,0.978358989,88.54462554
4898,9907.39722,248.9120662,1.901305595,1.296174321,87.634319
4899,9907.347869,248.1622057,1.778437292,1.127590304,87.83839675
4900,9902.665351,248.0677453,1.868214361,0.949939152,88.36031349
4901,9899.841269,247.4216663,2.056129546,0.711069111,87.06388219
4902,9900.107936,245.8542429,1.927542719,0.2848799,88.81319099
4903,9903.702952,246.8511194,2.003944942,0.877065358,88.26308204
4904,9909.125667,247.7853825,1.784630567,0.923721019,88.19457736
4905,9910.887494,245.4801869,2.328753199,0.253060149,87.30966887
4906,9904.116173,247.2998668,2.228509997,0.315705618,87.48867208
4907,9901.193276,248.9121195,2.309096288,0.721189107,87.93992294
4908,9908.671167,247.5788878,2.432242605,0.706327971,88.5503539
4909,9903.594751,247.8600543,2.032321988,0.265942536,87.11594052
4910,9905.510869,246.5947395,2.148399381,0.348961795,88.55622504
4911,9915.127408,247.2761576,1.863275038,-0.072189992,87.99000489
4912,9913.04465,245.523674,2.891884648,0.849080434,88.06646972
4913,9910.116099,246.972196,2.254781795,0.002691261,88.31332101
4914,9903.392854,246.7670546,2.512631632,0.51173036,88.32970759
4915,9911.244678,246.3404669,2.07667896,0.294649169,87.8475396
4916,9915.945209,247.3060321,2.542203401,0.647825696,88.52509349
4917,9909.206918,245.3923127,2.732201284,-0.021153221,87.06200266
4918,9918.302713,245.6867404,2.365482831,0.190279361,88.0057334
4919,9918.48177,245.9136108,2.191274902,-0.382398685,88.31720174
4920,9920.816406,244.7345613,2.38062072,-0.499317232,88.07748018
4921,9914.512407,245.938822,1.976935756,0.216178315,87.34626867
4922,9916.4203,243.9423926,2.427563281,-0.54322564,88.64868052
4923,9921.06008,246.6594459,2.611098985,-0.12117233,87.65558897
4924,9916.740516,245.6120521,2.450401933,0.205739815,88.25631393
4925,9912.520329,244.9992189,2.41022981,0.081502766,88.37704728
4926,9913.315235,244.6422272,2.580908202,-0.386603966,88.32107256
4927,9917.290618,245.2003201,2.603348168,-0.708336397,88.90646233
4928,9910.19332,246.0832831,2.156504598,-0.123285542,88.30629127
4929,9916.486452,245.9047285,2.510971856,0.082442991,88.55778264
4930,9923.250382,244.6152749,2.98389308,-0.562717321,88.3274009
4931,9907.384499,244.4404682,2.231940116,-0.648523992,88.67329341
4932,9926.594467,245.9109868,2.48285981,-0.608118211,89.07518878
4933,9925.123323,244.5012193,2.888043413,-0.321876944,88.45899996
4934,9917.810074,245.2548656,2.719030858,-0.16707222,88.79310312
4935,9923.431285,245.2920215,2.392772898,-0.949295462,89.14195108
4936,9921.343432,245.4555727,2.532697345,-1.068164244,89.10514598
4937,9928.098874,245.9789672,2.485837548,0.042609682,88.24633375
4938,9927.491372,243.8368717,2.330219742,-0.752702158,88.96977531
4939,9916.21438,243.1697732,2.457358564,-0.663124083,88.58868025
4940,9926.7955,244.4965507,2.407410366,-0.985392731,89.03579877
4941,9923.483118,246.8505661,2.47598972,-0.668946363,88.77454244
4942,9925.585038,247.0582319,2.292666271,-0.565304084,88.64125154
4943,9922.197116,246.8562405,2.174816616,-0.800002853,88.73374556
4944,9935.253178,244.8230775,2.408606323,-0.403502753,88.65786883
4945,9932.394667,243.2269328,2.745566404,-1.058768902,88.69105369
4946,9924.184649,242.6609941,2.403657481,-1.07373101,88.47825391
4947,9921.906809,244.3869787,2.304604435,-0.958669793,88.44573507
4948,9927.354998,244.8019264,2.504519532,-0.920903422,89.4672547
4949,9932.166446,246.3016086,2.303933557,-1.023353674,88.83864261
4950,9931.912534,245.8717713,2.690260354,-1.507425806,88.32757763
4951,9937.701669,245.2363519,2.296136088,-1.057700379,88.49001139
4952,9936.116961,244.1260794,2.41654068,-1.292024403,89.17147647
4953,9937.753347,244.0641155,2.10435211,-1.381321115,88.29001669
4954,9935.284629,245.2899837,2.334084507,-1.223452834,87.93199319
4955,9927.455342,245.7458534,2.266095476,-1.546713901,87.98381215
4956,9934.181387,245.4556106,2.176858098,-1.622801791,87.8387098
4957,9941.224857,244.0460327,2.064420013,-2.089598501,88.06908073
4958,9936.437729,245.7501673,2.013365931,-0.80238566,88.14347391
4959,9939.988062,245.5462398,2.173290539,-1.180242696,89.44207089
4960,9936.662387,244.0724434,2.218163882,-1.401184387,88.74203296
4961,9933.896762,244.3835125,2.042268662,-1.584285733,88.59928466
4962,9939.22489,245.8829859,2.10031075,-2.263646444,88.07512567
4963,9942.188651,244.988561,2.010323052,-1.634852762,88.74130508
4964,9938.172715,246.8427051,2.012615259,-1.215716968,87.96035905
4965,9941.086192,245.7870749,1.927842846,-1.160720015,88.66058639
4966,9938.386801,244.8335878,1.946628301,-1.262281208,89.89392953
4967,9949.505401,245.3461586,2.457886204,-1.417738346,89.21008532
4968,9943.267566,245.4577502,1.956053563,-1.083062183,88.78989782
4969,9952.839818,244.7058213,1.998500313,-1.580427386,89.2605826
4970,9954.061416,244.5632945,1.93308619,-1.162617757,88.66758195
4971,9946.859442,246.2207532,1.769344868,-1.608518121,88.54495457
4972,9943.074697,246.4099095,2.057577975,-1.761111009,89.81440363
4973,9938.544908,246.2154646,1.717922224,-1.800760747,88.40835063
4974,9942.476772,247.1758034,1.965100229,-1.819324976,88.81967853
4975,9943.835359,245.16925,1.665796909,-1.30183496,89.1671073
4976,9958.469386,247.4375475,1.519861059,-1.72060886,88.56342366
4977,9953.033509,244.9163037,1.764872271,-1.804575757,89.37439019
4978,9955.28451,244.8601605,1.45156718,-1.276083353,88.91343249
4979,9943.121151,244.1701591,1.761155297,-1.386008534,89.41642028
4980,9949.12477,245.5432226,1.397586672,-1.188481929,89.39528413
4981,9960.445835,245.5457997,1.555916714,-1.315010109,88.99870266
4982,9958.34454,246.6375437,1.317622803,-1.684932064,89.99354273
4983,9957.079186,246.419137,2.154042438,-1.425063492,88.82363634
4984,9961.548185,245.0474422,1.244684182,-1.397946939,89.84891469
4985,9967.81585,245.9143626,1.564766989,-1.697535213,89.78020385
4986,9959.448573,246.0037773,1.779886004,-1.738196373,90.09651682
4987,9961.821504,244.6688573,1.748044942,-1.594780596,89.31652112
4988,9963.362361,245.5349151,1.701726638,-0.762093225,88.85369468
4989,9975.288407,245.8174641,1.4598741,-1.478159311,90.30495546
4990,9953.763226,248.0956832,1.786590582,-0.964525385,89.11784941
4991,9968.611845,246.9286246,1.693312843,-1.453832057,88.89714332
4992,9965.560922,247.4757634,1.548579539,-1.024248919,89.22780529
4993,9969.911382,245.3926544,1.550955201,-0.996658006,88.8507051
4994,9964.736542,248.1644431,1.440016598,-0.956992708,89.62354251
4995,9968.727659,248.3514813,1.318080538,-1.100667606,89.0766155
4996,9973.48172,245.1333646,1.747900665,-0.776956552,89.25475125
4997,9986.444408,246.5088705,1.76462016,-1.048739982,89.90148657
4998,9975.87814,247.7935448,1.328309118,-0.619220958,89.74860578
4999,9968.558549,248.0268405,1.478563213,-1.589269647,89.46376982
