timestamp,altitude,velocity,pitch,roll,yaw,anomaly,instability_type
0,10002.483570765056,249.5762403179773,1.864301053902556,-0.0430269649376787,90.1741431238334,0,normal
1,10000.30866182756,249.6465792250828,1.9638896920246085,0.0351964791816505,90.16166146293618,0,normal
2,10005.238309359836,248.4043034983032,1.9304404961143853,0.1092344732954413,89.57173741048392,0,normal
3,10010.61469930229,249.9697298406958,2.0968026756260234,0.4188762622908705,90.34978311128684,0,normal
4,10002.828166545049,251.1324025516676,2.3387703716899133,-0.044596881612644,89.33493733058496,0,normal
5,10003.827232142325,249.2249349641573,1.9694935481990208,-0.0297468987433991,89.77286617566119,0,normal
6,10013.89246472548,251.6470436874952,2.3479242028843523,0.6395302827816288,89.12038410650999,0,normal
7,10010.831458379518,251.1854903943056,2.015114489258348,0.1738964272047598,90.91919895315648,0,normal
8,10005.644097467242,250.0623577111002,2.025183728654949,-0.0223566664324179,90.0440546409657,0,normal
9,10011.700655137733,250.75361822979127,2.3812016907242577,0.2545581724032857,91.26319911580418,0,normal
10,10007.66625320062,252.5916684616164,2.424100044903625,0.344264489418809,90.6011417965534,0,normal
11,10008.649181315866,251.82469592891024,2.4316256018178604,0.952553360910032,90.44360570834986,0,normal
12,10013.181032086724,251.19729678703385,2.019161755053889,0.8058592136256562,89.94631056743734,0,normal
13,10003.39701303868,251.04771944249973,2.2094030072536093,0.9145388076744148,89.73609326739567,0,normal
14,10005.329722301858,251.45838731327223,2.48670656201951,0.857632772293391,90.54057201623694,0,normal
15,10012.132375601155,250.9658374753644,2.349127748124446,0.9363214026514396,90.2631192603107,0,normal
16,10010.867665059752,249.4680832973616,2.1439394762102686,0.4862441253381289,89.64900125548584,0,normal
17,10018.489471569676,253.7096133712388,2.4673037903952344,0.6726852237183159,89.57993548987983,0,normal
18,10013.362836964978,251.91669616557485,2.248702003015448,0.474229393572605,89.87870728227985,0,normal
19,10011.824370990971,252.25274961218744,2.765612722073129,0.7463016639398438,91.28820140258613,0,normal
20,10027.195176924111,251.8891839616664,2.7297037848876,1.0521952073729754,91.50397762059578,0,normal
21,10019.717108482177,251.30368546457325,2.554531098068122,0.9240921223570784,90.51941437334663,0,normal
22,10022.160603331526,251.9437728443812,2.7178050209846725,1.313119523648239,90.51093064428238,0,normal
23,10015.674011422452,250.62034577263327,2.4693402401549367,0.6123810356647861,90.28779486115562,0,normal
24,10021.048349020086,254.58598237576072,2.6191070418586166,1.1391485131666816,90.00816257869953,0,normal
25,10025.295008874002,251.16261569459863,2.770036368738208,0.6479672994742058,91.18239744731268,0,normal
26,10019.953087302105,251.45243440537152,2.530878829067458,1.083172069552708,91.45094930073289,0,normal
27,10028.551633760611,252.1304207538792,2.436824244610473,1.3085307883221573,90.086753330458,0,normal
28,10024.632371406817,253.9440067144568,2.151800473358807,1.052613909909023,90.51129210791592,0,normal
29,10027.136753761515,252.754628683222,2.4797297903744955,1.3118313867643443,90.3469712998546,0,normal
30,10026.543487604986,251.5870765709448,2.663432130214489,0.8870706639913448,90.38092087589018,0,normal
31,10039.767254566888,254.15951416344387,2.6890185676082043,0.7033229178667507,91.2030714006018,0,normal
32,10031.389169937922,253.71697783359744,2.600659814664435,1.3958962391978382,89.97315234854916,0,normal
33,10027.115748194708,253.6040192170836,2.3901726952345115,1.7772420381235006,90.88132090225788,0,normal
34,10037.4614337746,253.8596993612632,2.100468091436716,0.9793485508730768,91.03109323793456,0,normal
35,10028.18556249569,255.6154503367709,2.392949953836021,1.667793092423064,90.61472002811,0,normal
36,10036.271741302531,255.4820182548935,2.426054841228307,1.3359637329723446,91.15108238004356,0,normal
37,10026.363192577095,252.68472421513744,2.418051808049648,0.9428405720121488,90.79705678419866,0,normal
38,10030.451116696806,255.0684922183639,2.596861315239292,1.023498653768176,91.350405899404,0,normal
39,10039.00314769166,253.89956528576093,2.8616151397049028,1.3858613286123984,89.9992741777834,0,normal
40,10042.634167130842,254.08587627063537,2.4793545537810595,1.2767199425736084,90.60444905411389,0,normal
41,10040.717774204391,251.9634583169912,2.400334826485395,1.0198593098700746,90.76131208454332,0,normal
42,10040.197803894016,253.55282983446608,2.379760320723618,0.919923728018152,89.47941721388347,0,normal
43,10040.181561764974,252.9763892241398,2.443326348780792,1.187236797931157,90.29076523806916,0,normal
44,10035.201336554765,254.6817532093881,2.238589449840115,1.5112153526767331,90.4450793029526,0,normal
45,10039.89733236915,254.98771504854025,2.413076310193172,1.461664810959047,91.34403406563412,0,normal
46,10042.091616841752,251.90352174916552,2.46301507335472,1.3224089083085162,90.53447454077374,0,normal
47,10050.574239669,254.0157556380213,2.39767388911032,1.5412163098082203,90.49673307710516,0,normal
48,10047.896009001992,255.21781934629925,2.429239977076532,1.799195538246336,91.33230124141106,0,normal
49,10038.247388040303,253.9658078901464,2.4056318729369592,1.610624477796616,90.13229645344728,0,normal
50,10049.562973707394,254.93641856904185,1.9448567356026896,1.459849878489207,89.92322904348663,0,normal
51,10046.89231328621,254.6117055773739,2.406215890374789,1.7771735199054206,90.79555834373114,0,normal
52,10046.303403782846,254.6536813681693,2.123547716778241,1.2119574896800611,90.2699068916483,0,normal
53,10053.61171556469,254.09046243365665,2.0168474380441497,1.4322475608348308,90.30622703507989,0,normal
54,10056.568596777792,253.19320823028903,1.992799574545916,1.4378582345256756,91.31498887915022,0,normal
55,10056.925123488649,253.3345066528821,2.277538818120672,1.124211565148025,91.4833613768176,0,normal
56,10048.922532175977,255.20985472533783,2.122979089632982,1.3651025546118063,91.45680450376784,0,normal
57,10052.41714299414,254.5626257360983,1.80734524937419,0.8630023019656461,91.63365242762156,0,normal
58,10056.458710836205,254.4455032992516,2.215232227645448,2.052232182552216,91.71661503359114,0,normal
59,10060.51382792689,254.19914001971776,1.807289697520748,1.1891125726511744,90.0484269414121,0,normal
60,10054.068376150277,254.35500658435532,2.098524275733576,1.9366056857436864,91.3544909267548,0,normal
61,10056.358451126727,255.7424085760835,2.093432106250829,1.4613169394657943,90.88093082041618,0,normal
62,10052.5718411837,254.39367591537965,2.1979057475556543,1.607166164265159,90.7883581980794,0,normal
63,10052.933442673824,253.419386994651,2.352133333609796,1.277588482791666,91.4584968319889,0,normal
64,10063.782173248212,255.5337310769863,1.6978776631061017,1.4718471181164898,90.32924314277692,0,normal
65,10067.299840716458,254.61291426322123,1.935407661522336,1.5885864645023346,90.33481850853592,0,normal
66,10060.95163458944,254.8749713661241,1.865860093919532,1.5755226572409695,91.54302007598773,0,normal
67,10067.116263193117,256.4750010148761,1.9832989513554928,1.5900678620101083,91.48586498282856,0,normal
68,10064.687482527084,254.86876245482608,1.915363203173308,1.2273931634183164,91.32595237597268,0,normal
69,10060.42811944917,255.1984513249805,1.7777199950984612,1.1728381927512106,90.83311766208236,0,normal
70,10066.22874675131,253.748325158644,1.736427948433019,0.8165611523930294,91.66035019176644,0,normal
71,10072.873559934484,254.72358936190764,1.5781357453202105,1.4284824635534357,91.6438189880733,0,normal
72,10065.759337001598,255.56681778616704,1.976312094833876,1.5717888045650574,91.36142160146667,0,normal
73,10074.51018177944,253.413968083217,1.848447511992056,1.706305842614073,90.74507874937252,0,normal
74,10054.330065642363,255.1802493158039,1.9186355691047807,1.2863999987282824,91.13595165039152,0,normal
75,10072.27338852421,255.08826600566508,1.6521401133337257,0.9371658634593112,91.78219435880888,0,normal
76,10069.327379852246,255.03483817546527,1.5627039607897544,0.6291922192845465,92.041438501622,0,normal
77,10068.118487110409,256.0347880516856,1.4590244181415706,1.4210079370142117,91.22900217556656,0,normal
78,10070.786745802718,255.33414711599835,1.7279004371561448,0.5388142195704286,91.2817223544967,0,normal
79,10061.097482668756,256.47786013085016,1.430447293051097,0.9437353840667766,91.33986199082268,0,normal
80,10070.637249650765,254.0042784996135,1.991331366139346,0.9459027224436326,91.57215868625453,0,normal
81,10074.214280294573,255.12987328457092,1.3442088565682142,0.958724586003092,91.15804069871028,0,normal
82,10080.5040531964,255.07249869298585,1.645593468310295,0.9557867250045904,90.01519913066801,0,normal
83,10071.201786019628,253.9108654558276,1.890379090905034,0.951124551977745,92.07224724304348,0,normal
84,10070.42184398262,255.9265110130817,1.6840300656459677,0.1488869956625639,92.386630713523,0,normal
85,10072.619255296107,257.28299735811515,1.5876400633840642,0.8409223490481635,91.19636088047773,0,normal
86,10080.36126687804,254.9274427555397,1.3482203022328934,0.1299296890998685,90.98235844133116,0,normal
87,10078.07664925085,255.43361698245155,1.2561198735072343,0.9800257002993786,91.4601076128559,0,normal
88,10074.425086871062,254.9952900615034,1.6782089848387591,0.5546963757418892,91.44772581593357,0,normal
89,10080.273511918247,254.17739836413307,1.81834291784467,0.0343474871784545,92.05190278363511,0,normal
90,10078.818078709488,253.04847787658892,1.4234649430718171,0.3968084171351325,91.59397354007749,0,normal
91,10083.79359892166,254.1397721613069,1.2787657692251115,0.4290816146332331,91.1826960641943,0,normal
92,10076.049896534249,253.4279565998105,1.011520612073464,0.9158084444040848,90.9319985147937,0,normal
93,10078.523683355388,256.4964584934537,1.3048198118880523,0.5755815234126584,92.03605697417738,0,normal
94,10078.795269274851,254.6477712774348,1.4773070027181416,0.5774504296307548,91.91487182139235,0,normal
95,10074.023975738275,254.3855811093899,1.8201782536796576,0.7855835087799968,92.15711094862466,0,normal
96,10083.399758215422,255.5873811932144,1.6365444340286734,0.3590857381143194,91.15428976124146,0,normal
97,10083.793847694744,253.54132396725512,1.565743812957994,0.5705483088416179,92.56898987644108,0,normal
98,10083.07530433241,253.8591935659363,1.4287497614276077,0.5055033112622533,90.78914748745532,0,normal
99,10082.429662193175,254.65526204565768,1.3974153218478982,-0.129813104644105,92.02685246790178,0,normal
100,10077.070244770535,255.57525612555187,1.8016673821700235,0.6535750853787496,90.72815058601736,0,normal
101,10082.579957847976,255.00565100278192,1.5683733738337249,-0.2590487509912333,91.2984979983868,0,normal
102,10083.497229612303,254.7079683972828,1.1165725204519297,0.3974632224837581,92.4847275091227,0,normal
103,10081.718512572752,254.4916544893159,1.412408749686199,-0.3777672584738878,92.1302801056152,0,normal
104,10085.433994166004,254.7659007530644,1.386629465785598,0.2127575000346459,91.45169824674308,0,normal
105,10088.762576843474,254.51769973837364,1.461279951451211,0.5459635923943289,91.47542792977718,0,normal
106,10096.666477740551,253.2347301329875,1.6964484109450666,-0.1214904537229157,91.7950220201077,0,normal
107,10088.592939491627,254.2577313798164,1.5767509457150723,-0.1794377020375155,92.01147150392973,0,normal
108,10089.483532642107,253.0832286449757,1.598244674821274,0.0357591091773923,92.38970530511124,0,normal
109,10088.290461866118,254.18160228100768,1.8926559770206,-0.2909010831883324,91.54513682659471,0,normal
110,10079.526879929648,253.5618340776097,1.5079376192574665,0.3088650699079741,90.97652218837928,0,normal
111,10089.437299190758,256.5222089839633,2.0382199765393394,-0.223284320476746,91.86988168488448,0,normal
112,10090.311195267355,253.8816852416704,1.5501051627896223,-0.4210634730472872,91.5714854655988,0,normal
113,10102.757429500309,252.45452374383905,1.7219818490070096,-0.5308764147956598,91.15850752638345,0,normal
114,10089.901544787685,253.66022333022767,1.6684165096206278,-0.6921215465365922,91.96610144988816,0,normal
115,10092.78413073772,254.2478848065215,1.770544287950563,-0.6436387650898903,91.71897100347464,0,normal
116,10091.50675202865,255.3345211663038,1.856617309307748,-0.60317980042868,91.98686232077844,0,normal
117,10086.231669585515,253.0028715654069,1.876885039097846,-0.6864868712575262,91.39427909537868,0,normal
118,10098.174715313377,251.93962585482728,1.6624382014607662,-0.7793789591537267,92.0925672899788,0,normal
119,10096.596561888353,254.26721192921565,1.6118896570756156,0.006518458948863,91.19818883612083,0,normal
120,10097.159068331935,251.9967171968561,2.3609266090816794,-0.9728091878891252,91.45021247708615,0,normal
121,10089.014662881364,252.8667505648885,1.7876642379301937,-0.6598402856392382,91.74977488756312,0,normal
122,10100.923907186589,252.96955450616088,2.0487612355983496,-0.5654897564470052,92.749107920118,0,normal
123,10087.239624879208,253.08051969667932,1.6120757834691022,-0.59296078685649,92.27739028813764,0,normal
124,10097.512685413956,253.7610357461029,1.9025327546103163,-0.8376186933386719,92.43016425103298,0,normal
125,10105.850740064609,252.30872643823332,1.957970514929733,-0.9295527496677084,92.60650775538274,0,normal
126,10090.2563525334,252.6379239954537,2.102969964227741,-0.7584115883397939,93.70559675108646,0,normal
127,10092.678596910457,252.8155107992941,1.4888916675623904,-0.8496487703989847,91.9309962449486,0,normal
128,10096.29984285436,252.8963751396544,2.0915027250409133,-1.0421857635111171,92.62623218214335,0,normal
129,10093.566128150029,252.76050171248605,1.8530727618589,-1.4670865490865077,92.42798775561312,0,normal
130,10088.602501386387,253.0135126343299,2.1724291362828927,-1.172026355475935,92.42513262248816,0,normal
131,10096.961310035304,253.3351477217009,1.924564251818757,-1.407812134414316,92.81948971224556,0,normal
132,10091.559991443197,252.7967471905942,1.984674142571573,-1.2952354062788474,91.72777368474428,0,normal
133,10099.48279994528,252.7695418481609,2.124596404667747,-1.1153755207897902,91.6929542438739,0,normal
134,10092.751332998365,250.64465005596287,1.9919590663876603,-1.0469638679470508,92.10685184013155,0,normal
135,10105.322007807754,252.18712710033483,2.1299151475432376,-0.6486520562515706,91.86009682969238,0,normal
136,10093.87019378185,252.52557839636168,2.008381521860642,-1.371148536546005,92.11497963136972,0,normal
137,10096.380498558834,252.6833650890627,1.9018397108842604,-1.003588821234893,92.74119051532374,0,normal
138,10102.252939124084,251.16964442289148,2.492811292679972,-1.1691260979939406,91.7246336993916,0,normal
139,10092.215759898958,251.10978245161704,2.0500333255167265,-0.895917660055565,91.8150621483257,0,normal
140,10099.682272671867,251.1008400754959,2.292757121837798,-1.1344950427416944,92.0580549617402,0,normal
141,10105.245723872798,252.11680372097663,2.497500688763639,-1.6313782451307983,91.86004098901512,0,normal
142,10090.827760112365,252.5190878114584,2.2414956995597293,-1.866021923315136,91.02030061169668,0,normal
143,10099.93362532638,250.9819695217913,2.216102366231598,-1.274789795969369,91.6901452993249,0,normal
144,10100.445248790413,252.2010590619326,2.442081549658061,-1.544532537454899,92.32660331750212,0,normal
145,10103.180413462644,251.3197264552345,2.635127204051184,-1.696672990122853,92.7041993575415,0,normal
146,10093.202082786773,250.9746322839632,2.1913552572969888,-1.798171579642018,91.41042744305442,0,normal
147,10092.890151912336,250.78976569379088,2.407803790392953,-1.383649008214178,91.41020749993974,0,normal
148,10102.197792281848,251.6495927040733,2.1028551289123483,-0.9923840860659652,92.00687859043394,0,normal
149,10101.15869857048,251.1300293916244,2.381111387178047,-1.578752708699245,90.95567797164738,0,normal
150,10101.001962912134,252.981425467947,2.4758409252949845,-1.289214083175049,91.77250487171456,0,normal
151,10101.54748829724,249.7542416321558,2.3061512047887445,-1.505799686386244,91.1282839152194,0,normal
152,10096.470890789666,251.025191633613,2.392561469250697,-1.8694315046397136,92.6819509378724,0,normal
153,10101.078063012952,249.87830974898984,2.20798853768161,-1.2683363163268195,91.61367031336776,0,normal
154,10101.41794542704,249.4384816001609,2.509499839214799,-1.8220103728015795,92.82546875438048,0,normal
155,10096.406619328804,250.19703617513147,2.708438239332218,-1.4905936689602497,92.55632820510787,0,normal
156,10109.32304457872,250.2453073580375,2.27984289873321,-1.6016694087425176,91.67672479161124,0,normal
157,10102.369132897742,252.9261368196425,2.375461683342482,-1.2320724892118695,91.46401954744064,0,normal
158,10094.03924716386,249.7238226496516,2.599979920210722,-1.8168735577624844,91.9031424184137,0,normal
159,10103.264329556598,248.6778317479892,2.740115032493357,-1.3802504438947434,91.94730791813949,0,normal
160,10095.083951953013,249.98114000035648,2.1960411608699046,-1.7461861354583712,92.1722206780592,0,normal
161,10103.858586460852,247.5337247950993,2.45666797032701,-1.6429692526075388,91.6101916240777,0,normal
162,10105.671952242088,249.4168002486702,2.541571069886448,-2.5742479594535856,92.37077692370217,0,normal
163,10095.721385846004,249.42537100283604,2.4578415051999847,-0.8487733030326898,92.12915997625522,0,normal
164,10104.577518778138,250.1047710465891,1.975006864964469,-1.3026221150638384,91.82501518428042,0,normal
165,10101.750407480076,250.1848937787116,2.5615201069814244,-1.6880588498841804,91.63770972919882,0,normal
166,10103.712699791626,248.609118256888,2.754953187096276,-1.7840047490521942,91.89960548828373,0,normal
167,10108.992299894287,248.8638451206968,2.463074598999333,-1.5827542572704794,91.58171607370656,0,normal
168,10098.177379639794,248.1505037674524,2.221078243385288,-1.205156802943078,92.01730575183797,0,normal
169,10095.521684287623,247.69116084170784,2.311163183948135,-1.9727290703115965,92.0285266447982,0,normal
170,10094.71890889712,249.0321892692465,2.753226169842864,-1.4311973492799002,92.11418326264312,0,normal
171,10094.953628990788,247.35229109978772,2.565693086605856,-0.8398981365230584,92.86377481314824,0,normal
172,10098.5034680534,248.1153815373503,2.4952038726139225,-1.6924093847398731,91.91155717215962,0,normal
173,10100.441143844157,247.4395542445859,2.4210612310082094,-1.3080278463450354,92.47700661296368,0,normal
174,10099.955371880204,248.8897572451866,2.1992571926028965,-0.6498694483162062,92.08623205615896,0,normal
175,10102.534510932575,250.0475139608184,2.2722477407459425,-1.098756251232656,91.84884974279863,0,normal
176,10098.28044117315,246.85120722447428,2.276874049310178,-1.2270044666389892,91.90472899929962,0,normal
177,10105.290117664592,246.20722692739372,2.381739085045933,-1.0880323308753537,91.93103574099206,0,normal
178,10096.496376514617,247.84358460392784,2.552294207082323,-1.3344085851728398,92.0962770674802,0,normal
179,10111.2079380312,247.89320794853984,2.452238116376203,-0.7972926642671672,91.47248146135556,0,normal
180,10100.513099826643,248.00605709028304,1.92218237146167,-1.2789457382040452,91.21502507003392,0,normal
181,10092.866907800151,247.25184991062068,2.227831949211416,-1.7178227416124128,92.27020260838177,0,normal
182,10091.55645039774,247.40922447049783,2.3069018502082552,-1.2173637326756226,92.38728017405154,0,normal
183,10099.071801259546,247.8900235459564,2.259438683085744,-1.3589078016829532,92.306006700068,0,normal
184,10095.280985688616,248.47658435586624,1.985598204372639,-1.1211983610549194,92.00545200158312,0,normal
185,10099.69752276799,245.39577052513928,2.669766585843889,-1.081585003638582,92.30616271967725,0,normal
186,10098.213316430758,246.8976053256221,1.806810299287307,-0.6107490484428031,92.2736570791664,0,normal
187,10095.19300712201,247.3971723734392,1.8207164558615567,-0.7266314999187133,92.30495771318336,0,normal
188,10091.023650836816,246.1833329067456,2.0591067289789944,-0.8206413469184467,91.47538197787212,0,normal
189,10087.374325363033,248.75158351272847,2.4107509284209403,-0.8640966936926043,91.35049533115192,0,normal
190,10092.397434008406,246.30530066505767,1.7951854696282612,-1.1436857165538548,91.69831555199868,0,normal
191,10098.58398710062,246.82093819759623,1.8843868083122253,-1.4424527590725231,91.87734780780868,0,normal
192,10095.035016089185,247.3410283865728,2.128295343991648,-0.7155148212575186,91.7583303838045,0,normal
193,10087.389011338071,246.1177828606736,1.8847661694405613,-0.4717586345508049,90.93400893896369,0,normal
194,10094.127406031475,244.7878722904778,1.797198915888469,-0.7027002435815229,92.72607633411198,0,normal
195,10094.822558399032,246.1325146771636,1.9533669835662075,-0.7901023235957996,91.72089643556488,0,normal
196,10088.10186489781,247.518709112273,1.8712640334199544,-0.4491746864229171,91.9367752498648,0,normal
197,10092.905706148867,246.081877027595,1.999826228168811,-0.5718746723237561,92.46501610776431,0,normal
198,10092.03483912041,245.5032738943445,2.029525830925412,0.0009907199044307,90.66238977580302,0,normal
199,10085.62648464497,247.20777651478136,1.810698047911473,-0.0923173354030818,91.5709797867266,0,normal
200,10092.718679484313,245.8852126274373,1.786335989630977,-0.1312708301913899,91.62503621686146,0,normal
201,10093.31297896436,245.64122348252965,1.7501835343857084,-0.1484132396776425,91.64202610392508,0,normal
202,10095.49457536814,246.23777655353004,1.7852907868834158,-0.7190557901529764,91.71484308768828,0,normal
203,10094.90958437533,246.79757146083185,1.679383316298794,-0.0890807644791526,92.51637888152554,0,normal
204,10082.304518255552,248.34862478881635,1.6499409597387702,-0.1307952355287587,92.12058673977036,0,normal
205,10084.047111663762,246.73585055233536,1.871976208963051,-0.0172604447614274,92.25374237158115,0,normal
206,10090.845911417642,247.0117940983315,1.9193803311892168,-0.006720602058731,91.7889748375374,0,normal
207,10090.365336054469,245.2909867832612,1.299112223872815,0.026148786102525,91.0562416029254,0,normal
208,10089.888536382285,244.71776488935265,1.588090995805287,0.7455021130517854,90.70641744144204,0,normal
209,10106.085115797834,245.7543468480654,1.434846398950311,-0.0426330886858589,90.9717253052754,0,normal
210,10089.175389218351,245.74929105319168,1.4979578267169509,0.3061220649753236,91.90630158538076,0,normal
211,10091.489611164385,244.51545712949377,1.6293215869676525,-0.0711005509891661,91.73212051561843,0,normal
212,10090.064056972751,245.37228642718603,1.6724999635020898,0.3523012366050786,91.60079913932776,0,normal
213,10088.024740269886,245.90229055329328,1.5071341736352772,0.4417135077415706,91.51106722689708,0,normal
214,10082.65669694046,245.82055709193605,1.139014424920345,0.3139102280530008,92.69052165099468,0,normal
215,10087.484725182316,245.923458169637,1.3219919499244248,0.7498372415103858,91.26234578610875,0,normal
216,10079.274220005182,245.6709739365215,1.6888318190067877,0.0280369617426898,92.1266766496154,0,normal
217,10081.39440627686,244.83568737196376,0.957203334343588,0.1911461360068339,91.65252645422171,0,normal
218,10079.583577022991,244.7933450889256,1.7397673036832113,0.4447155317620815,91.60973813934976,0,normal
219,10081.843459939511,244.0747210410658,1.6047651621819998,0.6885897738095048,92.21700055915996,0,normal
220,10092.422933215326,247.0267646697375,1.7632401130306523,0.5211409016585468,92.3482579989849,0,normal
221,10070.920780661716,245.2256603273729,1.4610265193857852,0.8955835344309389,91.48536740405108,0,normal
222,10083.08784817548,244.95949229133856,1.0904426210934244,0.3534338045686812,91.99273230409324,0,normal
223,10070.984442878253,244.229614847714,1.5920225150941003,0.2513554519584287,91.76290612575905,0,normal
224,10076.071933179492,248.07006298620192,1.7653417602320096,0.7270215966754466,91.5723504195738,0,normal
225,10083.25207267363,244.03902137945164,1.7010403623470534,0.6519120278368175,91.65827386510436,0,normal
226,10077.49666629749,244.6634008089364,1.3904520783513483,0.877800727800814,91.19950091661784,0,normal
227,10071.14677136328,245.48994792876675,1.5484292395866384,0.7459530262624068,91.37766020839295,0,normal
228,10072.31155227179,245.65815670604863,1.4337684834116775,0.6907211727273591,91.2274437764855,0,normal
229,10078.631046384093,246.00168519995435,1.3868900782719016,0.808085833897869,91.9553495110028,0,normal
230,10070.918688059088,246.839153489602,1.7533516268917562,0.8763143150202547,91.44380986658292,0,normal
231,10074.982820753856,245.5274817901495,1.3353920792037843,0.8124769626784594,90.82915354381144,0,normal
232,10073.451003602544,243.95706389154287,1.4098224163993236,0.8785299315854553,91.10274427647896,0,normal
233,10069.280437008652,244.74991481884072,1.3824960583632844,0.8530442780572928,89.85113645232755,0,normal
234,10082.56619975354,245.31045475837743,1.320958703380675,1.264897904485114,91.18968328519718,0,normal
235,10074.316930390674,247.0686097536853,1.6649503704549358,1.0989737187463853,91.44176923813026,0,normal
236,10060.31536364373,243.6023393399256,1.885538067307834,1.7497255874896664,91.34075360710686,0,normal
237,10070.660045399842,246.2044823051543,1.6346987776529398,1.151878282210778,92.38463265228556,0,normal
238,10065.698566031851,245.18558032209435,1.38978188376865,0.968383520986982,91.6676029875714,0,normal
239,10072.542488867046,245.849254307425,1.878950177239884,1.96379701963542,91.63083237040586,0,normal
240,10063.583714362952,244.91718223918485,2.0688538918067767,1.3145897090880296,90.52929184381716,0,normal
241,10066.231877134314,244.1864897721273,1.6238879243053823,1.5143752491790674,91.15379015977442,0,normal
242,10068.583056522824,245.7915289928468,1.6794654143891563,1.4207092035455005,91.07783099889656,0,normal
243,10069.632851128075,245.7088047231338,1.9009102145921088,1.4546034262751506,90.91304090374052,0,normal
244,10058.542017798158,246.0421263289313,2.1452601084385967,1.4518772972540943,90.89092966391208,0,normal
245,10062.103964034246,245.0744323014997,1.740473493364391,0.9828747009565038,90.3714679272982,0,normal
246,10060.628336443784,244.50754732697445,1.6018941481174584,1.444895711793963,90.62213465765112,0,normal
247,10058.956709369062,243.57017175571207,2.0189405785742176,0.9571144502942056,91.68151381202108,0,normal
248,10070.264696981978,245.9718697708704,2.077011526904305,1.3209808103228735,91.15729116961484,0,normal
249,10062.670260892635,245.60186267393635,1.9431722194158167,1.1730853760741544,90.95970583761944,0,normal
250,10053.54279463872,244.2395959938204,1.8552123993929093,1.5142410209167256,91.19423862088156,0,normal
251,10063.632401546663,244.6961281732016,2.1906908046202385,1.5222009864835486,91.7645571755784,0,normal
252,10068.843845937472,244.7991723100855,2.1224187245201622,1.579990355810181,91.16676655948604,0,normal
253,10062.579541138211,243.81606953002444,1.888078865364856,1.534227051677414,91.41853136217466,0,normal
254,10048.9987732151,244.5163747211084,2.076434966971106,1.2770788320566009,90.70861003970327,0,normal
255,10053.34720137481,244.23709623155497,1.820958060910638,1.3906006272237958,90.80605245940949,0,normal
256,10061.270099388645,244.9971686147657,2.2529330038383537,1.7534738494836868,91.27569931538608,0,normal
257,10050.558874709604,244.7115072463619,2.0874742169120166,1.804835811591177,92.02827129492252,0,normal
258,10055.472587896293,243.8655767993015,2.076595053091899,1.1462317553821588,91.77995724486868,0,normal
259,10056.277604435874,247.5593518334283,2.1805693535423925,1.035435132357107,91.33950271810262,0,normal
260,10046.915484824256,246.83526745242847,2.21814505827937,1.279748203100494,91.1067196237233,0,normal
261,10050.393058444495,244.8514392688349,2.4114836991802227,1.813130956205814,91.71434838230968,0,normal
262,10033.61982754084,245.95235981422823,2.372548838451232,1.8644380435896937,91.39386244634623,0,normal
263,10043.834722475987,246.14861120164852,2.244246227369123,1.221613549047124,89.83230220246787,0,normal
264,10046.819420741898,246.9751471454914,2.448770387297411,1.5889251747005129,90.43467980604969,0,normal
265,10040.964138219164,245.02005776222043,2.395952944597442,2.0434200658284563,91.11313124525871,0,normal
266,10054.481183012693,246.98703555042616,2.2494649538410934,1.6126987255466472,90.0328987470852,0,normal
267,10038.279860093227,245.40493141356,2.327983848840036,1.908231690122548,90.45981683728218,0,normal
268,10042.337242020703,244.67650107627287,2.3405433672076,1.7737405951387228,90.54084181725476,0,normal
269,10044.293611102445,246.7976218038706,2.487575401027671,1.1920783209451822,90.74471521119736,0,normal
270,10049.944354468716,247.4269359863425,2.328487690331482,1.397840289218506,90.71104465635456,0,normal
271,10034.65248331167,248.78832433087288,2.338174935642693,1.4536485901630147,90.6920756677679,0,normal
272,10046.737235727976,245.0664476705707,2.8233323693150405,1.4615509908822633,91.2310820979642,0,normal
273,10040.05811306434,247.0323436801025,2.6297784097317383,1.691011204973901,90.66752702245957,0,normal
274,10034.180934634604,245.992340392104,2.300857238269204,1.5232450864090996,90.58945449176127,0,normal
275,10040.476616576549,247.2556570826721,2.5771794201927536,0.5030460322255758,90.0887359320329,0,normal
276,10038.235202420372,245.0733765907831,2.495517847853088,0.972075468790778,91.25697117984302,0,normal
277,10033.308900334623,245.35404654364416,2.557835309238607,0.6905052689870638,90.3904509374346,0,normal
278,10035.725444955066,245.9152449018684,2.513472015610509,1.3789091517494692,90.16401352660164,0,normal
279,10032.512778741531,246.8457106843872,2.729196200034552,1.3768323303671282,90.79533222195128,0,normal
280,10034.066401741846,246.20258554410003,2.5644277467777243,1.3668658497156363,90.28650566912027,0,normal
281,10035.865586824362,247.580903817663,2.4856839438690583,0.9702785864232826,90.38812229913798,0,normal
282,10039.537880502432,248.0281579742877,2.7080928097705623,1.4351268964284016,90.76138601559364,0,normal
283,10024.468421144218,247.6814542342304,2.546615836932776,1.4215795598794494,90.44990866087728,0,normal
284,10040.369302003965,248.782444880016,2.523309042223992,0.8028872575438466,91.74988739026398,0,normal
285,10018.98736223664,247.6623989164672,2.5596250710636044,0.711290274866571,90.5375417530255,0,normal
286,10027.02966710648,246.1136919577016,2.474664177464033,1.1216960731642531,90.86469096107278,0,normal
287,10029.768191125384,248.7790492915512,2.4905636043024346,1.6288946185411972,89.56568507811276,0,normal
288,10027.266894304788,246.8966343488095,2.365489970522264,1.5699249662634096,90.08691413336486,0,normal
289,10021.781181068212,248.4993261409609,2.325499306152898,1.1967117285036166,89.95443672588794,0,normal
290,10022.884321669611,249.2507233194863,2.2677334504658533,0.775454843649252,90.00130879677666,0,normal
291,10020.487790028832,248.2226877487033,2.1795972727101542,1.2263751263869325,90.66682489096104,0,normal
292,10019.03153743779,246.3597451301684,2.27145211379334,0.7895993072388547,90.95734975833894,0,normal
293,10025.249740410196,247.0284535920185,2.4008255792114905,0.6592460023502916,90.59234985081906,0,normal
294,10021.808075902003,249.36099334692787,2.443496932060594,0.2096791022740062,90.2871376576604,0,normal
295,10015.5777167598,247.961493990206,2.354751569097819,0.8461873250034283,90.06541777536584,0,normal
296,10022.55762616659,248.303305735002,1.9229853356621864,0.5883821041402525,90.91799241138172,0,normal
297,10018.611680499498,249.0763826238711,2.6931733473730888,0.767441510513385,91.37713138497972,0,normal
298,10020.15334209094,249.10838003172017,2.578736699334064,0.0092105642481882,90.38930848232675,0,normal
299,10018.249415418251,248.7859910999175,2.4328738304825555,0.7098422824553694,90.77170695620848,0,normal
300,10009.967025751375,248.3942541377849,2.706642054589212,-0.1111586213288534,90.45392519101746,0,normal
301,10010.320414014031,248.3865440971153,2.1102804659527283,0.903286932796243,90.64017883753316,0,normal
302,10015.86579352868,249.65392169962053,2.6631234589551944,0.6916801805780183,89.6603131210062,0,normal
303,10014.187970195831,249.446884311676,2.0716869175101227,0.4092397670216618,89.97865423730224,0,normal
304,10010.03729066184,248.73374934560155,2.2909469294851705,0.6189380225722513,90.400570692656,0,normal
305,10009.733101139787,250.17129979163263,1.966293619261429,0.1135775723713834,90.78917475650589,0,normal
306,10014.538539654968,249.05865580879447,2.20130910567418,0.3852240200833534,89.7539371927017,0,normal
307,10004.195294169906,248.43485510807432,2.252416966034855,0.558127955472845,89.12641346676162,0,normal
308,10008.89085864884,248.6266593255639,2.12062111214594,-0.6526943568475423,89.87397522163921,0,normal
309,10004.146013577683,248.5062476700148,2.270331360113114,0.0970737693475883,90.6082048939712,0,normal
310,10003.069660227196,249.31214296930884,2.1230366308663497,0.1798883962196829,89.29121352932266,0,normal
311,10008.652624103584,250.91800791710315,1.9741706343778784,0.0830661070755101,89.47471485080712,0,normal
312,10006.28617931755,248.97904539292583,1.9405141625892528,0.5342295482145704,90.12114124447776,0,normal
313,10005.226787573618,250.07255961105625,2.1911481627623366,-0.2850139117297335,89.96519916149158,0,normal
314,10006.68665932742,249.32738414540688,1.8732331859315745,-0.1791808591483759,90.3004185466096,0,normal
315,9999.26429447145,249.8237604611504,2.162068417737567,-0.6125897556080226,89.36882212504293,0,normal
316,10001.56913416317,248.67399067514387,2.198588933452545,0.3702950296553318,89.80069808904956,0,normal
317,9995.608313628672,250.0633824323789,1.5954774132932164,-0.2015654202394413,90.54078564943434,0,normal
318,9997.78104131192,250.18999049165765,2.131155986773112,-0.3039735536763239,89.32675609417113,0,normal
319,9994.51044039132,251.0236055521928,2.292244296080411,-0.232813007608586,90.6416792614183,0,normal
320,9994.647565482206,250.80602693750785,1.906449093907853,-0.0706194233053722,89.3495432202005,0,normal
321,9996.14038451508,249.483549224756,1.952113568179684,-0.2014677961941358,90.28798277644673,0,normal
322,9988.076193236746,251.8650621517596,2.016365356281827,0.4447768899066047,89.65686667795171,0,normal
323,10001.632713560168,251.0897771707944,1.7310128784414731,-0.257004558610698,89.2509614148153,0,normal
324,9985.145053717992,251.17612609268025,1.8002450515083408,-0.576002064600458,89.55505328893348,0,normal
325,9983.109543483051,251.066417587054,1.4792191706663236,-0.6476858116905946,90.05607432502929,0,normal
326,9993.97746877832,250.6552796325182,1.7487008700627005,-0.6395255121810853,89.76031129076561,0,normal
327,9991.152837043175,251.48780735959883,1.8002084712762896,-1.0141984470373648,90.30312517718892,0,normal
328,9989.324012358138,251.8420534108137,1.7841792634113187,-0.5931304060056786,90.44193829592498,0,normal
329,9988.355410165888,249.7154826708038,1.8751896574173528,-0.4109469951361197,89.11275831973244,0,normal
330,9984.16419672144,251.0189459802208,1.4891468931883325,-0.8703129208499527,89.05637403925833,0,normal
331,9978.75248413815,251.39746524062292,1.5204781399309824,-0.968216644079923,89.01237823310115,0,normal
332,9982.632780306882,252.002627267328,1.989925429931121,-0.3102645164773591,89.19547710229426,0,normal
333,9977.884725088148,253.03311355878904,1.5655554928664828,-1.2313499489077864,90.17751793332408,0,normal
334,9985.164781373622,251.16067173300263,1.6214358684525922,-1.4613844461469143,89.88596462946403,0,normal
335,9978.57451592515,251.5262877562652,1.5548812552510032,-1.223786569308767,89.31368227019198,0,normal
336,9974.2050059773,251.60274287506843,1.3918803179482433,-1.37613278923263,89.56109854391381,0,normal
337,9975.750418614349,251.40393069565147,1.8699647726747988,-0.8333996017614177,90.2492997090352,0,normal
338,9978.449125201689,251.9475709367762,1.429897711248694,-1.0918889414198505,90.48169478409577,0,normal
339,9972.595326807515,253.15394092563247,1.3013211151045094,-1.083108631648407,89.63797115815213,0,normal
340,9970.334787819484,251.41673126032867,1.4291531985996713,-0.7039317782978816,88.15927720392264,0,normal
341,9974.69882147028,252.98482100713267,1.1126845844512228,-1.2888772430201414,89.61825125563644,0,normal
342,9973.742365823233,250.9405214696963,1.377710004462542,-0.8796414583198984,89.91772472412443,0,normal
343,9969.022712869497,252.1654458567593,1.31051331556234,-0.6884620628703595,89.54346473285511,0,normal
344,9968.244977230352,252.4805640292857,1.6250356931646668,-1.3072206768839454,89.77526083453625,0,normal
345,9970.806098415946,254.56705849485508,1.3655239164084167,-0.9770247049346064,89.57144966181333,0,normal
346,9961.454142382216,252.69838516865897,1.6776735715792643,-1.297208331947861,88.75656857305313,0,normal
347,9960.70909109587,250.851743416084,1.7809650609230738,-0.9728628021244974,88.9118089826733,0,normal
348,9963.209260071664,251.13267624474705,1.6599053770222036,-1.7458432809991775,89.17545352999345,0,normal
349,9964.79263645376,253.24292041572136,1.4642352651902246,-1.791207611360392,89.84990483336554,0,normal
350,9966.476215059029,253.89870384938385,1.54040989660704,-1.4369239544297674,88.91549151046046,0,normal
351,9971.36377113755,253.7351170860416,1.2132833619995251,-1.6070232846007138,89.5076911176399,0,normal
352,9967.344202261564,253.6006157493392,1.49882187653669,-1.5149545558499615,89.41296437987164,0,normal
353,9961.328819967284,254.66731648368363,1.361973266988239,-1.4441719230459522,90.03566888488157,0,normal
354,9961.109827166314,253.03607493205968,1.6825740513342675,-1.1794416245316683,89.20325827505184,0,normal
355,9955.272536448216,254.5397557566562,2.069047557886468,-1.5336197864971424,88.32832445628995,0,normal
356,9959.276864105595,252.0805514739526,1.6663632374519712,-1.6730858407688212,89.51082382815956,0,normal
357,9957.014446128274,252.8738547073472,1.1811564875951868,-1.5447040568084898,90.23818239227452,0,normal
358,9959.163795853332,252.03648585602696,1.5211754055863822,-1.6820209960287922,89.50719573346606,0,normal
359,9952.510757006969,253.63186930130848,1.6329727906748417,-1.7422003792990153,88.73910743858936,0,normal
360,9958.34468824172,253.92207810197945,1.6419778616662146,-1.955309389172828,88.57398617382081,0,normal
361,9962.517119348871,254.1424782459226,1.4953140610117883,-1.4586423620591735,88.62058407892344,0,normal
362,9953.419607774817,254.14868624404292,1.708401465749637,-1.6568475233754354,90.08092411053303,0,normal
363,9955.08655448162,253.21604103113745,1.429560845723353,-1.2017646921843912,88.89789619716183,0,normal
364,9955.647995345022,254.0084876058317,1.5086018442598446,-1.9299372613316297,88.7126238108153,0,normal
365,9949.315232775,252.75473643453705,1.8470215763398148,-1.661067574355089,88.94720838062499,0,normal
366,9951.570725117366,255.6671659146268,1.535713059010669,-0.9559459186546566,88.85055172986345,0,normal
367,9949.647107218549,254.05034318555747,1.8681244331831528,-1.7817267819515088,89.77550808418653,0,normal
368,9949.211449757173,253.91337392872148,1.5088244340328416,-1.569479986123152,88.4672226397804,0,normal
369,9944.002072045285,256.03773032019586,2.15846053647064,-1.860600722151707,89.5476640351214,0,normal
370,9947.138936780444,253.2512939455089,1.6739057062843827,-1.896357136140278,89.00137376640856,0,normal
371,9948.660940627226,253.410906496054,1.8077187190502644,-1.022274397082921,89.5269322401338,0,normal
372,9952.586613332049,253.48141187928687,1.9426358213497708,-1.4284569333320714,89.69792742772844,0,normal
373,9949.292662410482,254.5490684246781,1.7878129671186798,-1.4316345267443058,88.9323249825577,0,normal
374,9954.43318387752,255.0860323238732,1.9541816793071616,-1.971277980821789,88.71581362699968,0,normal
375,9939.007130311324,255.4296753519916,2.065375571454601,-1.3440895798344012,88.88996677844786,0,normal
376,9946.387783410728,257.2957184535857,2.1673548260615134,-1.0925078556396948,88.79313826853995,0,normal
377,9942.130999690844,252.5061245078348,2.1585215264179145,-1.0816181005438987,87.99580256537367,0,normal
378,9951.357292285313,255.3942242177265,1.9908492511428724,-1.2114043104515544,89.584405739277,0,normal
379,9935.5667332721,254.25637559095065,2.020811278544825,-1.7349223946022496,88.91505700266808,0,normal
380,9934.615601694824,254.25318321126863,2.5447603164364825,-1.2850557633391162,88.19473462558904,0,normal
381,9935.029352413285,254.2439826537212,2.2895300824744576,-1.160392367096991,87.72676465271087,0,normal
382,9926.625139070522,253.9771960959212,1.9395523727274373,-1.879451488282212,87.58109273737624,0,normal
383,9933.840420121169,256.59074726492526,2.1679698436862727,-1.6567459316669415,89.1146241229352,0,normal
384,9931.90446248684,255.7668139973717,2.1046288366543107,-1.0319702624392044,88.40451373168862,0,normal
385,9935.689455225864,254.9640371479424,2.1678468168385674,-1.0124906426279725,88.4712993918171,0,normal
386,9935.890132868397,256.3062051503084,1.971783648644829,-1.7156185145256773,88.9277041920596,0,normal
387,9942.812655691469,253.45502665126816,2.157522956538996,-0.9871505406671326,88.41061195185686,0,normal
388,9937.441025956574,253.6472297479684,2.6238440372176326,-1.170576324159185,88.92704034333963,0,normal
389,9929.06822481082,252.80835530225664,2.398319725913859,-0.9372958533123618,88.68668689397097,0,normal
390,9926.73131072486,254.2933021867497,1.8045376532295088,-1.3333317729087324,88.58240289005744,0,normal
391,9932.960498535886,255.1588119258774,2.565623335322818,-0.9197685624285528,87.82364285072131,0,normal
392,9923.184205091817,255.1023698706722,2.5589077146159,-0.8295212984182654,88.18584174431896,0,normal
393,9938.234154809134,255.14925135950915,2.2869756454384325,-1.1564424009321357,88.88280490239066,0,normal
394,9934.272643691207,253.5872508759778,2.5192394164327183,-1.0131422791898392,88.22649795432004,0,normal
395,9925.335309330823,255.79786145181288,2.219921595825737,-1.1795341021454189,89.15630852971923,0,normal
396,9918.428491270615,255.22873541350435,2.312785725500281,-0.4551090855724868,89.7130839403181,0,normal
397,9933.083802634388,255.7145677861604,2.72056469135656,-0.9514500323306724,88.85448146569189,0,normal
398,9925.06938687931,253.07916439755067,2.379476042346893,-1.155919658620829,89.25925766779403,0,normal
399,9931.166248736876,255.27184180004627,2.071758019832436,-1.0572127239916735,88.8599069626882,0,normal
400,9916.347612175236,253.75902599319937,2.4438119808075465,-0.7668281966580185,88.21926399804805,0,normal
401,9920.673026608523,254.53392962189707,2.450382276084261,-0.5405301335256727,88.57347386686958,0,normal
402,9923.05390442219,255.4481069790157,2.7142359906986395,-1.1282578218654111,89.46721419152068,0,normal
403,9922.62807025999,254.9853594612497,2.48470572487111,-0.1335373410125843,88.18608647450961,0,normal
404,9919.516081919935,254.02129200874285,2.403593796595429,-0.5549393218734876,87.91566453610766,0,normal
405,9924.261724219115,254.85572221040985,2.7017737848288013,-0.4667289423828864,87.85585227958997,0,normal
406,9915.198322877348,253.2925910897218,2.520541249418176,-0.5944004633921434,88.30196380856843,0,normal
407,9919.221424357313,255.9471415653626,2.348758614244284,-0.5175350949237549,87.89693039132683,0,normal
408,9919.939703300235,254.56241922875665,2.730895962179658,-0.5253959652072282,89.22377421655213,0,normal
409,9921.323388781497,255.855175253566,2.538512621704462,-0.1327376843572106,88.48320215951968,0,normal
410,9921.730363284005,254.1771210963028,2.499000090475287,-0.3972262632847151,88.84930893275143,0,normal
411,9911.97835541965,254.1452228706817,2.53138542608664,-0.1211484972146692,88.2026986222869,0,normal
412,9909.368511785186,253.867890690846,2.2778196730259888,-0.4375175819851275,87.77068305389919,0,normal
413,9922.873279530982,255.4696772583417,2.381342564414717,-0.2044943224564554,87.67500093571317,0,normal
414,9917.60062970488,253.84366067840017,2.4812928826176144,-0.4599488901244676,87.86478532181054,0,normal
415,9911.659197209674,255.15545460119665,2.4341454752204994,0.1907962577511734,88.48179534486246,0,normal
416,9922.628419784056,254.08436982064148,2.718883293601939,-0.3795190751552505,88.55739466401282,0,normal
417,9914.930575754965,252.445035298618,2.498037438208213,-0.1820049804649927,88.58864208819934,0,normal
418,9919.736795889245,253.8030925704284,2.6145595488734554,-0.1340394608419608,87.53246985748758,0,normal
419,9913.674625658605,253.14495715921325,2.433371616045197,-0.1007413497928478,88.26653607208198,0,normal
420,9923.146162383053,254.30689726412373,2.629585516017253,0.2671833016645861,87.74381753972663,0,normal
421,9921.133232163036,253.0298068307885,2.4836230430334063,0.0003823580236172,88.44786354280866,0,normal
422,9910.634576674773,255.0917216636415,2.3915811779782383,0.5584163279390758,88.47712647609207,0,normal
423,9916.268933625111,254.018536455955,2.370048012121947,-0.0605704813362082,87.64213505389358,0,normal
424,9914.178498889729,253.87423828479805,2.164692886194797,0.2803518988569284,88.70304718643419,0,normal
425,9917.344221964804,254.64832770090504,2.438950970673663,0.041162905152921,89.37943275430695,0,normal
426,9905.234841728585,254.8953468597605,2.310670351167844,0.4443040904345788,88.61860704942197,0,normal
427,9913.05710516496,253.8487730129304,2.198659765204045,0.3570547017456212,88.11111993752382,0,normal
428,9914.495396372608,253.0335558070446,2.4999498809212435,0.3588227393582115,88.02579262716232,0,normal
429,9899.995082176576,251.96514898066232,2.007517192403549,0.8050207957901421,88.07124360133759,0,normal
430,9902.467113761726,252.98593573233532,2.151320322460612,0.2949090973900085,87.78730120311258,0,normal
431,9897.791033735635,252.9861713900821,2.419032929326146,0.7094575015223481,88.28594299581478,0,normal
432,9906.25314995546,253.64039793167169,2.253729834011521,0.3446261593164749,87.58277238697647,0,normal
433,9910.810124814492,253.1167371504098,2.1577130627152896,0.6504131281617235,87.19959937741129,0,normal
434,9914.365705885157,254.07697584901288,2.193727034293892,0.2986734994497341,88.24687925340028,0,normal
435,9906.865216146254,252.70186287914024,2.1552918962245595,0.4987379167093074,88.140511377771,0,normal
436,9914.287992039346,253.18228236274464,1.7916608286405344,0.712369412938862,87.83731327801118,0,normal
437,9898.903964518106,254.3464926657597,2.000487802837884,1.3202630814699248,87.47474112487842,0,normal
438,9896.956536584416,253.42624716956016,2.368815539002672,0.844267267944609,88.25434098908089,0,normal
439,9904.874139835074,252.9450674193019,1.888703655018464,1.347851808549354,87.60795004730593,0,normal
440,9906.760119855744,252.3226415225236,1.9319141425339312,0.95420725956811,88.0273236767883,0,normal
441,9904.373749093507,252.20966577582035,1.862267117905636,0.8078447176906354,88.9732303837428,0,normal
442,9893.906988754872,251.90945800669573,1.9282786576243327,1.4208051561597834,88.41047886988915,0,normal
443,9903.515150978885,252.1351344892737,1.8042833351994445,1.124268660699052,87.39464869233807,0,normal
444,9897.164559440143,253.3468068683492,1.993680090128231,0.8336182906095126,87.43631235334722,0,normal
445,9906.771056682088,252.2832160109972,1.9114774769233869,1.199953879282086,88.14436342513059,0,normal
446,9905.001129813812,251.0682924572808,2.00272721861588,1.0023988564457385,87.37570243063708,0,normal
447,9898.223867402536,254.09822887012413,1.6142122400959873,0.5238807765541423,87.05760258606628,0,normal
448,9900.118767090798,252.5610868258481,1.7331540618627013,1.4307882808784846,88.31994803919801,0,normal
449,9897.16660052009,250.74434387305567,1.7333961583047608,1.5068469284072814,88.20972123975109,0,normal
450,9901.933592747124,251.618743498968,1.847542125787464,1.757059248825114,88.27023893030938,0,normal
451,9906.81679515967,252.07995975218088,1.5762494047536793,1.358544648003624,88.17233926205222,0,normal
452,9896.91634445917,253.5813588026997,1.897167933296887,1.1824007854024488,88.00424413798078,0,normal
453,9904.17891382286,250.6755969095328,1.931178576941197,1.531499681937741,87.70207935106704,0,normal
454,9898.830933757752,252.6659792855723,1.4767443776397584,1.5587811883135396,88.28771192003626,0,normal
455,9897.351249988364,252.9949782387191,1.5577811898921383,1.8169782950878792,88.7912540271961,0,normal
456,9900.623723006314,250.87175257675085,1.531866320319459,1.3325716595781285,87.77256299240001,0,normal
457,9895.835807880552,251.12720819029627,2.147930896071066,1.3155409879766142,87.50987028474884,0,normal
458,9898.106816368036,250.2721656191196,1.5196208359707135,1.1685774860056204,87.44994154818984,0,normal
459,9894.75862924506,251.0082434102493,1.9262589397786083,1.5612607467722386,87.5815952574932,0,normal
460,9910.454525301237,251.07785959615828,1.3235633988910929,0.9510650036969058,88.11391725497111,0,normal
461,9900.700035152391,251.67639882278613,1.3661731063982596,1.6626172058289754,86.94066056607386,0,normal
462,9896.927855153814,252.00882486395332,1.415085409720519,1.6191023049474156,88.22811486609167,0,normal
463,9901.409104817443,250.07207045223163,1.3726902213673715,1.629935224333937,88.32874061042351,0,normal
464,9899.700253581736,248.7540385208763,1.4788152955710303,1.5062352551784983,87.10619869663238,0,normal
465,9899.089708126448,250.6010273382591,1.3823751294745237,1.93369648707184,87.51430090434344,0,normal
466,9903.208032379467,250.8164692793868,1.35318760433505,1.743110057792329,88.04258446750771,0,normal
467,9903.877366381515,250.67279990325864,1.7428825837201538,1.3057646052860297,87.93006169147344,0,normal
468,9897.399941979218,249.9969900869788,1.7513009454423083,1.3161707937668972,88.26086768847973,0,normal
469,9897.145971071976,250.34856709204763,1.6929889445887332,1.2327155793408244,87.92993283474583,0,normal
470,9898.632415757833,251.63932193561905,1.6057587771271675,1.6643490829545526,88.63253824825928,0,normal
471,9888.49067953755,250.4056238819132,1.5185842829022824,1.1999198000087812,87.83942100770273,0,normal
472,9892.426941056005,249.5505243180648,1.4009558657985044,1.824626648630285,87.50854143398007,0,normal
473,9906.849878337023,249.32372839797705,1.3113056719497147,1.8947989803490253,87.4685892068651,0,normal
474,9908.262954566088,249.5541777565669,1.577356380237959,1.2311520742669375,88.36849657461248,0,normal
475,9898.82554090468,251.2609843595216,1.2740890766764288,1.4347970913212875,88.01622499302769,0,normal
476,9902.99610386624,249.341308268842,1.3153165912929896,1.489711327971553,88.31912433138177,0,normal
477,9901.72215635703,249.4053693645949,1.7511835453170663,1.7428472112531417,88.30987936130082,0,normal
478,9915.622879486187,248.8436347957787,1.90842906746714,1.95205271804635,86.9946445824963,0,normal
479,9905.898896929995,250.32598599342248,1.6158356579978332,0.9538772041905136,87.43597914694475,0,normal
480,9899.743951159013,251.08820334862972,1.7685022494556168,1.353032449565912,87.4973582620764,0,normal
481,9895.69831522008,249.48069124316189,1.5092070812845042,1.3563398587002176,87.6014882542158,0,normal
482,9892.546216443783,249.0149511531517,1.3031116614774985,1.0023096800030018,87.8013912976132,0,normal
483,9901.708138918742,248.8714882526392,1.706423736490768,1.2620632362221569,88.51339121209672,0,normal
484,9897.031370542489,246.3533919030729,1.7122300013070364,1.5197457892550523,88.61550366157013,0,normal
485,9893.83407785534,249.3863477322301,1.6280924318096637,1.2903781193568429,87.87246151296507,0,normal
486,9897.85460949935,248.6794049631634,1.5816356158400309,0.8919256330151266,87.8961090477489,0,normal
487,9895.831752589906,248.8782041622351,1.839829340201439,2.197647297084543,87.67207299013093,0,normal
488,9909.837095439196,247.64364351638463,1.4683984831254944,1.3941845612264423,88.07262159389593,0,normal
489,9905.981340483544,247.87655036616945,1.5297828024533495,1.3255653453140044,88.1327232753429,0,normal
490,9901.714875530985,247.7565794172372,1.5026999337153522,0.9392423377942876,88.43833255225246,0,normal
491,9909.345880915043,249.0965573802341,1.7418371873563685,1.3222535631454382,88.43814256740313,0,normal
492,9902.534228544124,247.60427460255303,1.5284731023828373,1.1690794936084583,86.8918887145832,0,normal
493,9898.051977964296,249.97460156359284,1.631047117161399,0.624992092242926,87.97089550560014,0,normal
494,9910.194795401068,248.2325536582213,1.6491684295179465,0.8426056575125633,88.74363351573943,0,normal
495,9905.50424327824,246.4366378711277,1.761145956141151,1.3732460327640466,87.8371363975439,0,normal
496,9897.863699282989,247.4953185710741,1.5392075476668434,1.6880382455968124,88.63061951027402,0,normal
497,9902.348168585206,246.8846844977453,1.877946458548277,1.184053020162858,87.91277133950688,0,normal
498,9899.181372562922,245.2554573289612,2.1341378771692394,1.3729323896187415,88.15865101031793,0,normal
499,9896.9147110025,248.9638109478533,1.9362353554685647,0.9624470847044272,87.50812884694683,0,normal
500,9908.738460271345,247.98303698777315,2.2420883539113774,0.9494679120314944,87.53252717189046,0,normal
501,9913.94310777524,247.72974420722025,2.225476211296294,1.2681057287332584,88.45066627758928,0,normal
502,9897.701199060866,247.27970434125365,2.1391793197841484,1.4041788000975068,88.5347898786996,0,normal
503,9907.816425987376,245.65120114514667,2.0235661257756585,1.2593934643365838,88.11324604917873,0,normal
504,9902.06540959513,246.4697062801268,2.038104113911827,0.512092277284109,87.49261032749558,0,normal
505,9903.209506217589,247.7164275303196,2.211255077159834,0.7741015314861248,88.1348049410318,0,normal
506,9903.019109618945,245.74600016123344,2.004905879867773,0.8389198859321689,88.74823906513988,0,normal
507,9902.006473309191,244.189305379466,1.731272673902618,0.6385523283187626,88.99796177817771,0,normal
508,9906.923750493994,246.4191347190399,2.230445071512828,0.7929614553911148,87.97526888092244,0,normal
509,9902.890438776893,246.4309906628904,1.9297679293169587,0.8823168127588206,87.31096986205006,0,normal
510,9908.770815896129,246.636189978447,1.987100931373007,0.8959537852824626,88.56855243512193,0,normal
511,9907.549941697933,247.15842325337863,2.2026727588718344,1.059303436195211,88.01804109667607,0,normal
512,9906.99821229874,246.99821646048247,2.2061953216270007,0.4126434391556539,88.63537937144199,0,normal
513,9904.056135139002,246.55154219909863,1.9648345702892047,0.0597389074957235,88.312415181493,0,normal
514,9906.120238240988,247.42194836915823,2.3017594033298656,0.5334702992081098,87.73835984499566,0,normal
515,9913.200291982255,244.6426011703688,2.482628908816085,0.9478109232407024,88.21758889739229,0,normal
516,9912.356220341488,246.6028420562112,2.083749197006863,0.1958981737573237,88.85120187159445,0,normal
517,9905.401171491045,246.6630485395033,2.583157329009791,0.5010632737635667,88.13120195981709,0,normal
518,9911.231893584323,244.73678316760245,2.0350481691001336,0.4594856789370982,87.69730205942084,0,normal
519,9914.947378418585,244.41491953068703,2.7881013092080664,0.2637216471283873,87.42948677173617,0,normal
520,9903.307508022375,245.1149255280961,2.2990271391431043,0.1637078947622804,87.84700834512738,0,normal
521,9914.84426148908,245.1440593250092,2.426092370014389,-0.1602022942639645,88.03748107965812,0,normal
522,9909.296055012368,246.5054310477481,2.033259785871907,-0.6125813012055926,88.66218304410059,0,normal
523,9915.952619439771,245.08558275600296,2.412907864936056,-0.3066117591446932,87.70156788803035,0,normal
524,9909.78247256878,244.79360287091444,2.483636975449084,-0.1351459068339999,89.04885130989467,0,normal
525,9905.082140154018,244.9898874634471,2.432218957486335,0.2661902771485508,87.61355490772621,0,normal
526,9906.485210047127,246.67348267811624,2.347222606920535,-0.1389000861401098,89.45820149100933,0,normal
527,9915.388256185686,245.52300086275383,2.279764005073825,-0.3084973632530804,89.16571590742483,0,normal
528,9916.979838322966,245.2876095645731,2.703247871153811,-0.4647757599367782,88.38420764098116,0,normal
529,9911.701468857967,245.31557138810504,2.4901770048358194,-0.0449511397859086,87.500614272285,0,normal
530,9919.966218071497,246.6781832262625,2.797829296855313,0.1212192778679001,88.30775308456099,0,normal
531,9909.02418186545,244.59934265978828,2.388821652274624,-0.0112944994625714,88.15321516454269,0,normal
532,9917.56817633564,246.62827470401365,2.410363448264476,-0.1922203796586563,87.72082789505204,0,normal
533,9912.418497556191,245.4893895696162,2.662402452596607,-0.8601525535524916,88.5149763847238,0,normal
534,9915.797553816326,245.086489126085,2.175401879027797,-0.5659987488637709,87.96931312217895,0,normal
535,9919.884977771368,247.7177254165833,2.256767735363828,0.0810814620290605,88.0355067647709,0,normal
536,9915.94520278241,244.13301504569688,2.7171725467264123,-0.2086852248233912,88.30310607489041,0,normal
537,9918.931752288305,244.80872286681029,2.260259981975786,-1.0481911970979856,88.12963618583622,0,normal
538,9926.501168937197,243.90566645014425,2.1265714208120663,-0.6447590412257711,89.46847240637746,0,normal
539,9919.208273389244,246.0681934188751,2.8585962188654768,-0.559728775804511,88.17399733823743,0,normal
540,9926.902011804728,246.7845077833192,2.1994244346274106,-0.9372805185055652,88.67491153058526,0,normal
541,9917.713563059133,246.7467908394661,2.507113805944249,-1.4407311381648835,88.54000319275362,0,normal
542,9926.65732803642,246.28433520673724,2.475033447006397,-0.7569865479297126,88.65654125556631,0,normal
543,9931.869959170515,244.84826016088297,1.888864426496561,-1.0609171511240862,88.70778652314998,0,normal
544,9912.965236212583,244.6681154079713,2.3861731261918,-1.0969560329183512,88.94714991756744,0,normal
545,9922.00779267376,243.35164896097405,2.516866759357583,-1.0046458915370788,88.65306841683153,0,normal
546,9929.553840536337,247.050145422802,2.484525826601461,-0.9739744733435038,88.64581749545185,0,normal
547,9926.336797010445,245.47669734469017,2.5798139834505944,-0.9713860310703716,88.57627901304724,0,normal
548,9929.898562084803,244.51120658632428,2.306059913336677,-1.2677759267219786,88.491647728189,0,normal
549,9925.720911218425,246.3286632728127,2.5095486986765083,-1.1016573267500267,88.11891780220974,0,normal
550,9929.878916380325,244.0272844504865,2.211754202211534,-1.5949050246745111,88.55848516014912,0,normal
551,9929.379766901418,245.40811349863787,2.049224870153481,-1.0054890014910478,88.72379674920033,0,normal
552,9936.716233148589,244.83230416406144,2.0526428925719493,-1.9858172061694328,88.81862873509213,0,normal
553,9932.875509028816,245.64905023225032,1.999856382106665,-1.2448995024396383,88.72221048274132,0,normal
554,9934.024339697233,244.95423513143723,2.473555028194361,-0.910372359284652,88.53024902101282,0,normal
555,9931.01662944176,243.57630916786883,1.9474035411544963,-1.5309387033247708,88.63298033384953,0,normal
556,9931.384363380334,245.1142308588806,2.2831807542019567,-1.0241239868365202,88.39962464773853,0,normal
557,9932.412601495324,246.1009205273716,2.1526720768326704,-0.9171347209793208,88.8481198441917,0,normal
558,9937.307193486273,245.03822099040195,2.1622965954511826,-2.279888623273118,88.59613454153056,0,normal
559,9933.996017163076,245.85990648787964,2.432060193114149,-1.3554329316360698,88.81229926044229,0,normal
560,9938.32221049725,244.05858186856932,2.04776742071088,-2.19408257866074,89.23786824594663,0,normal
561,9948.02904946536,245.0991288391071,2.233548804850713,-1.386941448220579,88.39836145462142,0,normal
562,9942.792612992149,244.52410723457496,2.094238747899168,-1.3725424022197297,89.06708747995508,0,normal
563,9937.597972066762,245.9207670752948,2.0316031115505866,-2.1328330996382068,88.80116688449472,0,normal
564,9946.031336731416,245.23237676413584,2.497126547669473,-0.8270480909590466,89.81110214220229,0,normal
565,9938.78806507179,245.91997742682616,1.723897391295527,-1.333860598171926,88.70841867450622,0,normal
566,9931.44691118381,246.3485407001625,2.2449947171572093,-1.688260507984351,89.18033296876952,0,normal
567,9937.41203042589,245.9852709773434,2.0934843452410656,-1.006537686639043,88.85672596548756,0,normal
568,9933.919185201974,245.60147544102165,1.841427188025427,-1.996132078859052,88.17131064198531,0,normal
569,9942.341932851768,244.3667179476322,2.2384816821446734,-1.836184415573008,88.62164545767993,0,normal
570,9945.023537636183,245.40057126100973,1.5185001574288943,-2.1659341647234336,89.33886446751893,0,normal
571,9954.151084579413,244.91053273095736,1.7595526859824278,-0.9431199626423492,88.69903073005652,0,normal
572,9948.246410229656,245.1416474275616,1.5983335782040855,-1.3897306341035482,87.8221073097969,0,normal
573,9946.364484837768,245.1550711400646,1.898970555289452,-1.2962746419744255,88.93349824117398,0,normal
574,9952.460483466177,244.5953617208609,1.570923405142293,-1.4071108573246196,88.42010096222963,0,normal
575,9938.116415705032,243.66540053742384,1.857647429704858,-1.3272493786954502,89.04935071129984,0,normal
576,9951.213884478851,245.00379875513144,1.711818066325402,-1.4765755318774516,89.77628977446521,0,normal
577,9954.758853473177,245.91625509785663,1.6319323760544824,-1.4179916845268816,89.40281920547625,0,normal
578,9944.385221596607,244.4273432356924,1.7849107792195118,-1.464907057684049,89.80389097088013,0,normal
579,9958.375370507842,245.8455368883408,1.63356706483034,-1.6763382632110064,88.77237599511389,0,normal
580,9955.232264096096,247.78612544946745,1.4504560892817084,-1.5029765002703503,88.99921247435472,0,normal
581,9952.351170239015,246.96656155603148,2.210178693644417,-1.4007990582332843,88.56633409776651,0,normal
582,9958.483904089988,247.6463170294363,1.5350667543697822,-1.4422665642560195,88.7643781726691,0,normal
583,9967.570311962709,246.4547727532813,1.172493028335758,-1.9099890137760407,88.6608945373306,0,normal
584,9958.027410141953,247.29359854493327,1.4320695227259144,-1.860059570714054,88.48900009272722,0,normal
585,9959.264701147516,245.46611734993704,1.3325069080868317,-1.1203065197400717,89.84340027698595,0,normal
586,9956.636510672864,245.6112590882105,1.737699232819568,-1.5245519979538482,88.13268615589811,0,normal
587,9955.597916912056,243.58347413425585,1.6243771074525777,-1.2430419026338422,89.88201222758984,0,normal
588,9964.916656683576,247.57724570482912,1.6284652562529751,-1.730824684404214,89.8383290144772,0,normal
589,9957.406320782333,248.0013536127899,1.4645222813276897,-1.8285989040963853,89.48363113597699,0,normal
590,9962.970164703072,245.9791973307672,1.473614246417139,-1.6219526584462909,88.6949930362925,0,normal
591,9961.153378623743,246.35115481679668,1.4474316406609606,-1.4166298355915343,88.4797457614298,0,normal
592,9966.869543129927,245.92533426870853,1.4987084963193134,-1.5291742606486838,89.01529103939214,0,normal
593,9967.079485177252,247.13726807025287,1.6765554715397717,-0.920027391228595,89.6207837211863,0,normal
594,9971.53886387544,247.9562633113757,1.5724715408738017,-1.2317484365940294,89.32855510180333,0,normal
595,9964.744436518751,245.1665424649338,1.6022832993994458,-0.7071648622730852,88.82414062271314,0,normal
596,9966.89176871633,247.3979728752153,1.6004208791763657,-1.115629445775612,89.93892526018418,0,normal
597,9964.29712555285,246.792287024722,1.6768944161804762,-1.934709408317325,90.226010546726,0,normal
598,9967.922359450262,247.2639500176772,1.5583824929761436,-0.8670341839377953,89.2895769330055,0,normal
599,9972.986195427287,247.69228619641189,1.5745165139530908,-1.6085492734582896,89.47666231103996,0,normal
600,9975.843393263334,247.128932971225,1.7437454361922005,-1.0573207699941125,88.68674466178739,0,normal
601,9968.40917490896,247.29846488191723,1.3774470751408636,-1.328669414148918,89.25320667254246,0,normal
602,9978.332280457482,247.27413203776047,1.345003417942796,-0.4222476494212044,89.73490500613956,0,normal
603,9981.72929103132,248.5452836407208,1.285872657469303,-0.6010198614677889,89.67645030487473,0,normal
604,9977.987632002702,248.08165761336835,1.5677370425739112,-1.2223541725466058,89.26457522512683,0,normal
605,9986.27620023285,247.9723462150644,1.1696767046543866,-1.0040242611146466,89.40072266916299,0,normal
606,9973.997349616646,246.57057524527383,1.643271697933258,-0.857577350351857,89.33372054397101,0,normal
607,9972.619309889706,247.55357487262623,1.5405426495299717,-0.6362345620900233,89.43761931126603,0,normal
608,9970.927385679866,248.92227853623464,1.8019434170245483,-0.8500095496958432,89.8080371397468,0,normal
609,9988.28162988445,248.1535512389736,1.4543284635772815,-1.1289471113956215,88.63225962385553,0,normal
610,9985.05557785456,248.86838505840493,1.562772723187856,-0.9987304762001132,89.59850023405185,0,normal
611,9982.489989073889,250.06908074679257,1.8435927040540907,-0.7460866024980373,89.83034601638163,0,normal
612,9985.153641610084,249.43556932311213,1.912446745439834,-0.3350139315118451,89.38983362674915,0,normal
613,9979.113863898652,248.5851570923664,1.5173669829209375,-0.5369738602238308,89.45515966072044,0,normal
614,9997.95910554626,248.07664826562583,1.7081978684285382,-0.8567251418241036,89.48940969255577,0,normal
615,9987.366915024624,246.1302914471151,1.7499898083313616,-0.3890020875501861,89.49489119552638,0,normal
616,9988.25957446237,248.61218617408173,1.7858731589013637,-0.6578975064073266,89.75719389871209,0,normal
617,9992.334453713149,248.5517764094239,1.6793858042680594,-0.2324802017898589,89.83861379087996,0,normal
618,9992.104816285171,249.36582177779752,2.00960618214634,0.30114958217149,88.7437382444129,0,normal
619,9991.814369795124,248.9196268386951,1.397433919967916,-0.5215411672457813,90.14033917921076,0,normal
620,9987.738687441024,248.85159406332164,1.7137551303782508,-0.1299789446870252,89.68882175219152,0,normal
621,9995.045342435556,247.49135844665065,1.9106788263865853,-0.550312339420459,90.82024160073172,0,normal
622,10003.095795257714,248.4298594897332,1.9360963198426824,-0.3163133143161111,89.27788918605742,0,normal
623,10001.41107655904,249.9458003620796,2.139150131898943,-0.2294509907581707,89.46002227218813,0,normal
624,10003.648744612325,251.28459128800097,2.1325188084923155,-0.251895795871147,89.81220174029092,0,normal
625,9994.125999963087,249.5708651294984,1.860308568751765,0.589816786284235,90.1402542917479,0,normal
626,9992.73365289947,250.09604108256715,2.2021407212375026,-0.1962276967170104,88.9782498763295,0,normal
627,9998.05257288615,250.820640366601,1.8242522561936143,0.1167370511169799,89.5590801236749,0,normal
628,9999.96009438213,249.1572532074615,2.1782145452583186,-0.5933597249549007,90.28928947670065,0,normal
629,10006.152421599832,250.43495886167847,2.379137931316231,0.1602629505438701,89.53956730693328,0,normal
630,9993.21906689986,249.4276251297736,2.284976049216868,0.4182504094158908,90.7186409891568,0,normal
631,10010.328899549091,251.1328428484564,2.087990150561452,-0.0377431864096585,89.82668115961125,0,normal
632,10002.890598249687,250.51921742798623,2.0251621101358697,-0.5877371155730179,89.62392615418071,0,normal
633,10002.54535412293,250.7659150432373,1.81025264887246,0.1983787210512955,90.39871731834816,0,normal
634,10000.617891354406,249.7843265019996,2.2022420124673525,0.259585169121851,90.91737695802638,0,normal
635,9998.402215792828,251.3731925667105,1.9409035538187287,0.5158793216970885,90.34172811241508,0,normal
636,10011.789770349062,252.8498417808114,2.028723199101944,0.9458857385983304,90.78369304819668,0,normal
637,10009.037158156942,249.85587977529065,1.972135826329715,0.2722484240753462,91.01172903673849,0,normal
638,10003.216547664437,250.6223495691385,2.140615771646148,0.1726801614432352,89.73239770329906,0,normal
639,10004.185775517804,251.29164832641857,2.248927992569885,0.1224067564719509,90.68241905459224,0,normal
640,10009.975996988598,251.94395533750352,2.3304362568539863,0.5743959783393229,89.47136315504922,0,normal
641,10020.992613736087,250.69504810925903,2.1761143389287985,0.7008055268275397,90.465401388086,0,normal
642,10012.340870237342,248.51810755241644,2.529834347782479,0.4348282250974126,90.2371175946258,0,normal
643,10007.113069241756,252.80633034761172,2.293308715938998,0.8731166293882778,90.91405078166794,0,normal
644,10014.388562833892,252.3030711468741,2.1955402419370635,0.819538473521295,90.89847131957885,0,normal
645,10015.24059273776,249.8944246652018,2.4155956151535243,0.7326923171420208,90.61697588699712,0,normal
646,10004.10504939674,251.12395564526048,2.779374511491876,0.4881502518489407,90.50100360197038,0,normal
647,10018.30152137021,253.3931665212308,2.469056382677141,0.6527842952716242,90.62564425241692,0,normal
648,10018.39997885901,253.36551019552093,2.3438086171791688,0.1061683670452885,90.42197846588935,0,normal
649,10024.015383692522,252.9483164251599,2.124202212203666,0.9428309129489808,90.38008916681515,0,normal
650,10030.756779283509,251.9247227501733,2.398052747578501,0.9162121912036322,91.15152906230183,0,normal
651,10028.120319714892,252.27414107853505,2.500056957262025,1.0002510952810248,91.23119480118216,0,normal
652,10022.116298142037,252.1496698979369,2.38555883208915,1.1295514230385084,90.39838523304506,0,normal
653,10018.899013024144,253.49736532179864,2.13884431442688,1.1276701205975164,90.60745105286246,0,normal
654,10038.266899413253,251.580865348874,2.309474838575853,1.011566013768346,90.54882962032644,0,normal
655,10026.662110407353,251.73750766697768,2.7769635630289184,1.0910985318479691,89.72147114377697,0,normal
656,10027.398945957266,253.63916418617225,2.7781091394281625,0.6860515691817175,90.37836820114802,0,normal
657,10028.1692224154,252.6690589005107,2.3180061561938974,0.9620821386740396,91.36564905754304,0,normal
658,10030.237991046826,254.17533313619813,2.6326723218173163,1.1811680849356436,90.21006340734384,0,normal
659,10029.480559843054,252.2076802894646,2.2639483387714523,0.973049787119136,91.66131896920412,0,normal
660,10028.285826316936,252.9055892131973,2.780819186452624,1.478555845022422,91.20914588182144,0,normal
661,10029.368500706129,252.1179455582248,2.5480465045075085,1.0485273511783193,90.84280498351968,0,normal
662,10032.884477869453,253.1264960911452,2.686723801063504,1.3354935468759512,90.94138652739883,0,normal
663,10031.27326437618,251.71811372759976,2.150331268287971,1.32891311261459,90.2212044164695,0,normal
664,10031.364904319287,252.7852758768763,2.624198676581107,1.54000372398619,90.56596828854111,0,normal
665,10036.39653648774,251.9115949460549,2.48123633828546,1.6073504088787909,91.43798726214648,0,normal
666,10035.521164970136,254.115372462439,2.646050183551558,1.5651121392293348,90.428656351558,0,normal
667,10045.244002133668,254.2102704531992,2.650342234181722,0.7436686742604801,91.2850466222895,0,normal
668,10025.393401910023,251.83425284128333,2.47106173934036,1.7510453271760955,90.08444492432125,0,normal
669,10045.026134179943,254.967810016894,2.32713047697808,1.867070271344018,90.19229279216916,0,normal
670,10046.715418024149,256.19929457618207,2.591509236520487,1.2790495451753994,91.76039217402636,0,normal
671,10031.030384575475,253.81436031244525,2.410723997331146,1.5082087086084517,90.8220281416302,0,normal
672,10040.592101743898,253.1922068501047,2.234326136557692,1.1821995389398705,90.57686085078882,0,normal
673,10041.352308842386,256.7210856086189,2.209958916146792,0.8758654928281606,91.54556067694678,0,normal
674,10037.071607241533,252.63966177654893,2.082677946130555,1.2483802244860576,91.50509409178416,0,normal
675,10041.115323940106,254.0390285996272,2.259228984277955,1.3162459555085964,91.36046543018983,0,normal
676,10040.34226941044,254.2572287480285,2.5640989823172453,1.3787949520218514,90.63295401304931,0,normal
677,10055.542652637976,255.47980745026464,2.3605411674453927,1.2032018236024111,90.79216722044832,0,normal
678,10052.341166078628,254.5497983505508,2.1996240319466898,1.2751326919214176,91.10906989412015,0,normal
679,10054.8972570422,253.745149057364,2.4463873416031987,1.4947969935429677,91.3179893024182,0,normal
680,10053.019695434075,253.3446247038945,2.0980460187153342,1.2686212552809613,90.73398491526795,0,normal
681,10044.632988712072,254.00429510881344,2.262075371432212,1.6629874909723277,91.0909335066735,0,normal
682,10048.517530908195,253.38775903406733,2.184935828789509,1.7033193916900304,91.15649829519062,0,normal
683,10054.443775746566,254.4893233647871,2.353992575485557,2.2104796872743773,91.68332293699616,0,normal
684,10046.737834949832,253.92233697513305,1.859530010294431,1.830262884190715,91.43420239435342,0,normal
685,10057.259752395665,253.03573591825256,1.9813080213402268,1.5603421609114516,90.32049438247836,0,normal
686,10053.33405007324,255.82634820737755,1.7996920346031076,1.2948457235500508,90.98389838703793,0,normal
687,10053.497036323251,254.1131301830149,2.0510971313809625,1.5612302546381245,90.64303112222828,0,normal
688,10059.75586643109,253.38042192930388,2.320719798250691,1.561940177683855,91.40806504210732,0,normal
689,10059.246689316757,254.5161962661132,1.9525666324788664,1.2995053371439658,91.602084130439,0,normal
690,10056.039145609726,254.78684991318812,1.926606951413332,1.676848505779038,91.20765752158152,0,normal
691,10064.453444785697,253.00414723983465,2.178104444153995,1.0092320463918387,91.03907240006356,0,normal
692,10054.058432830232,255.1124970684871,2.1924758943325844,1.3409881653044144,91.22385988588266,0,normal
693,10063.34443487692,253.762014992602,1.9361112664970568,1.565439537088719,91.30975477358282,0,normal
694,10064.02524408054,256.5466009255109,2.065943360322977,1.295521918952536,90.9011449299555,0,normal
695,10060.300880619732,255.38399801905163,1.688961852949933,1.3016424819596568,90.62761670594136,0,normal
696,10064.261968143375,254.4826589573172,2.155539067808192,1.3029774745112186,90.22755653936564,0,normal
697,10057.152162287992,254.15795965908168,2.2855769766817007,1.073067499371882,91.9017456692678,0,normal
698,10068.797951683528,254.8167670182104,1.936330728629174,1.6541615060256545,91.53173945356734,0,normal
699,10064.016974594677,255.5511641354642,1.3918927922469226,0.9736515757296044,91.48008521120992,0,normal
700,10063.085044769285,254.92754264988915,1.6742626127723677,1.3504312560270495,91.94657264141404,0,normal
701,10071.694310784813,254.7485602072592,1.8861583951624856,1.3538690073832529,90.70125128826636,0,normal
702,10063.671506115572,255.0347853197385,1.657572290526764,0.9188725334634932,90.47604905343822,0,normal
703,10060.888158732663,254.3812616125481,1.975229353284488,1.1979918141056578,91.55072526254918,0,normal
704,10060.877767003143,254.6486261500562,1.8180397282800405,0.8747139448309714,91.519853945137,0,normal
705,10072.414544249705,252.91075450483456,1.539480631485274,1.5354266322580397,90.52203648502316,0,normal
706,10063.698990961078,255.97298948927457,1.668394044460366,0.7459830747049226,91.58178328554143,0,normal
707,10079.58474180871,255.2987777147792,1.4651847600825356,0.859974110836519,91.21610394177598,0,normal
708,10061.103676016515,254.2252408411508,1.5903346864950536,0.6564505622800939,91.02672243124992,0,normal
709,10080.691005781822,256.8941490052408,1.499765948570876,0.5830619952477472,91.27746262466624,0,normal
710,10073.951991348602,255.0771497439742,1.8304429769406545,1.4334984814900462,90.23717379479253,0,normal
711,10073.094228895798,253.9467129445317,2.004510111290255,1.0838681213487755,91.17586877740702,0,normal
712,10071.526731745536,255.83032411473303,1.2819336290063716,0.9271967018556032,91.1328792588495,0,normal
713,10076.91311540493,255.36037571816388,1.171470981009862,0.6514120020481087,91.77689992013146,0,normal
714,10075.38787729358,255.34366343069365,1.4961321797129588,1.083181561955294,91.43240594785864,0,normal
715,10081.743618646224,254.50810421672148,1.231672796616094,0.5254144609372986,91.84397662156226,0,normal
716,10077.441683262488,255.3671584431701,1.535948897591702,0.9718607942337796,90.26264122801516,0,normal
717,10078.257802619077,254.63574072765687,1.6690274271657997,0.4324430935628571,91.1305767649498,0,normal
718,10076.316230978497,255.4323178337017,1.811803860519202,0.4606469066196075,91.84068436657702,0,normal
719,10078.469748784664,252.94835880668768,1.5482069771299838,0.8406981185036052,91.42065722277884,0,normal
720,10080.905795229375,254.3944154197672,1.4654795283085262,0.8310239407291453,92.01006599418548,0,normal
721,10071.420317290778,256.52349835142587,1.105855563167922,0.7092653029023449,90.69712173038658,0,normal
722,10073.826607963394,254.0054096958043,1.5054374585607584,0.1727918879522272,91.97690612132315,0,normal
723,10084.872174677528,254.13786382407,1.5143750017121562,0.3109078711163257,91.30354747525575,0,normal
724,10082.590385013757,254.26106913584508,1.6290754791157251,0.4488269580404813,91.266622614271,0,normal
725,10081.388171219389,253.4596691417348,1.3619995926213753,0.1034428974713466,92.14168528148674,0,normal
726,10082.964056904311,252.429769576938,1.420340288032227,0.7256634841587837,92.23838830975792,0,normal
727,10085.16530798396,254.369183871884,1.2166353185838283,-0.4503448729604067,92.18589783718669,0,normal
728,10081.275770603352,254.695509764952,1.0600813263863065,-0.0077612873298305,92.69881234262208,0,normal
729,10080.621817538711,254.4652015434525,1.3039484871590732,0.0284087142107075,92.3236686275361,0,normal
730,10086.022888338346,254.32907729875464,1.220076393222044,-0.7166494751317585,91.30315494939096,0,normal
731,10080.67361477658,254.47145645757192,1.6111420694064191,-0.3272030265890973,91.78212863736093,0,normal
732,10088.120002568465,255.4039454771014,1.450971116628198,0.2343021614723849,91.54147582155534,0,normal
733,10078.07047309179,254.14159385526224,1.4588620928050648,0.0108079532799133,92.74621275223411,0,normal
734,10092.225163355735,253.70716074148825,1.3826220008889067,0.4286696730713564,92.29402268073152,0,normal
735,10089.929658771354,253.94760867082653,0.9470376344103116,0.3753417454678663,91.65689335882904,0,normal
736,10089.325349626872,254.7538803153307,1.910274892974185,-0.0031879318580763,92.19985891798255,0,normal
737,10093.42838102432,255.53069007621383,1.424598925292587,-0.0838862452039428,91.15419928893532,0,normal
738,10097.303172057347,253.43300169023385,1.5591474744496898,-0.2026742018525043,91.90464686552346,0,normal
739,10094.499626384732,254.1009370441405,1.368527248577776,-1.063373761146214,91.31959427489129,0,normal
740,10080.666438424503,254.2796177788125,1.872617002009627,-0.7293724849079608,90.95312009130956,0,normal
741,10083.90697126294,252.88636295832748,1.7264462275074357,-0.3246775719325928,92.19836524069729,0,normal
742,10087.60577931324,253.8354872357814,1.552772331321695,-0.2136287339432217,92.26889299162814,0,normal
743,10091.27627064626,252.2839993375781,1.6605891540709017,-0.3547331607230787,92.05152262601013,0,normal
744,10094.140939185454,251.91372619824955,2.0963130251307667,-0.7521738115916958,91.73956936137893,0,normal
745,10088.32159851713,253.9811531554521,1.7683233014568678,-0.2455766952578085,91.20582702423474,0,normal
746,10093.272629949935,253.16071653729247,1.7693532214131504,-0.1239555469297687,91.2661024871924,0,normal
747,10088.941126207776,253.675638428057,1.6406920217998218,-0.3286702695315991,91.36972082752146,0,normal
748,10090.030424869752,253.38284048834257,1.4737479691554105,-0.3540167255483365,91.74492363183175,0,normal
749,10086.415372691825,252.35035261275868,1.844720607527076,-0.8589078756807369,92.40706293032376,0,normal
750,10089.18383144692,253.20618489882125,1.9661976226466924,-0.4079815318805245,92.4062020590888,0,normal
751,10087.3835142292,251.94172390280545,2.1456369479798645,-0.7259981730221711,91.0585549453392,0,normal
752,10089.59509645693,254.4879136851037,1.5008258643249242,-0.6545304011601676,91.54287258607783,0,normal
753,10100.065749801845,251.6618483662856,1.7504346832367197,-0.735911658950077,91.53587030659018,0,normal
754,10090.364144796553,252.7417037369728,1.8842958602915687,-0.9187705654920316,90.6364312205636,0,normal
755,10108.577136952135,251.8137127602527,2.024736928485013,-1.17631436602366,92.19136500603398,0,normal
756,10098.176362076443,253.34375850635928,2.0213518101905694,-0.9781173919034166,91.79111553928158,0,normal
757,10096.918928237108,252.3581496484597,2.0508203915103813,-0.6917526125467613,91.86332368405716,0,normal
758,10091.97833436955,252.0860821903154,2.1813890643333824,-1.1536396080250937,92.59833799459696,0,normal
759,10100.037421387224,253.3720764803492,1.94347358176272,-0.785689448037326,91.97487194644576,0,normal
760,10093.91377807196,252.4614240359465,2.3350125778014315,-0.8641209328810658,91.72047411157996,0,normal
761,10097.648432373284,252.8607836342248,2.258556479580242,-1.205495215749897,92.22680647650364,0,normal
762,10110.075518330845,251.27402137137065,2.1311516648283573,-0.7287416708538649,92.4749378360778,0,normal
763,10097.02178105182,250.76083637470765,2.5380641487668,-1.2805826423719393,92.09827539403348,0,normal
764,10103.46568196601,252.18230105896984,2.551385597333483,-0.7485350737661421,92.29898110604071,0,normal
765,10094.41089614299,251.6648565101584,2.4483011701553608,-1.097560351495561,91.88575174050096,0,normal
766,10097.949506153953,252.5179538521331,1.6789762849549557,-1.2578525991743748,91.92156009894887,0,normal
767,10107.16630975934,251.7186704585908,2.618735625687227,-1.5435999164600351,92.02275648677264,0,normal
768,10095.35549811822,251.9099945744784,2.481400070966824,-1.32675480277998,91.59324619292678,0,normal
769,10107.72075407187,249.98719508433064,2.742425900355508,-1.3832516578742031,91.68913941845288,0,normal
770,10102.355583064978,253.4040287233428,2.60648021473253,-1.720269967304792,92.66527628866324,0,normal
771,10096.152920014052,251.2557577516472,2.6916016741741893,-1.4275145141369114,92.98328312580163,0,normal
772,10102.265826651706,252.0214266790076,2.567670313935222,-1.6215937619919971,92.77817471614766,0,normal
773,10104.09518397126,250.3910584922054,2.676704544610982,-1.221635883561098,91.32301955607822,0,normal
774,10102.460162142428,251.4379796746958,2.81980001119304,-1.0212722820792308,91.27709347933435,0,normal
775,10091.608754311666,249.72949264616423,2.4772433499681297,-1.7956823928321026,91.39384284224978,0,normal
776,10095.923011706862,251.3863599639596,2.131358827705096,-0.9270818860189692,92.05836767265946,0,normal
777,10098.409968296302,250.47989905293184,2.395071010575346,-1.4912094298953675,90.58858893330238,0,normal
778,10099.354293543523,250.7663103147609,2.544169394309783,-1.7557131684550795,91.70012843047078,0,normal
779,10102.898747828784,251.3360456763669,2.489609667258038,-1.2451261649905834,92.69945739140115,0,normal
780,10100.742839542128,249.3062279502769,2.2325852999101583,-1.6143096806574877,92.48830610611368,0,normal
781,10093.2265745901,249.75475764602376,2.161745217595978,-1.5114828420370958,91.74351860238625,0,normal
782,10101.843257238485,250.79687907896857,2.3445676156683506,-1.6134956492495536,91.78216763908374,0,normal
783,10103.024174166165,252.337945876282,2.657957723624358,-1.7411410020665947,92.2830457621983,0,normal
784,10102.789178094452,250.00171578436283,2.8148466636184963,-1.2814815526325374,92.46743889471806,0,normal
785,10105.403110958365,250.6309520368536,2.683214442221113,-1.5857834116291407,91.73341551274196,0,normal
786,10104.16779974173,249.83284632313988,2.711259094944773,-1.9307510543704889,91.88278076852,0,normal
787,10102.283071267955,251.7820893339037,2.482234067128881,-1.3329503266731813,91.71673855317628,0,normal
788,10099.615325583583,247.99271207870012,2.1473585010658773,-1.85710757606887,91.33364836212996,0,normal
789,10091.630336210252,249.73474881988705,2.400869507989114,-1.837229640743109,91.88883094354571,0,normal
790,10102.04222527964,247.9149217152996,2.4350698454730133,-1.12794641985254,91.84991891357517,0,normal
791,10100.881576595764,246.9344159595422,2.381104530874943,-1.8377698883444409,91.36654070520464,0,normal
792,10101.140052091285,249.63919496194865,2.4839452643883795,-2.1656101315891343,92.318683626925,0,normal
793,10093.327456638926,249.38223938178987,2.552599236972049,-1.2743034752125852,92.23588432967348,0,normal
794,10094.224987391846,248.85921621798093,2.6250667699204064,-1.5414912486323598,92.34046525230026,0,normal
795,10104.805141992423,248.9395130030893,2.3878522840261454,-1.5034938541131222,91.60675237678304,0,normal
796,10099.24075573353,252.04604216904525,2.050628440713919,-1.5191182532498249,90.99698279099896,0,normal
797,10102.735244996446,248.5920241276636,2.321630616781959,-1.3405557758594675,92.22022039501444,0,normal
798,10099.34861070562,249.2632400626294,2.412728781231887,-1.6198921965504964,91.65208401918454,0,normal
799,10099.225156218628,248.00716605454429,2.633319071091102,-0.9340070533400888,91.53619344380012,0,normal
800,10103.627243692215,248.8557159917153,2.258995011802853,-1.801236687102755,91.35018995592505,0,normal
801,10096.20515666242,248.2267780715756,2.4579332020679234,-1.2052086562052682,91.8380463420266,0,normal
802,10099.105661373676,247.9596355686931,2.39542157637402,-1.1251337045834002,92.7611647983046,0,normal
803,10096.143495807342,250.09484680506327,2.327320288855986,-1.523578504475994,91.7163726843396,0,normal
804,10096.102360470424,249.3596170551912,2.4849868473175456,-1.579550253066308,91.42059531006826,0,normal
805,10096.539122944696,248.2263895614792,2.146304900518589,-0.9428794974478028,92.2876663717558,0,normal
806,10098.995985958043,245.69340591757245,2.1423327685332128,-1.519768685773839,92.04411248188312,0,normal
807,10095.282119079253,247.5453844958608,2.233243521325464,-1.377888162767338,90.89386655990732,0,normal
808,10103.735420398312,250.5190345637134,2.085259075903544,-0.9019985934151874,92.28030595528551,0,normal
809,10092.754635259456,247.4958321809443,2.2920224162473137,-1.1290199203989522,93.00878731966186,0,normal
810,10096.0546228637,248.74110764006133,2.024437127550984,-1.6488109779055713,90.63951165797566,0,normal
811,10094.541936289808,248.9921735028624,2.1885744584012743,-0.5547770952174498,91.31695881961252,0,normal
812,10103.717417521077,247.68251592456423,2.0991588821170946,-1.206154094652646,90.50538701766038,0,normal
813,10097.197590327589,246.53606583001635,2.137760526337038,-1.1352917173259796,91.8866441185302,0,normal
814,10101.09670608663,244.85795939333207,1.978172062900928,-0.9041299683885295,92.4139427860914,0,normal
815,10088.222754799965,247.89390185217508,1.977472427203194,-0.7588602062043384,91.96576150820115,0,normal
816,10096.689316294403,246.3125656265333,2.039548482274339,-0.3227182780954187,92.6030791483575,0,normal
817,10099.496191916049,247.22220410008163,2.0357672164981966,-1.3729164473669369,92.31623590392364,0,normal
818,10095.14392613259,245.71614686659703,1.969529235570072,-0.590169429581227,92.74572378547536,0,normal
819,10099.73490313815,246.62185679637287,2.286533453855468,-0.5773571707350089,92.46825540931,0,normal
820,10091.486613417475,246.8431856431613,1.7225412818493888,-0.8029943588481728,91.6799895790548,0,normal
821,10100.775940046888,247.00170859154647,1.883273826683355,-0.486561974802932,91.9079472850366,0,normal
822,10104.87046779986,245.54324795582963,1.557074360760094,-0.4027106547275344,91.43318108589482,0,normal
823,10091.199221195468,247.78127295200755,1.922222473248416,-1.057215824811923,91.74494019551928,0,normal
824,10090.414036942671,245.9151252882358,1.601143287866229,-0.0767528459345269,91.8837468270026,0,normal
825,10099.527343409522,244.76660382770112,1.7453563885463492,-1.0278258081176146,91.802754758711,0,normal
826,10099.767927261626,246.2625266066105,1.7039287695085712,-0.8588022114184184,92.50852809381124,0,normal
827,10088.856224976147,246.3378534056308,1.812397085224364,-0.554287472388228,91.6643264709849,0,normal
828,10088.960902629093,246.39747415928147,1.6241472276158593,0.1446152843419355,91.35519352751278,0,normal
829,10089.23511916514,247.53392895523552,1.5947939211163045,-0.4820700068883691,91.37807532673727,0,normal
830,10083.494930820458,245.87179077059264,1.9808912163294448,-0.3555487259063367,92.13189380332383,0,normal
831,10085.188043166238,245.92661969100544,1.7312636851479708,0.12759082970236,91.09405685392866,0,normal
832,10084.315740532456,244.88263609374457,1.543584514776711,-0.3479205777268432,91.68613580224884,0,normal
833,10085.043664438264,246.7475607557573,1.5879326429754,-0.5669165071058149,92.44140316800336,0,normal
834,10088.246547533256,246.0541322376323,1.950379623030733,-0.2939242695266968,91.91469866227423,0,normal
835,10089.11952341577,245.3942633826071,1.5584314433652104,0.2872672725044591,91.72166630050236,0,normal
836,10095.220635228368,243.8557585805302,1.4527510143060989,-0.0578156723206792,91.73140745346672,0,normal
837,10081.987298831426,247.1526834033088,1.4397722997770073,0.5450885747965966,91.22479908458882,0,normal
838,10091.402919463904,244.43014581235,1.454169275232446,0.2322685391856503,91.30105879421318,0,normal
839,10084.904953628116,245.01783914778315,1.4334078550772806,-0.1375674539040156,91.6219071205276,0,normal
840,10085.212572260569,245.92050934316848,1.2858096563723345,0.1161350001277358,91.8448343312312,0,normal
841,10088.31043531138,244.3204296533122,1.3074764464096411,-0.1103071689734646,92.172801762912,0,normal
842,10078.790681221448,243.98009369870672,1.3581985959542435,-0.0101565676528344,91.73436613517092,0,normal
843,10085.7758531801,243.30808228754825,1.635312675004181,1.5786423687646538,92.35366317686068,0,normal
844,10084.147192299602,246.11328034359,1.4348940666254149,0.5848367888545168,92.4688976327755,0,normal
845,10085.21998296424,244.80919369160185,1.4650741306248365,0.5816598692903288,92.05278813912508,0,normal
846,10083.6380895457,248.24560476053,1.7571224946807062,0.1801664391386886,92.25633563055116,0,normal
847,10093.895047551538,244.28980693786565,1.7599467198014478,0.8814554310577473,91.1370141763456,0,normal
848,10077.84798566988,244.3304245878291,1.4436080782430512,0.7834950746768921,91.04613424447868,0,normal
849,10077.791735954252,244.65609543518207,1.3741977987458285,1.0608386911790424,91.86792110273028,0,normal
850,10076.733008630226,245.4361471957407,1.3290706857054957,1.0885217755527872,90.92636931931344,0,normal
851,10076.465331395051,244.69625606784305,1.643342998692532,0.1366112788411698,91.43966841780907,0,normal
852,10075.44186287716,245.754171838448,1.4679152668437252,0.288614487639534,91.95817192293872,0,normal
853,10083.952099877744,244.1405746516496,1.4368542067145744,0.3610988911849855,92.26682680678672,0,normal
854,10084.47995653395,243.7168470100738,1.3579311049964933,0.4191259772152065,91.42044088073598,0,normal
855,10073.886384218002,243.2814602351827,1.3744396637831842,0.8387847839351066,91.20983016608112,0,normal
856,10071.933344266356,242.8393051171157,1.6012723314629849,0.6104814193696652,91.68213325339336,0,normal
857,10077.799596910138,244.5299893584976,1.2842173948428732,1.4403729800427691,90.97207866080215,0,normal
858,10072.021256714084,244.7342378691229,1.75745464325488,1.427331666431478,91.40900811456306,0,normal
859,10077.279405656674,244.3929268041077,1.4639914000113303,0.890553230418008,91.47829490721982,0,normal
860,10074.454324891669,246.2589054669792,1.5541854398353423,1.514850398024996,91.45480219941284,0,normal
861,10065.17860852216,246.23665945127425,1.3311088388073085,1.4096183812657586,91.49939831885186,0,normal
862,10079.805198741253,244.6689523078484,1.6114265743657237,0.862024690072943,91.02409602690597,0,normal
863,10080.35019803032,243.20695866699376,1.5645959545727115,0.4276332736702865,91.0639196969876,0,normal
864,10067.602866121166,244.43329873845744,1.6375285615215829,0.9972412919021464,91.03977806095544,0,normal
865,10068.017235060588,244.40130645071787,1.9600519538888928,0.9005228016780817,90.5890676876078,0,normal
866,10070.66700758458,244.3471163626907,1.7202508267678869,1.1861543174964015,91.55566877354218,0,normal
867,10070.184978641217,244.3116541342653,1.5455684819307511,1.180252598480546,91.8175826196716,0,normal
868,10071.073578902591,244.36302803987743,1.5827640331105155,1.200632834710028,91.75377219221131,0,normal
869,10077.09326505174,244.63906055432304,1.865269235621806,1.366012909057026,91.20959641692777,0,normal
870,10065.412186870748,244.40116199883127,2.027830900206771,0.8712429169820155,90.92043584043242,0,normal
871,10061.553487798785,245.258111786283,1.846904738347088,1.3833881826508465,91.68305680161086,0,normal
872,10057.88987445188,245.42522419185983,1.9512161633666427,1.1519419547043104,91.6151909230263,0,normal
873,10060.366838369648,244.17125057907865,1.9588398582046416,1.3665128043331545,91.3891400926053,0,normal
874,10063.08446958689,246.371968358734,2.144531579561729,1.6152566635657366,92.13715771523675,0,normal
875,10071.44518469301,244.14180767081865,1.4949751764194166,0.9810342029523916,91.23623514682484,0,normal
876,10059.100382616924,243.52698748574625,2.042799219926062,1.2830730363301954,91.10532379027966,0,normal
877,10062.01725381448,245.55042631785383,2.1307914261594574,1.3497772364167144,91.01805761558842,0,normal
878,10060.019984739443,244.37903233529929,1.691153116572667,1.2476864794000022,90.42160313115578,0,normal
879,10065.241840590736,245.5464455234613,1.8067205953694512,1.6872840081330611,91.51666746654104,0,normal
880,10071.126381418544,242.85210890930887,1.838694412827076,1.215311134098904,91.11709170220465,0,normal
881,10055.02337136707,246.68075453533828,1.8880675308623165,1.277611816093117,91.4085199253118,0,normal
882,10054.410746238116,245.99499770308208,1.9623722212264427,1.2427607789673687,92.05809787005975,0,normal
883,10061.253290308126,243.858504302984,2.13197949680027,1.793547660604099,90.92527383350328,0,normal
884,10058.610882641084,243.91833663118567,2.281128563327586,1.327073082782185,89.93502414546329,0,normal
885,10063.598380995289,247.1093536551416,2.348521795711911,1.6203679869658931,91.32783207208756,0,normal
886,10056.44246802776,244.7415069476197,1.9886279858571925,2.081279934388012,91.15388623696896,0,normal
887,10050.87899714361,244.6883094874375,2.010795792131,1.4709973011437132,90.68728221396528,0,normal
888,10054.77609474556,243.30184066963955,2.465995306280916,1.830591456748578,91.23508957965272,0,normal
889,10056.508519250689,245.2642857696065,2.3547673000540885,2.0005627285715097,91.4123481870077,0,normal
890,10054.204496551776,245.43626948773635,2.2640156271501133,1.8081480822976552,90.52873675781,0,normal
891,10051.770529932524,246.4301416732519,2.36351566191197,1.4944344401276404,90.83401726483808,0,normal
892,10053.694683981186,244.36794370564044,2.2836212576518475,1.6902419571160645,91.70560307558928,0,normal
893,10053.330103150967,244.3008020336344,2.4145088336291627,1.108183098390537,90.58886140836007,0,normal
894,10053.511986496474,246.32778966145304,2.2616146222057867,1.2558259196608663,90.96535870853263,0,normal
895,10048.957647241465,246.94094451291963,2.401003114228601,1.3025377489717,89.60207637304836,0,normal
896,10043.986842292474,244.42207576560423,2.06267915862253,2.148889929758833,90.15552590334052,0,normal
897,10044.65985381085,247.13535853338183,2.243865970143384,1.224367993685591,90.95728445624007,0,normal
898,10049.05829030392,246.1535810285354,2.261701695730843,1.210016146922782,91.47450881422034,0,normal
899,10038.03622467044,247.2715927986294,2.336914473407975,1.1338863677402649,90.16140321950704,0,normal
900,10043.05521506854,246.174843404624,2.2401491113111094,1.6025074211859829,90.86151900151376,0,normal
901,10038.331978810827,243.7895640796689,2.331338911485473,1.4635605305260275,90.61811450292244,0,normal
902,10039.525191501723,246.2281280598825,2.146665807592667,1.7317334251498613,91.26417337523722,0,normal
903,10044.85258310075,247.5099406194697,2.569666061343689,1.5907502109050795,90.16030482309294,0,normal
904,10038.490829528146,245.62717217425904,2.4526510328844986,0.9576715948044812,90.96574550794466,0,normal
905,10036.838773827025,246.20546620331504,2.1361673457025177,1.1107869384574256,90.40528647822669,0,normal
906,10028.874906650934,246.4911732296621,2.317105242096761,1.7425330326623572,90.8250027595299,0,normal
907,10038.469484066554,243.8430014472065,2.557043940705807,1.2507095225286575,90.7292298508826,0,normal
908,10037.026192230032,248.4903744468111,2.3855476428086613,1.6455606884699034,90.55008588941524,0,normal
909,10043.672220179797,245.99543508261408,2.3579569942198333,1.2208027380479487,90.89602485440008,0,normal
910,10030.370945060173,247.48157132044136,2.48437690080427,0.9506949224065117,90.66002309185018,0,normal
911,10032.05628658789,246.96936950260084,2.5687171146374834,1.1241816371622169,90.55280754795304,0,normal
912,10031.255056055064,248.3951019783816,2.2121795539646785,0.8978193895038917,90.4219544857188,0,normal
913,10036.940005933508,247.6260962963882,2.607679814381881,0.9905736264627047,90.61985398556648,0,normal
914,10027.617958521196,247.06878510124184,2.3345556584605336,1.191478156971789,90.67291049773564,0,normal
915,10028.528431040217,246.49494195934705,2.486752639578953,1.2546249578849384,90.04809542818695,0,normal
916,10029.208979878447,248.2721000147112,2.4777525333176578,0.5930380648072149,90.34865432763864,0,normal
917,10026.136099936226,245.68761053743552,2.3727098271294125,1.0328740768537223,89.9764681140933,0,normal
918,10022.00192295384,248.29472033647173,2.265482532247359,0.8291545697988743,90.46475910914144,0,normal
919,10024.233154308326,246.6385036761316,2.403993311230469,0.776765101622951,90.16908798444965,0,normal
920,10027.657150159324,249.0794555515972,2.7759602356394435,0.9763710888645144,90.83117140219112,0,normal
921,10016.180473098597,248.07896399653072,2.167195720093745,0.7358634542152964,90.76262448079132,0,normal
922,10020.99982486481,248.6531136924,2.765531284457225,1.2792628890747204,89.94532524809932,0,normal
923,10015.854265837104,248.1831005865401,2.3615949515822,1.1838844271133395,90.38594372553672,0,normal
924,10024.348061003282,246.4416160557128,2.406050341779044,1.144114062612389,90.68671484679736,0,normal
925,10009.773014014125,247.42686774425653,2.16607353628499,0.6024816702515321,90.26012481067886,0,normal
926,10013.608721100709,249.0542749404667,2.2126431158596884,0.4229184243235909,89.96395784433852,0,normal
927,10017.302131192046,248.64347733960287,2.248879318399108,0.6963499462854174,89.76211967231207,0,normal
928,10022.254891848215,249.7533565980187,2.122013032317536,0.5861048287231305,90.71567921483008,0,normal
929,10013.108277566856,249.0717574605083,2.270231505499764,0.4074627152226379,90.7200971515869,0,normal
930,10009.66944471724,247.79842980061423,2.2106951138452886,0.1957585964238435,90.14493504757708,0,normal
931,10020.85839664253,248.0662102783008,2.6416076223178253,0.4938992121016308,90.6121210181699,0,normal
932,10003.218565486282,249.0627896063133,2.016931171203201,0.3425537552997519,88.72656743482459,0,normal
933,9998.469583043516,246.74384198680417,2.2487135414398813,0.6272813231528442,90.85304958188694,0,normal
934,10010.667716561738,250.82971860845893,2.2552238044576485,0.5769329780745991,90.09088048359084,0,normal
935,10004.960557917191,249.69675160730657,1.9685555190666608,0.6639254192491452,90.22030486117882,0,normal
936,10001.367102604105,250.58106560418943,2.296493754641808,-0.0881191673442673,89.96920647196215,0,normal
937,10009.01683925578,247.87271158152728,2.0555737419626467,0.3657103281289493,90.80735488131944,0,normal
938,10005.69530341653,250.79738386438964,1.6125340757799242,-0.0173443754368458,89.55916018497571,0,normal
939,10000.656701896123,251.88399966331613,2.2184773178737136,-0.2099072184404297,90.8067720642996,0,normal
940,9996.07602055198,248.43144344023085,1.8383983845521392,-0.017182502708071,90.24768631137928,0,normal
941,10005.840028930072,250.62364370181115,1.827356303838988,0.3870905351581854,90.34088695373254,0,normal
942,10003.728800148809,249.95333106416103,2.149524182329849,-0.090195418861887,89.8449536035158,0,normal
943,9998.98191913143,248.50778559470703,1.9175140887580524,0.4461381826611686,89.33544637005832,0,normal
944,10007.711039841595,250.6450808512078,2.1455360620811232,0.0961881836014238,90.4348124799952,0,normal
945,9992.127639654003,251.08571664387145,2.1791451238934574,-0.2316180472649548,90.10526544530734,0,normal
946,9988.850898446835,249.7508026040292,1.7834136730919632,0.1898101367445872,90.61038221518363,0,normal
947,9992.019796912518,251.6175206276469,2.046558280649042,-0.0692564753753447,89.81269858513062,0,normal
948,9994.252672203116,248.8843350156745,1.712600214649883,-0.527131864363309,89.67999635624838,0,normal
949,9994.699116489646,249.1556161590649,2.2864428499003626,0.2660108129716588,90.56369250318082,0,normal
950,9991.278707664536,250.8859834439035,1.6777559245266611,-0.2577898133542516,90.8056448413251,0,normal
951,9993.248385152116,250.8734853246596,1.998551508625833,-0.3736960378025675,89.83443575157379,0,normal
952,9984.23448244641,250.2299013279249,1.939595277930432,-0.6793547556864045,89.43346484291872,0,normal
953,9996.716024759668,251.8540654446756,1.812130876968659,-0.111813136820713,90.1952094161808,0,normal
954,9988.09251829035,251.67294374079697,1.5935083060115078,-0.3530525755596533,89.64305520056091,0,normal
955,9993.096975446266,252.0973101108488,1.6767218814544411,-0.3615669589659445,90.04984133846689,0,normal
956,9988.23259406619,251.2126605660024,1.25640054276135,-0.7442057579736984,89.60074135949662,0,normal
957,9987.812552568075,252.03446892978275,1.7129010001751654,-0.3827914134401492,90.49258273855207,0,normal
958,9987.388889120772,251.08175728285104,1.7196686704781898,-0.3999830603402995,89.34105630186684,0,normal
959,9985.791407748844,253.676134257375,1.659049553438943,-0.9140600344813944,89.91132213023612,0,normal
960,9985.78093567704,250.9040288739775,1.021211435079655,-1.1777809934351535,89.40699545243798,0,normal
961,9988.229284710596,253.9154445433986,1.3472284983087084,-0.6168520576612478,89.49091716048827,0,normal
962,9981.584169723115,251.93788349615988,1.4362196111464447,-1.3011360001075147,89.40600345011192,0,normal
963,9983.166564304678,250.6195719217852,1.6306868045327008,-0.8206489588783489,89.9617349433814,0,normal
964,9978.19488651589,253.4544514176023,1.6178088989442658,-1.0367694308171236,90.03205285721346,0,normal
965,9984.86830616087,252.30272819025944,1.5145823773694358,-0.572526267909461,89.83222381613862,0,normal
966,9973.312146879,253.1175349332987,1.6654904581226115,-1.0906646802150677,89.47989043441333,0,normal
967,9984.727529429269,253.5789442523995,1.3241607470272878,-0.6744398385236492,89.5845465607951,0,normal
968,9974.553184083952,252.78077938300763,1.6436003263785544,-1.1937888889614032,89.94394026097319,0,normal
969,9966.63376948062,251.93734138209444,1.6098417168763108,-0.7714975763781337,89.94040869342803,0,normal
970,9973.46445943346,253.59104220345776,1.5849567272660336,-0.4843969639221134,88.11134093150135,0,normal
971,9968.457689022844,252.70078483546456,1.4688163093439937,-1.4529259426922976,89.30114786031801,0,normal
972,9975.107988688294,253.4695076731086,1.8683884567269948,-1.0738942745936046,89.30596602314726,0,normal
973,9966.686384178633,250.712426384372,1.599138267200376,-0.3648181801775387,89.73361636356597,0,normal
974,9966.766325065411,253.39449935426816,1.306339886634566,-1.1963537433885736,89.34655943577438,0,normal
975,9958.600376983046,252.3891135234529,1.550425806175849,-1.2235767816469725,89.72055330323009,0,normal
976,9964.840582613122,254.7599796577456,1.6532668664125865,-1.03022863167066,88.80271189867207,0,normal
977,9954.040040908982,253.80748541383863,1.388396766752198,-1.277979094828325,89.45321600857291,0,normal
978,9957.300630785505,253.5007101404131,1.7283559279856555,-1.8248350046829145,89.75450572478385,0,normal
979,9968.086403500984,253.8223124190479,1.5926147031826128,-0.9941635342317596,88.54849516974616,0,normal
980,9967.28108786806,252.411377247464,1.0546280060871946,-1.954716436474836,90.5238634756006,0,normal
981,9964.55079649903,255.10552658373524,1.5911657231322631,-1.4976332159484465,89.84391314023537,0,normal
982,9956.663807207577,255.54469924296296,1.4593048283773808,-1.0278965606504984,89.23065040969726,0,normal
983,9960.33916047475,254.01587998228044,1.658374437817946,-1.513364560754596,88.79735029148983,0,normal
984,9959.64267608767,255.28155854920885,1.7513316785556396,-1.6295226599456794,89.1056712005256,0,normal
985,9952.955870762327,253.1887188780882,1.61416490590158,-1.1713672443025476,89.2168550639715,0,normal
986,9965.355816338497,253.0259625099348,1.921888676722196,-1.7029220206442008,89.37710777499923,0,normal
987,9961.320982986292,253.92768064483093,1.5678302767768515,-1.825393738095936,89.88901385539828,0,normal
988,9954.929003914976,254.38382210387644,1.7442595064665067,-1.3861975086358858,88.88262726096107,0,normal
989,9955.27230381069,253.6154400538968,1.7969603066279,-1.5319327796630386,89.38411241110067,0,normal
990,9955.288324662204,254.606136877904,1.6340883291046056,-1.8573325591384555,88.4387136311493,0,normal
991,9943.150847607903,254.43207282877376,1.8277640412304703,-1.298983990246051,88.86039008183788,0,normal
992,9951.241410373916,253.18304101224376,1.572346045190835,-1.3552216357337212,89.23790436966512,0,normal
993,9948.189903613698,254.75413276245652,1.6268100594228916,-1.6056475773056027,89.37762774257816,0,normal
994,9945.71909234856,255.15116586556888,1.46959064606598,-1.5869259812064669,88.63792760962838,0,normal
995,9948.453985717651,254.5096898207987,1.8018044878273536,-1.3588643912848677,88.77679389563563,0,normal
996,9957.985228609872,255.539716256272,1.84062334512002,-1.1419797397338896,89.71021423730426,0,normal
997,9951.343419353405,253.21675724054745,2.0340369376566105,-1.5816830023005235,89.5437384107554,0,normal
998,9944.430905205878,254.9474307319181,1.9795280369351245,-1.2968483054721682,89.04996461162202,0,normal
999,9949.302580445352,253.3527271467331,1.7879033117023388,-1.3187607737797584,87.81047075416106,0,normal
1000,9152.594666093994,253.45064489540505,1.6331766356811803,-1.2182552483265998,90.16752405206628,1,normal
1001,9149.384719863894,253.9736879907694,1.9796607040142824,-1.462647531093084,88.88526524815796,1,normal
1002,9144.22888963602,253.70060942566627,2.1397865261193623,-1.7392039027729504,88.7223312267177,1,normal
1003,9139.870847114476,254.13086756929047,2.0934240218998825,-1.5940030956449598,88.60093065713303,1,normal
1004,9145.777130187147,254.49903537314032,2.184177670041104,-1.3408347812943395,89.03390379098114,1,normal
1005,9143.439694512805,255.58277725457089,1.9498811743087567,-0.8852897545655005,89.02273664629939,1,normal
1006,9145.140340376922,254.45500262808852,1.923931550659276,-1.5618855525067994,89.2886014220989,1,normal
1007,9143.038273489405,253.21916445759408,1.894828208219714,-1.159819113881651,88.33421720744538,1,normal
1008,9144.314231970242,255.9715646564255,2.055876820500113,-1.4829869283045036,88.62508192880225,1,normal
1009,9135.600439550872,254.01918078757708,2.0760179844234146,-1.3334979929591195,89.78080517378562,1,normal
1010,9144.079905438884,254.8203821617303,2.1575224065355654,-0.8928583390569567,88.86215401883923,1,normal
1011,9137.70350329061,255.34651918743663,2.1144877199380963,-1.097815694845517,88.64804791867957,1,normal
1012,9146.320708183444,255.11851326281976,2.137431200980348,-1.677925052983999,88.24807919361452,1,normal
1013,9131.73376878928,256.03003506030626,2.032217165535647,-1.4545346865721955,88.95656131050495,1,normal
1014,9143.10131293016,255.4298370481508,2.398810215781684,-0.8820282579877088,89.20393898680791,1,normal
1015,9134.659391662217,254.1025224494824,2.248194356047964,-1.191300810200615,89.11069057780291,1,normal
1016,9129.667724518344,257.1534068609646,2.219824181698161,-1.5523754260256164,88.52909585892387,1,normal
1017,9129.767069620311,255.17820093656024,2.126412693091931,-1.4261814212524269,88.82435611749342,1,normal
1018,9129.853227797388,254.84355655231084,2.030011894175942,-0.9411575621284932,89.46492900509149,1,normal
1019,9132.851114064591,255.9598552155312,2.5777424953450567,-0.8245555584725881,89.15004683273736,1,normal
1020,9132.626708680822,255.24841544664343,2.4460423295480487,-1.087184561302741,88.20816925371625,1,normal
1021,9126.43327681757,255.3992278827421,2.0284583385486954,-0.3186263070838188,87.31303300443452,1,normal
1022,9128.476319235975,257.4912189442828,2.523114765542791,-0.7816990071728167,88.72034809748774,1,normal
1023,9138.61289948164,254.72094922598097,2.571300914967691,-1.0687873251513371,88.9573150171458,1,normal
1024,9135.84992881553,254.6733471071242,2.4270314706431426,-1.2063570052500263,87.9996320133639,1,normal
1025,9128.711775307893,255.10072748340647,2.736124809418664,-1.2191472530080565,88.52620837812901,1,normal
1026,9126.045465267936,256.0467122840933,2.473151903112951,-0.7902583850520595,88.38525942460534,1,normal
1027,9125.788309821684,253.45771968323567,2.158674317421544,-1.0009189780798564,88.55590622487796,1,normal
1028,9127.595929485082,252.9857695515674,2.5261990041959974,-0.3147950222048917,88.21821864886874,1,normal
1029,9118.76211033192,254.34930143788105,2.5121381682977404,-0.3389217201254116,89.12277696197224,1,normal
1030,9121.944536336525,253.2856105140338,2.3513351866069288,-0.5500915281859994,88.53861282078921,1,normal
1031,9114.251521314109,254.475851142363,2.594362431564518,-1.0542406153627195,88.01238039058754,1,normal
1032,9123.961320447705,255.3823709951591,2.152574841914097,-0.8621072559798832,88.8980351734904,1,normal
1033,9124.579751098858,253.96635936116323,2.689463475026282,-0.2430438143740148,87.79478163001106,1,normal
1034,9118.314271211832,253.40557579509047,2.319739863818434,-0.7474146793838448,89.05685125923414,1,normal
1035,9127.99449637635,254.875100784226,2.30115092198726,-0.2000794403281589,88.89802096330928,1,normal
1036,9113.39808075864,255.6397461163915,2.47690604407916,-0.3520849111154768,89.08542582913346,1,normal
1037,9111.61542842839,253.05175738516795,2.586547518406645,-0.4362498640000743,88.29962287036795,1,normal
1038,9119.478061880189,255.5345927848582,2.5317700578123263,-0.6195076565295266,88.11905906585608,1,normal
1039,9123.017958610084,255.4974104718609,2.348238520988645,-0.3934557844633796,88.39766022240703,1,normal
1040,9125.636991548725,255.5980612725428,2.392095937781865,-0.2644844239813622,88.30212866865094,1,normal
1041,9114.366095967203,255.82447075897224,2.26201574084468,0.032475899245608,88.00684220284926,1,normal
1042,9121.505419517647,256.7681765076693,2.437777338238897,-0.4986638717587647,88.04542864994698,1,normal
1043,9115.379359800483,254.16841616914783,2.6906001378075755,-0.2672360325011594,88.12825161932652,1,normal
1044,9114.17709518521,254.59061568964088,2.4664371416654323,-0.1302222891725666,87.71580279047835,1,normal
1045,9118.935356815306,254.0193492102137,2.629698433471713,0.0999853221531598,88.62932278735711,1,normal
1046,9117.26404518595,254.39073376620195,2.7382774028601213,-0.3264175131133448,88.25390004709213,1,normal
1047,9105.614443360226,255.8728441108143,2.31785722436003,-0.4038606896724977,88.11573884828613,1,normal
1048,9120.381729532544,252.9444341745425,2.3853216448721386,0.2382962539334402,87.70480347520741,1,normal
1049,9119.410808218136,253.3761611673314,2.84299386437752,-0.3743140594372703,87.67002054011425,1,normal
1050,9108.902610495285,255.5604591291849,2.682721295888048,0.5114555979662707,89.20856550541787,1,normal
1051,9913.538311109744,255.14770879726493,2.04348460323737,0.1239615057705968,87.91755713742039,0,normal
1052,9913.567157810654,253.7072837273471,2.4385633495894377,-0.2488959920659649,88.52720433468946,0,normal
1053,9911.946979370268,254.865932347208,2.343511216681454,0.1156674519334546,88.29418944577304,0,normal
1054,9907.44762399831,254.2922566018504,2.4900970530148503,0.4177269961829599,86.8163887647967,0,normal
1055,9906.405552164428,255.38924541800645,2.156406043054481,0.1881023981064538,89.09149879165165,0,normal
1056,9909.209441443643,253.899854916008,2.117312142410552,0.3975313691624783,88.52878622536007,0,normal
1057,9914.783465892648,254.78582186210468,2.1291387580320147,0.6568033305958905,87.79456133877461,0,normal
1058,9911.229538509097,256.3355420590115,2.1284255315427,0.4169888241451158,88.15604750250765,0,normal
1059,9906.259331785448,254.22349234104007,2.383727512187536,0.2389648766065062,87.58765638521575,0,normal
1060,9911.58095139196,253.6051342803248,1.961722340461141,0.4723551962626358,89.06755939600495,0,normal
1061,9893.099026805728,254.2072437532525,2.050244888023423,1.0279648449211498,87.69300594405682,0,normal
1062,9912.71411622969,253.0471126910853,1.7933334546865751,1.1499513953048175,87.87786375620928,0,normal
1063,9897.909569546597,255.72659312415,2.3285500011190163,0.0787935818589974,87.76738222973592,0,normal
1064,9904.443123554454,253.4435929200041,2.3570052100875287,1.0518029010659835,88.165296265334,0,normal
1065,9900.31354299838,252.9141796605257,2.012800313354582,0.8386099412124483,88.80339609949985,0,normal
1066,9899.10445803529,252.27374027147616,1.993845439125496,1.079144370706559,89.00624453282546,0,normal
1067,9911.057414427944,254.1277220335956,2.119166444653877,0.6744653289785922,87.9055675377099,0,normal
1068,9902.599664154648,253.8175496599792,2.298433927475613,0.3460394003425502,88.2878928943831,0,normal
1069,9906.36508534378,252.37168817533845,2.060266295342721,1.0879829284766966,88.13360402500457,0,normal
1070,9904.101895478583,253.3630266127107,1.814096005626323,0.6656396411255123,87.5959253352376,0,normal
1071,9906.435201217391,251.194437427258,1.6050160928677943,0.5658885421387194,89.29227772892355,0,normal
1072,9904.157200165211,252.80330093710785,1.6811095792676194,0.6204152365799744,88.75684159534632,0,normal
1073,9897.090845828336,252.98537638344092,1.894372559392926,1.2288548922718634,88.16467406384115,0,normal
1074,9908.229506624784,254.1532264960084,1.7245576179109694,1.1221179516765558,88.85590149730041,0,normal
1075,9900.531430292123,251.5873762127423,1.870871983973573,1.3457512916769132,88.66605762051755,0,normal
1076,9894.979044292866,250.9911974691265,1.6979691760895117,1.341463499364557,88.09616974626417,0,normal
1077,9900.392842283158,251.28456942968265,1.5740787449877138,1.043163701708643,88.21365016442373,0,normal
1078,9909.81842791995,250.75300421308168,1.5279913751866,1.1759521265297657,88.80235565052388,0,normal
1079,9906.356717011837,253.3349695927197,2.054149656108694,1.070236063690087,87.56903537546053,0,normal
1080,9900.163116321311,253.4548917532988,1.8984030254109203,1.1860408961020223,88.8749728885277,0,normal
1081,9899.970666444397,252.13364678397053,2.046334128085134,0.9833105712133732,87.92178281897722,0,normal
1082,9899.92918590514,252.94117755155025,1.7885950475546986,1.413833993080463,88.79308559464836,0,normal
1083,9911.751353456104,251.75960545617772,1.5757792368585648,1.6412597096125947,88.0247389720346,0,normal
1084,9903.117406332982,251.435649660474,1.9084637343180608,1.094587593846411,88.19295769267298,0,normal
1085,9903.20793198607,251.1022256375849,1.6200903064040175,1.7435948903536036,88.00400029671606,0,normal
1086,9906.069029843738,251.02880012755884,1.6547136634151995,1.4116897387642102,87.75243044006595,0,normal
1087,9901.98135534835,249.6947817663332,1.5867952701253103,1.4671364988568167,87.88072074199218,0,normal
1088,9899.37191698012,251.40973327319395,0.9918055275696812,0.9009082287887606,88.70289825576873,0,normal
1089,9899.575029824256,251.00758161018595,1.88900641532904,0.8832131023829323,86.85405359005736,0,normal
1090,9900.098368372292,251.69529410305503,1.654212870022719,1.4819986582635225,87.38964452098482,0,normal
1091,9900.179813366076,250.94509477330703,1.611039099539452,1.6877605507353413,87.64458263629345,0,normal
1092,9903.92358547059,250.590164856034,1.5229187583071797,1.2601982852751874,87.46653635883007,0,normal
1093,9900.47465175835,249.78267167094512,1.559320591282518,1.9720967410458805,88.75928825179399,0,normal
1094,9903.817585716912,250.62675254396189,1.399723462388318,1.6996816532298946,88.63192619554329,0,normal
1095,9899.700249910076,251.19334931181533,1.6362411438407976,1.2134995945920553,88.29809256090968,0,normal
1096,9900.456445775457,249.21210382501016,1.246469061474229,1.5007203779003824,87.68236336273874,0,normal
1097,9890.041697004208,250.34310513248224,1.541295895710398,2.2386661070521487,88.66817994193445,0,normal
1098,9904.593766050028,250.38876064389527,1.6138299184007088,1.125593827564885,87.20617759053252,0,normal
1099,9901.73399600956,249.33767693731124,1.4604603649255377,1.6582712459599058,89.07102239267536,0,normal
1100,9904.991029894229,249.36788714864,1.574295971814895,1.403044424343898,87.6577046883098,0,normal
1101,9885.529127987556,250.0863737369612,1.3030331901398955,1.7106644235388744,87.86919048664974,0,normal
1102,9910.471702812209,248.62241899747087,1.3105588597842377,1.8761567414307825,87.78592466051873,0,normal
1103,9899.361302491072,250.00593851931973,1.554732214555053,1.3761363559862836,87.46463130558763,0,normal
1104,9905.639580050733,248.66097280820992,1.6479945691374949,1.8223712931494152,88.96452988130937,0,normal
1105,9894.948541716769,250.5196707159128,1.1434263893836687,2.146410831455025,88.39740874244015,0,normal
1106,9903.271331372713,251.6953518752269,1.6301222801630004,1.4919524909813902,88.61188450798791,0,normal
1107,9895.009753697192,248.3977314168776,1.4255819433383516,1.6982321689300064,87.39370199423082,0,normal
1108,9897.237328608988,249.6939567645208,1.5053293180440093,1.2750124342516995,88.09759238175133,0,normal
1109,9910.01563638083,248.3346037700668,1.2867952790083748,1.4459947284710224,88.26942393689562,0,normal
1110,9899.591329175784,250.004272070764,1.3962967648322788,1.3739905803677013,88.14627308536694,0,normal
1111,9901.741112556609,247.6004463689174,1.7728498508919186,1.651565860818051,87.43289223828019,0,normal
1112,9905.123428377654,249.24913212043177,1.6002527526064887,1.7581086975529223,88.55321180504954,0,normal
1113,9903.380563305916,247.79888954455225,1.5321952776912755,1.3467733547456575,88.07881811871361,0,normal
1114,9901.793222235645,248.36875830266808,1.6015020865760738,1.821478946152208,87.54334053637699,0,normal
1115,9903.014802370892,247.44915168079743,1.7396287263109698,1.8009034468602807,87.09617467739487,0,normal
1116,9913.365825851311,249.2075693999724,1.7477672124291064,1.5752348495870705,88.33030821524731,0,normal
1117,9901.229269549509,247.4539264386672,1.663395516911098,1.144471307680809,89.25557513775928,0,normal
1118,9902.701322559386,248.74924253096395,1.916529173185773,1.092661899097826,87.52628940984309,0,normal
1119,9907.137393432333,247.76027278655047,1.9123213117150484,1.0082789112871735,88.12290595425236,0,normal
1120,9907.609856749656,247.897749212594,1.8218989047826235,1.511399202861111,88.59689318124316,0,normal
1121,9908.225275940938,248.06862334623585,1.7717943731047432,0.8366710819910758,87.41097635521207,0,normal
1122,9905.701443757684,247.06852024692287,1.9145814485360657,1.3757249025407632,87.81017746840826,0,normal
1123,9897.02018545778,247.9510573449728,1.8687580208376828,0.81975753693722,87.62462481079795,0,normal
1124,9911.139511454778,249.18227380242024,2.041336995379764,1.3615413081306642,88.55178542327769,0,normal
1125,9897.48747328378,246.7860326518648,2.0327886694919086,1.0890275233908704,88.72714528965452,0,normal
1126,9904.988902029996,248.64910009714995,1.673292759380525,1.452361991198033,88.1490326264419,0,normal
1127,9899.970522255726,248.8895591539253,1.684125628099823,1.362168597850595,87.65397099561939,0,normal
1128,9903.697012304512,246.4905214785828,1.78568972890337,1.4167959594969253,87.85895861178562,0,normal
1129,9905.94691677026,245.7679141031959,2.145973863669236,1.390178480794445,87.77081283725148,0,normal
1130,9906.204861087042,247.442332624624,1.6604139232082074,0.9598219695903534,87.60332706938432,0,normal
1131,9907.012189185012,246.51151103103345,2.0796175953164187,0.5330696559828434,88.0470326078675,0,normal
1132,9913.285161825386,248.847244995676,2.098163465698942,0.5281329385550004,88.39174535183277,0,normal
1133,9907.807775314384,246.93438104273065,2.2831090654452075,0.1802581314947295,88.35593079835056,0,normal
1134,9904.652264867986,246.01954594917413,2.111445375775362,0.4429101484996021,88.11334477860403,0,normal
1135,9911.035840740264,245.59802896065705,1.8313455386222288,0.7496630470083726,88.15283501638912,0,normal
1136,9912.514492579185,247.75983842643345,1.932476287236404,0.5214696814707503,88.09056740514632,0,normal
1137,9900.79017950274,246.02482647114505,1.911997234173877,0.5950548576053227,87.48995860198535,0,normal
1138,9910.28560447212,246.5672777730123,2.064485690911165,0.7560556258042765,88.22603953094887,0,normal
1139,9911.18412344121,247.40808082104417,2.158742219721571,0.4756195077387735,87.86175240186579,0,normal
1140,9906.579329916733,245.89826786784795,1.984994072379701,0.1883784133112279,87.48767133909094,0,normal
1141,9915.343762412613,246.26829247616547,2.5344295278029763,0.4665725225258877,88.35465735047889,0,normal
1142,9908.1221847243,246.2308222425449,1.996854989650778,0.1701767903331124,87.87158423498002,0,normal
1143,9909.916691918026,246.8653855050503,2.5520914414231592,0.3152735789790423,88.29965315364278,0,normal
1144,9908.848868563897,246.70900279490868,2.540155825972541,0.7557713772957824,88.618103461241,0,normal
1145,9910.226569459865,245.8358948388681,2.5022785424707994,0.2278978359995965,87.72785412386648,0,normal
1146,9905.11073038182,246.05898528633008,2.2025531468168547,0.7961697088680557,88.25790275736243,0,normal
1147,9903.84422371258,245.564486680136,2.427631991512977,0.6499678782608469,87.31567812164585,0,normal
1148,9919.478271228989,244.4012081911069,2.120605268827116,0.002081714429262,88.9963814635619,0,normal
1149,9907.741056310248,246.0806247786037,2.574258579523202,-0.2022258722034494,87.55998401259241,0,normal
1150,9907.497820783876,247.6610897399572,2.392297904446963,0.0704649685813288,87.99168581942446,0,normal
1151,9902.17550589125,244.83274528074605,2.339230980933667,0.3872719033375479,88.92803908106733,0,normal
1152,9910.244027330737,244.89271451126567,2.1892936993589567,-0.1507784838200346,88.1515152583432,0,normal
1153,9907.328422756324,244.7460298931784,1.950404209176942,0.2237144400968966,87.68017859131706,0,normal
1154,9922.667588719332,246.2941161259905,2.248945494348931,0.2688717480251923,88.64568687451627,0,normal
1155,9920.028793738076,245.972548615098,2.688820141388242,-0.370731255256338,88.64486039690287,0,normal
1156,9912.06965389651,245.3218545971766,2.394135244648391,-0.3860775362119815,87.99361494276533,0,normal
1157,9927.311730869184,244.52051013946905,2.44809107939216,-0.0140373260462277,88.05852777645902,0,normal
1158,9921.50592047234,245.4908674317637,2.6191180018159166,-0.2266503597871313,88.1142373754386,0,normal
1159,9915.528817535956,243.795670494195,2.85397142144834,-0.5221468058490177,88.23954750872694,0,normal
1160,9905.220111928762,245.4673769908848,2.7614372550313964,-0.4658215313665379,87.40785727160167,0,normal
1161,9929.744247633094,246.16100297009564,2.3043271692251475,-0.4248381854469675,88.27507876484377,0,normal
1162,9911.922237681763,244.00569175311463,2.111391175989032,-0.9162902829735332,89.26935909940326,0,normal
1163,9911.231784448632,243.69368209906284,2.971689759504612,-0.2598905390006886,87.94119058005,0,normal
1164,9925.168362566365,246.77685720993136,2.952177690428924,-0.6755000510078986,88.10936341139143,0,normal
1165,9932.858999043248,244.55879958931507,2.5334368589260454,-1.4088375175929713,87.82139590863285,0,normal
1166,9928.194261619525,246.2815786972634,2.2377761548974786,-0.6221978854134964,88.73153891373711,0,normal
1167,9924.712976287294,244.96864649155708,2.679417346819176,-0.8782684256341281,89.03946729281185,0,normal
1168,9925.495546147264,244.9396535225557,2.4588568622702875,-0.1893206702424913,89.04059440836755,0,normal
1169,9927.424943742732,245.5209445130889,2.450338050500625,-0.9111447905577486,87.8391520245298,0,normal
1170,9927.59628455703,244.1814233526503,2.643124630003715,-1.1036863391934737,88.72592869741041,0,normal
1171,9925.85899415955,245.1827835140196,2.521246056632433,-0.6601986732422829,89.20593575790117,0,normal
1172,9925.632992624409,244.6556409362836,2.2062106797936254,-1.0481665629647623,88.75707129594804,0,normal
1173,9925.46546026898,243.7054659699752,2.3663196264686057,-1.1205581195279135,88.75477335984147,0,normal
1174,9922.682463863532,245.3542601002942,2.5503150052719845,-0.7697617616133308,88.29322444683973,0,normal
1175,9925.730127032948,244.7462820532251,2.505906276760742,-1.26981299745157,88.6527249602425,0,normal
1176,9919.35722054476,244.8473729637116,2.441021130634806,-1.4290536902849824,89.17459918216794,0,normal
1177,9928.026026419606,243.79104295507145,2.559093047990497,-0.5073783624530652,88.73445897528599,0,normal
1178,9924.277637123643,246.59140982436853,2.28292487366792,-0.8837117212680508,87.96027447517314,0,normal
1179,9924.412592060891,245.87752913066373,2.372974054753297,-1.1682559736883869,88.37058993579645,0,normal
1180,9931.546962278057,245.9677759234889,1.6432531835340487,-1.1204881763779553,89.21758959989026,0,normal
1181,9938.33139102238,244.7029789172812,2.208772111955537,-0.9971301063579756,88.78979925198871,0,normal
1182,9936.693713493887,243.2860408746241,2.4310692797780256,-0.8852986563095395,88.7015736483991,0,normal
1183,9924.987168049356,246.97693513505325,2.179100775163057,-1.4314434655520971,88.37978565472606,0,normal
1184,9928.63578696514,244.97370455954749,2.1421823455317712,-1.1210738028530634,89.26597814322702,0,normal
1185,9939.03868172034,244.29877259949416,2.00479694185769,-1.4080881530908982,89.51790281451909,0,normal
1186,9930.179853407815,245.4791252029685,2.39088781123925,-1.3368000287391146,89.33344036901917,0,normal
1187,9934.733079937503,246.24617065417365,2.2765589503624377,-1.2547745416180496,89.43842072447248,0,normal
1188,9939.376875816572,245.0746938622116,2.30818379934299,-1.3266901240325175,88.55317918604592,0,normal
1189,9932.56159996675,246.3969749752333,1.7737349938369005,-1.124528504401895,88.49798189613439,0,normal
1190,9938.713166307029,246.22400770979755,2.062467301522319,-1.2183740400156096,88.68555318877634,0,normal
1191,9932.305309156549,244.0891780799712,2.013878288541465,-1.8350242465135795,88.79879535361087,0,normal
1192,9936.763848671704,244.51825436964108,1.9889546138660223,-1.806749698958776,89.51092362789186,0,normal
1193,9942.170869703616,246.17798996461227,1.8969192626198983,-1.5258876273978443,89.3943825703923,0,normal
1194,9933.414207261165,242.538160318707,1.9259094317376169,-0.8806815485164355,89.09681821220369,0,normal
1195,9944.394627548098,245.13353689806223,2.140076929113748,-1.6977569365366378,88.12825169424246,0,normal
1196,9942.912923519576,243.88626783838325,1.5626700029035798,-1.516458505109985,88.01621132798577,0,normal
1197,9946.59811978347,244.87652478530123,2.275928398977721,-1.6252993113716117,88.99694477262852,0,normal
1198,9945.785414565076,245.0920967510396,1.9926656271432623,-1.63969477246035,89.33344848069541,0,normal
1199,9952.322253297489,245.0723542873056,1.863119182051341,-1.4277694541571844,88.8702474984593,0,normal
1200,9946.968830713196,244.9198469378543,2.028961518723477,-1.0674350973059783,89.88430641648833,0,normal
1201,9945.042203231133,244.4182851614448,1.5336178025859355,-1.3559658619989174,88.40256409684497,0,normal
1202,9948.652522221622,247.85245446768096,1.6678745792141358,-1.737560392203908,88.35664471938139,0,normal
1203,9951.614524474571,247.4748953183401,1.7539275417566622,-0.6729302223649011,88.64582019935067,0,normal
1204,9950.004444457933,244.49401457534643,2.029137098199973,-1.4763761731522154,88.64405427553046,0,normal
1205,9950.830236282958,247.28858173825392,1.725217914146996,-1.6728136381078424,89.2756884908798,0,normal
1206,9947.989390339617,245.359101444584,1.80368393953142,-1.0743680691496726,88.81913104965125,0,normal
1207,9949.06176516731,245.9415528731693,1.5756286493997975,-1.6357197011242008,88.27360516446196,0,normal
1208,9946.24492670582,245.80456490272704,1.771550284952718,-0.9917805556781338,89.5109482896439,0,normal
1209,9962.892194256248,245.26521649351665,1.991081587965612,-1.746162137326893,88.20291024777018,0,normal
1210,9948.815937369583,246.9675737101364,1.8370515424010985,-1.048938459085395,88.56509595942545,0,normal
1211,9952.466167000965,246.16997058677023,1.6048724871421145,-1.409281499142493,88.30726057442692,0,normal
1212,9953.238502999477,245.6294776362704,1.7404262282763183,-1.0726058142576225,89.24017142508188,0,normal
1213,9962.209324459518,244.8649421554425,1.7059822981819672,-0.8784036263053233,89.24771790757148,0,normal
1214,9957.168343925328,245.34097126156524,1.6779708794946688,-1.7764234387146385,90.13108900684394,0,normal
1215,9965.794328078457,244.65972695900845,1.7862766013844205,-1.0403247378172176,89.6480256823745,0,normal
1216,9957.10473439669,246.3813509302041,1.7731041120901068,-1.830861833256562,89.93026684202928,0,normal
1217,9962.78768088016,245.24193439731928,1.5162187394243385,-1.7062130698419171,89.37215902703005,0,normal
1218,9958.140358050694,246.2439365974193,1.660613793720745,-1.6156949445178272,88.75787595579456,0,normal
1219,9973.970990463078,247.95189223849897,1.4473756812597964,-1.2049583469310463,89.32895869748096,0,normal
1220,9958.23907968117,247.85475047103148,1.3323266357326882,-1.3263014530348345,89.57975193922,0,normal
1221,9966.66158454253,246.698172292276,1.4571962089993602,-1.3653014242917454,89.65415331095366,0,normal
1222,9969.220263333958,246.71967052523607,1.4912151829194225,-1.249060842495322,89.0848215065318,0,normal
1223,9969.062667188278,248.7642131211244,1.1707640345007215,-1.0921518255597955,89.5842666709116,0,normal
1224,9967.012826783675,247.48392423541583,1.6729982039169924,-1.0445290421704172,88.8922713161407,0,normal
1225,9968.23896100322,246.71540589079785,0.946565478070662,-0.8910977865770655,88.85612249298238,0,normal
1226,9970.059032453228,245.6984211448076,2.043342484260372,-0.6465844205901292,88.8389071461739,0,normal
1227,9970.059891653991,247.60068957730132,1.8023522489558927,-1.171177348431327,89.42821102752107,0,normal
1228,9976.572144300406,248.1196344651425,1.4526168027745316,-1.2922208844631704,88.84613679679049,0,normal
1229,9983.766035480276,246.74323734106324,1.5107836408795758,-0.9219366880876672,89.24189621451087,0,normal
1230,9970.889361938382,247.75171980318493,1.574800062959402,-1.4183819796203725,89.92499469297537,0,normal
1231,9967.793838652602,247.1835876949233,1.4028951629018904,-1.2468572598584118,88.97829223197083,0,normal
1232,9975.170011689335,247.4507536353308,1.5669705545731214,-0.710633370789825,89.26007242186968,0,normal
1233,9989.48097583744,245.2355350757093,1.5085448516786206,-1.0139784669496403,89.56746422137144,0,normal
1234,9973.537405264966,247.59105745508927,1.528544822871784,-1.3046109917773312,89.67455901286242,0,normal
1235,9986.726955491167,248.8725647220419,1.594877363987481,-1.353659599309648,89.32098213387616,0,normal
1236,9987.897615738426,247.3629881187709,1.308168683831294,-0.8558531157020747,89.98361226772845,0,normal
1237,9977.720959735356,248.1389145142455,1.5921498714464315,-0.4908652356972018,89.9050041692703,0,normal
1238,9984.315556709322,247.42320033025808,1.6313263527185158,-0.4570865062736486,90.19934112844878,0,normal
1239,9990.596217718969,248.63308391947007,1.6398108034071197,-0.7238860998997534,89.60828372989293,0,normal
1240,9981.543943750232,248.1503011719402,1.5872435005881576,-0.1152960521537934,89.41238224437521,0,normal
1241,9983.408684534455,247.5224182035702,1.875273762800596,-0.7095874912511396,89.34721571569332,0,normal
1242,9982.506742973414,249.88966190228453,1.5951448135695825,-0.6792738906044409,89.86181670982782,0,normal
1243,9981.331383570972,249.58207027510667,1.730348760529572,-1.3669227084236095,89.5395254530831,0,normal
1244,9984.150158652335,248.1447980513388,1.9641389675117096,-0.6893521697005119,89.46334603871293,0,normal
1245,9982.269484531942,249.34455977978084,1.7093382618324249,-0.2574905324444272,89.54364008519242,0,normal
1246,9989.553403766877,249.48171140431515,1.7893269956092477,-0.0013966489181537,89.44581448594947,0,normal
1247,9986.527982522624,249.68455083380124,1.7490120492222736,-0.6767219523538893,89.90706752993968,0,normal
1248,9992.54260269632,247.4463269874809,2.0381967264535104,-0.2456575182030144,89.12118187147527,0,normal
1249,9984.590881991297,250.24586646458243,1.7621347307702382,-0.0266052880775896,89.99891535068373,0,normal
1250,9995.022211425952,248.7685422865854,2.09377313775036,-0.2933357534959236,90.20563058549908,0,normal
1251,9998.53356832894,249.0796593367081,1.840214382177277,-0.9374445300399984,89.59687890132922,0,normal
1252,9985.395921967003,252.1748400406396,1.7132173529030523,-0.1338083889237614,90.86831047340048,0,normal
1253,9998.234023224186,249.93848789784133,2.045448435115546,0.0650859842186821,89.93608546298735,0,normal
1254,10003.50158915533,249.3500936197621,1.8733307560620989,-0.4027708878513078,89.16659339230935,0,normal
1255,9992.31480659091,247.63102873058983,2.083219329404058,-0.1498845133383407,89.82663878051898,0,normal
1256,10007.725804807424,251.3260597140049,1.4381952802061817,-0.3753148320766662,90.0185869299326,0,normal
1257,10002.458032814116,248.6910838668814,2.010114018490663,-0.7547123518915592,90.23174253313084,0,normal
1258,9997.83783708907,249.1328380748908,1.9421260375907563,0.3694164707203839,89.89854266530182,0,normal
1259,10002.083873291647,249.9048536110283,1.8462843912546023,0.1051186420512439,89.54146923574655,0,normal
1260,10006.153939284724,251.75245215432767,1.973029649783444,0.6303781445002457,89.51975578538612,0,normal
1261,10004.74158149368,251.2089803901398,1.993469791836625,0.4529687884739156,89.76043144814155,0,normal
1262,10008.054148161538,250.37742864412883,2.1228753625719485,0.1340295061121499,89.82831968272676,0,normal
1263,10001.755277864244,250.94286986877816,1.8829382178184864,0.2596422933182863,89.55968583414318,0,normal
1264,10008.20309172087,250.1332499407773,2.2431983273390137,0.4984976476859571,89.78071917146197,0,normal
1265,10001.284621264587,250.97205370725115,2.476276824324405,0.6624616367823388,90.49679313720188,0,normal
1266,10008.793134278372,251.00416819759272,2.281802383738779,0.5126148504643769,91.0111915955496,0,normal
1267,10005.824862295132,251.9976604634545,2.409433299049004,0.7905344500862392,90.5846188669846,0,normal
1268,10007.660852275416,252.093716262662,2.4879480010030584,0.4124857908707083,90.87970058286068,0,normal
1269,10018.511935509574,251.71771249464268,2.537060896730014,0.2445219492896312,90.73368862678733,0,normal
1270,10018.779754744966,250.95809504937623,2.6837939604902368,0.5659115768935801,90.68302924703906,0,normal
1271,10017.359296945691,252.1584442363607,2.229154795671904,0.6880723804119144,90.1173739952944,0,normal
1272,10009.841013368245,251.420266180927,2.2037050550450465,0.3066550320651741,90.37650698302564,0,normal
1273,10014.70797554862,250.5253281098804,2.5216333147855927,0.3060974034823917,90.11549068471388,0,normal
1274,10023.341317914274,251.29831964258423,2.523219601689872,0.8806919410107359,90.23596300712072,0,normal
1275,10018.968498031312,251.8798187538952,2.552373873140798,0.6632592419386699,90.39928181945557,0,normal
1276,10030.83881923563,252.7984737966201,2.789774869371912,0.773397674261806,90.74162650650392,0,normal
1277,10022.189094604182,251.796940805614,2.427842344162398,0.7524850154703507,90.61611179890176,0,normal
1278,10022.16106262746,250.8626890701621,2.523385958938489,1.3530416594708714,90.343101709393,0,normal
1279,10020.63142629776,252.21921954084127,2.253568122888114,1.3110511961079978,90.47130954282127,0,normal
1280,10023.818687034069,252.3656590114335,2.8870772438935868,0.5961389924055507,90.67975148729984,0,normal
1281,10023.360292140676,252.52686486295252,2.401921487792563,0.8414588416253299,90.81615004548046,0,normal
1282,10028.632431274413,253.3487866329968,2.415631907528631,1.289348692533017,89.7423401761908,0,normal
1283,10030.842136875455,253.53475470646305,2.41477679691272,1.2470480470112146,89.9824780238802,0,normal
1284,10023.092809548643,252.0075306442797,2.360789220529637,1.0851898024454845,91.09411040399334,0,normal
1285,10021.328021389929,252.0704674469834,2.348298433718913,0.7865193545349181,90.5292489381888,0,normal
1286,10019.761790203438,251.7302069739069,2.3926272308987664,0.9521946837076484,90.36681804469562,0,normal
1287,10032.438510357168,253.55190800963712,2.2261479846603134,1.0300425258837846,90.4662213379891,0,normal
1288,10025.33446751493,254.3834579032936,2.342934661120156,1.2952207085508416,90.4851733581277,0,normal
1289,10021.036509299884,252.69992750665625,2.889232207145749,1.7491993403392376,90.91498813605511,0,normal
1290,10034.690336936425,252.8527445458752,2.6447636144088875,1.0568617187020133,90.100940681285,0,normal
1291,10046.155648432954,254.63888571474507,2.679762599548386,0.9788232621149796,90.68620189016416,0,normal
1292,10034.600134183102,253.754320259338,2.7257365033711483,1.276608056968704,90.81566863954124,0,normal
1293,10039.759317488057,253.7603578975548,2.8516091589210166,1.6400776805740929,90.90947123059868,0,normal
1294,10036.908828626809,252.20723586885467,2.1237735327751346,0.91666567221651,90.84142563478656,0,normal
1295,10036.93440184862,254.14955141054065,2.224162320882116,1.805779816997608,91.00653011744852,0,normal
1296,10042.9496579562,252.6129696841248,2.300300010119789,1.3358065444275324,90.48073743529606,0,normal
1297,10037.82449285141,252.47795172689047,2.3568522096118185,1.183597752985346,90.3146159452846,0,normal
1298,10041.53048961998,253.3336214836436,2.379310956752577,0.9390513586495096,92.03237278261764,0,normal
1299,10042.715660238551,253.16154937639348,2.3375576570291634,1.6450016661598603,90.67151108186437,0,normal
1300,10038.676251414448,253.59119255801292,2.4572761223714625,1.3943417208536713,90.748106838326,0,normal
1301,10047.882246270085,252.43573570436453,2.4059012695014386,1.5082513433548148,91.19736073930692,0,normal
1302,10042.948274410974,254.89790809660187,2.238706186158702,1.196831557945936,91.67450610998615,0,normal
1303,10040.941003798238,255.1275769516999,1.931636360380608,1.3800613831472957,90.62213053344672,0,normal
1304,10048.294463279111,252.1117471471601,2.1507286709943925,1.337202821128208,90.41283064713043,0,normal
1305,10042.007197464469,255.09512280935687,2.221137903582631,1.45905150566912,90.30891407207264,0,normal
1306,10047.523416557442,253.36206514514487,2.26242567734699,1.2930757756442086,91.74420332616336,0,normal
1307,10048.215150972956,255.0838291013493,2.0659845618019843,1.037054775136978,90.44616142589304,0,normal
1308,10054.56363293654,254.2109761760316,2.173103606214194,2.31787909962664,90.96890513388983,0,normal
1309,10052.37614204842,254.3590556251013,2.023736246688993,1.0909787194741667,90.5114106016589,0,normal
1310,10050.741011643511,254.19430774963325,2.2028139748010784,1.5537586146485998,90.2931449697656,0,normal
1311,10055.813386914202,255.6389082375537,1.990833874278646,0.9656841953088589,90.88830343181716,0,normal
1312,10059.528829731811,253.23279400247068,2.012631980165022,0.8948024818956745,90.5826625065639,0,normal
1313,10056.214822351623,255.1240364422311,1.897180919449449,1.5185444052765025,90.72270120368565,0,normal
1314,10054.320170219662,255.6595339386598,2.104325229140126,1.5354463025968654,92.08842069111762,0,normal
1315,10048.546435463786,255.31472830385053,1.9375059437696265,1.854190569737682,91.31456038459692,0,normal
1316,10050.61174729951,256.96143229319506,2.267645549557995,1.5868817038565426,91.58448107207472,0,normal
1317,10055.237297397516,254.14427714017927,2.142736271222012,1.4120309981172818,91.54759819981042,0,normal
1318,10054.536288918109,255.6651500222775,2.022719482425591,1.1607395242611482,91.10124653703856,0,normal
1319,10057.463664086585,254.63449278581305,1.8522246892400016,1.8826676416290071,90.9481112323414,0,normal
1320,10059.490601095207,256.0048315488161,2.062828484051277,1.6976742477554294,91.308614335345,0,normal
1321,10062.65872542591,254.7926700214803,2.0999004171657445,1.0298978621916124,91.2844306180488,0,normal
1322,10060.454676971078,254.4394967004744,1.9654293175312136,1.3987003332735748,90.93174070864482,0,normal
1323,10064.03050762134,256.15852726671494,2.232921140025224,1.412792907109946,91.2968839032776,0,normal
1324,10062.705040268484,254.38403478700417,1.9796168687300493,1.246914636441712,90.89448851054053,0,normal
1325,10053.283765940054,253.48406245661903,2.046200202808927,1.5619839164402756,91.17749301011608,0,normal
1326,10059.236536322878,254.3991741718457,1.866322428585623,1.5585694533851342,91.11102252858078,0,normal
1327,10063.97849676546,255.552320498232,1.951273715419389,1.2293464875190974,90.65954239457848,0,normal
1328,10059.40971224242,256.3406195506102,1.6337756097098053,1.1785163519597175,90.1335846125764,0,normal
1329,10069.210535255115,255.0730240553598,1.6789602777012718,1.6876131791594309,90.85468620713286,0,normal
1330,10074.61073038138,256.29142093662324,1.8185940358162325,1.4918117732091487,92.24119185668636,0,normal
1331,10073.790174450847,253.6243889139985,1.795850662030955,1.206612005324202,91.19908641282883,0,normal
1332,10067.361770230304,254.5466473776442,1.8083438520422328,0.6680186259579761,91.7565637721473,0,normal
1333,10076.608391820364,254.7066868344883,1.907023581240388,1.2308177937802924,90.32087265117562,0,normal
1334,10070.616959554802,254.8840555951721,1.3828567582097655,1.3068644456970944,90.89332941139364,0,normal
1335,10068.900066241877,255.0840631025353,1.4546966723777035,0.2399169406446253,90.73446511326814,0,normal
1336,10068.22329811765,255.69023344249743,1.6781137489953108,1.1097087124869374,91.32465622366352,0,normal
1337,10070.475649369066,254.5518697554176,1.4708578437015667,0.8760840674928972,92.65073769629775,0,normal
1338,10070.737601335162,255.1310607850081,2.2757760410531285,0.9008782501073216,91.68368918017131,0,normal
1339,10074.21378637813,254.94026796591805,1.6888573751801397,0.6600927631306513,92.31504037196407,0,normal
1340,10074.840458900497,254.05086562066663,1.5565738407263074,0.8521837632367983,91.35353341606206,0,normal
1341,10074.721299127805,254.85246286793807,1.456741892262417,1.2777646086366243,92.17655606746824,0,normal
1342,10077.55176936291,254.80985767397547,1.4524992080071168,0.6890000791992402,92.543969923625,0,normal
1343,10081.973782730209,254.7738429448871,1.5443841503935232,1.074603617422969,91.46572649392029,0,normal
1344,10081.414192883793,254.95411376893665,1.5517306276746363,0.5043377196487333,91.26369608851805,0,normal
1345,10069.880136636317,254.9794897793392,1.4301490545107152,0.9344979156297414,90.88718706107623,0,normal
1346,10065.165494677807,254.4510215248769,1.4602091050320742,0.6673656508001532,91.40417187775788,0,normal
1347,10083.229380337178,256.1335786416424,1.7782597887170934,0.7318740420385785,91.61210395322,0,normal
1348,10072.338212004952,253.66698620140247,1.7820934228522822,0.5872466718569322,92.59892891861516,0,normal
1349,10078.655686009042,254.0891651228233,1.5526255441943455,0.7358958152535274,90.94810327332206,0,normal
1350,10074.527877524866,257.56184326624606,1.232237314535335,-0.2690487701074966,91.63739979995174,0,normal
1351,10071.959432326636,253.71372000966332,1.6077089197956818,0.0326466207298721,90.7122326295959,0,normal
1352,10084.259443148954,253.3658877913824,1.8116335241634496,0.5406731098251493,91.41766117573934,0,normal
1353,10085.92254515785,255.42016251847417,1.7767498010271947,-0.240931766106579,91.79823306583272,0,normal
1354,10079.810644592611,252.5727350152455,1.6529380530984426,0.1692015213598124,91.91015550826916,0,normal
1355,10070.29614312468,254.37689017464297,1.7950313860464358,0.2680237478341052,91.95953863152904,0,normal
1356,10081.06996526722,256.7184534211488,1.5269409400480634,-0.0084215432563453,91.87472576661304,0,normal
1357,10086.301660409652,252.98632799494496,1.648811057943315,-0.0119694271455119,91.97706377770092,0,normal
1358,10077.481101219177,252.50612240723493,1.3951535046583032,0.2322762134452839,91.72038274576228,0,normal
1359,10086.316989847171,252.94393349197435,1.5990513474666854,0.408756888650486,91.18407065197108,0,normal
1360,10085.839632239784,255.2947248766006,1.81694300844946,-0.226494928351645,90.79249514787296,0,normal
1361,10089.320038674476,255.47263415505515,1.444711556562801,-0.1564610205005133,91.45512771266078,0,normal
1362,10087.520240423262,253.7850216799032,1.4029609137795247,-0.2483197510222583,91.6711390550922,0,normal
1363,10082.547059120085,254.92885693580504,1.6084624030844072,-0.8003272366075392,92.37521397507754,0,normal
1364,10093.876585408572,255.58223571303336,1.5583745645408644,-0.0763051089783727,91.7075737204269,0,normal
1365,10087.573614811328,255.92398591740672,1.7492694656071286,0.1167982714071114,91.66904073642092,0,normal
1366,10088.693438202496,253.83330873860584,1.545472134315676,0.0967247478887946,91.96936278142186,0,normal
1367,10084.618436406205,251.7195450157111,1.9974055811359723,-0.5139618618675329,91.65068953030575,0,normal
1368,10087.514251843912,253.1399021714863,1.414241582448163,-0.6724776564255481,92.19988426147088,0,normal
1369,10085.743563436505,253.4721569998478,1.9422022905771428,-0.3344556191532665,92.79301834932473,0,normal
1370,10089.730743931228,253.57664296659925,1.558535219944108,-0.1358173984795869,92.90730224172226,0,normal
1371,10099.572854383838,253.58280874899864,1.373079338052185,-0.3814604773808399,91.86880655328476,0,normal
1372,10084.564542665395,254.8231409177827,1.801290906461584,-0.3840552333690157,91.99692714994876,0,normal
1373,10083.756835458944,254.9107712672456,1.7248498502615763,-0.1708046278869386,92.6259209091533,0,normal
1374,10099.571905766348,253.39531121868689,1.5764656007616558,-0.7771401721884466,91.76934007112943,0,normal
1375,10091.551625895105,254.5946850343273,1.4852320491934885,-0.6629357068369155,92.19156095657934,0,normal
1376,10089.625810992284,253.78167837712243,1.8434013617505527,-0.1475712938022227,91.29184342886876,0,normal
1377,10098.534331487292,253.41497027441852,2.0641942247157545,-0.7374304361633729,91.71127658686872,0,normal
1378,10090.66103031333,254.18211560868224,2.010298236868943,-1.0984118383280124,92.45183946856294,0,normal
1379,10103.164087708725,253.27162046491952,1.92919623547018,-0.9581948855211722,91.52158296592596,0,normal
1380,10097.759196301104,255.17969685417967,2.038377107751953,-1.0773377219916782,91.82336574952336,0,normal
1381,10092.25610082905,251.6047430580415,1.962060905166756,-0.7265144592247256,91.10680833459452,0,normal
1382,10105.7988203746,252.44803465238303,1.7065362453173452,-1.1394765636806805,92.90312973342029,0,normal
1383,10092.290824982998,252.75555273844844,1.7332984525092372,-0.8256278499682476,92.53790202686872,0,normal
1384,10099.327464887272,253.23923761956064,2.001796015365587,-1.163187171514625,92.00638954362093,0,normal
1385,10097.40147773935,253.9843388332644,2.0351454832919704,-1.6139625803602635,92.1718567327875,0,normal
1386,10102.692157672838,252.6074866808631,2.262150940354524,-0.9186653074597076,92.1216180779886,0,normal
1387,10104.259825333038,251.1241097815232,2.267863675373409,-0.9989048459014204,92.62120126350344,0,normal
1388,10096.871463071731,253.3022890085928,2.261586913280407,-0.919970283339062,91.67482882534236,0,normal
1389,10093.19385488803,253.1271856821399,2.108309919450412,-1.3080797762026843,92.30535269475936,0,normal
1390,10099.500610854197,250.3418712013416,1.9116313494262849,-1.369937444878052,92.48272325221603,0,normal
1391,10094.04225919646,252.19051521027825,2.293102025569808,-1.0445021465335729,92.55627970614265,0,normal
1392,10107.718115186164,250.5138892980164,2.338121065746026,-0.7370560647741089,90.82333813705476,0,normal
1393,10098.544433470734,251.34825023154423,1.777197718916773,-1.2161578609030068,91.65759789717384,0,normal
1394,10096.23594083142,251.01815746873976,2.1092160551374075,-1.1177815870392225,91.45166566110866,0,normal
1395,10099.176935716823,252.63752779965503,2.158362432567264,-1.3661617159208548,92.03986482653536,0,normal
1396,10091.69906306783,251.85165870043176,2.3399916850451112,-1.7561602307266797,90.96067878055246,0,normal
1397,10093.747941263484,250.3551090420703,2.174607255666748,-1.025064235302725,90.94930878364792,0,normal
1398,10104.76953741734,252.42598126420896,2.345772102108973,-1.0638071012321355,93.06039685349047,0,normal
1399,10095.63457623986,250.01670639024,2.328528387964282,-1.1429348692784675,92.28722564682604,0,normal
1400,10093.826180656077,251.68464273201027,2.355115446471399,-1.4293659533761762,92.04171933298916,0,normal
1401,10101.875781275883,250.4439932061023,2.2590092849481502,-1.21304352569965,92.16568667418449,0,normal
1402,10105.242901061236,250.79529854194084,2.288828424932717,-1.1401569998005667,92.059458067633,0,normal
1403,10103.02107826065,251.5677537468169,2.2138679692326315,-0.937095754996918,92.48720156242226,0,normal
1404,10104.508539007442,251.4870143931253,2.518156235192009,-1.1401626175915716,91.67434391553628,0,normal
1405,10095.836361259537,252.20422984978543,2.567479512079786,-1.42985821854922,92.08571414708445,0,normal
1406,10092.59335754199,250.6863559659745,2.309118724207529,-1.8524606934375525,92.10775885148288,0,normal
1407,10107.281183150792,250.9761019844076,2.776195796773444,-1.422953470560531,91.47206131859112,0,normal
1408,10098.223242343773,250.13268740331807,2.416793027823282,-1.401021397493659,92.63522436029122,0,normal
1409,10098.634619521725,250.65296005033863,2.792196948349248,-1.27229924464638,91.77493732212926,0,normal
1410,10106.571909584038,250.81081327593031,2.362965748730025,-1.084517773313791,92.50732961240028,0,normal
1411,10102.744250181977,250.1732259147332,2.0900787660357105,-1.523566122417041,92.0567183658852,0,normal
1412,10102.264704028852,248.36788520167627,2.5785987963903065,-0.8677150315842306,92.8164977195734,0,normal
1413,10110.822443483225,250.40313785369509,2.549388023841664,-2.02743940531154,91.4792590909136,0,normal
1414,10096.782007537246,250.3362310404877,2.506828596010163,-1.374143261586274,91.45761257302772,0,normal
1415,10104.630966383444,249.19151002434924,2.370524561167099,-1.7384446150076778,91.54698751935864,0,normal
1416,10100.258999328167,248.48736172707856,2.489830663882947,-2.0686488728111394,92.06612644933088,0,normal
1417,10101.289065748588,251.1477844735604,2.3910256654578195,-1.553261628310184,92.76965628497452,0,normal
1418,10107.550622609771,250.0636386273524,2.428107154818397,-1.9247848118349893,92.79471241863683,0,normal
1419,10102.399644637806,249.2435709959872,2.6509818420665896,-1.52962628931695,90.84222501690792,0,normal
1420,10102.494145666884,248.2362889863704,2.5123707725332056,-1.4629990849271148,92.120906886044,0,normal
1421,10105.097421190105,248.45242754660205,2.5892009691404723,-1.128773388583128,90.3882208848136,0,normal
1422,10097.832366682424,250.47804357068856,2.4113525719852444,-1.906199500451009,92.39065850349527,0,normal
1423,10095.37336219004,249.21465572138592,2.378694308481735,-1.1696701255389146,92.5504729179823,0,normal
1424,10094.247687895147,248.42831651031392,2.204655264197164,-1.399761369397645,91.96931253995896,0,normal
1425,10089.532327166396,249.39091103029068,2.3485102878943374,-1.1062264171607357,92.0292729910129,0,normal
1426,10109.527585682794,247.96958932973465,1.7444044653401312,-1.5288288769696772,92.02175044713196,0,normal
1427,10093.603023552,250.1880826543561,2.2756713936146893,-1.7821399829842417,91.59016034824158,0,normal
1428,10097.87540078626,249.9438173525143,2.361445277431538,-1.72963536068227,92.19548627074452,0,normal
1429,10097.450307843916,248.02878351444343,2.473714816200364,-1.7326188998666732,91.8609834860406,0,normal
1430,10100.214229916506,247.7716299435481,2.2895022200993966,-1.1812130406319317,92.43868978319404,0,normal
1431,10102.588836936846,245.68774945541423,2.3941722985772205,-0.8597692904323853,91.91338955022336,0,normal
1432,10102.63562182964,246.73056197043303,1.8692682274666668,-1.449447492314101,91.5361535345127,0,normal
1433,10095.231137465194,246.77964817397,2.273684052979072,-1.0671857026249048,91.19499815772802,0,normal
1434,10097.114371788628,248.1620358246008,1.928263848406888,-1.687792918437215,91.02696719462332,0,normal
1435,10099.156540893113,247.609128549356,2.000956413983498,-1.150390333940559,92.6111274947906,0,normal
1436,10096.284072010198,246.49936936413627,2.183030301228152,-0.97656037475242,91.72165587639282,0,normal
1437,10105.338389350172,247.47374549616364,2.4530114583493114,-1.5831497064065745,92.11532032444228,0,normal
1438,10099.52093997216,248.17134937960265,2.248800969781078,-1.1804266651767368,92.8329362501516,0,normal
1439,10100.495151362476,248.10588783918573,2.1545704646931285,-0.8740285730822364,91.6550130829956,0,normal
1440,10099.880183998264,245.59138321403825,2.1230056034875977,-1.937497150290223,91.61757681090798,0,normal
1441,10102.168505667762,247.2767985651901,1.959856105746311,-0.6243407205138749,91.85994185142904,0,normal
1442,10096.931972865872,245.9367677600621,1.969199003431492,-0.8855610993688269,91.93525365165708,0,normal
1443,10089.258831418108,248.13795564638764,2.138689748323122,-0.7424424594471329,92.8586354982857,0,normal
1444,10097.447982782856,247.9375972501849,1.7512282800285215,-1.0462107290952354,92.69190115752887,0,normal
1445,10091.889765546575,246.17378607380405,2.121926302041744,-1.403315788189871,92.21336870826408,0,normal
1446,10092.190959022517,246.2253017996632,1.9006208998258003,-0.6895864659061878,92.62138773312373,0,normal
1447,10097.443871615556,246.45081707458465,2.118494732415263,-0.8371239920498464,91.80113152415164,0,normal
1448,10100.372024843067,244.5812629785493,2.1207795305084507,-0.7645227420456042,92.03319447331226,0,normal
1449,10093.94610735124,247.0932631301576,1.5693001188791191,-0.4089890779792696,91.72603816708182,0,normal
1450,10095.033670615465,246.408986032595,1.7631970087105058,-0.4671041118169616,91.22460591975955,0,normal
1451,10101.640987487906,247.577868507248,1.684305018091785,-0.0791780452989766,92.4645356261914,0,normal
1452,10093.964772960768,245.43650392986248,1.469123755299307,-0.5686290481188048,92.1210695082614,0,normal
1453,10105.391240909416,245.8443959112604,1.6018422246703932,-0.7808318291848353,91.85669324348208,0,normal
1454,10094.822953636309,244.8870138584601,2.273758608553928,-0.5881598504066361,91.83867418350697,0,normal
1455,10082.794972218137,245.32071134626185,1.885104098027615,-0.364624047626526,91.07886828482502,0,normal
1456,10094.959714922928,245.0759526571816,2.124946263171629,-0.1418140090191708,91.33512246977176,0,normal
1457,10092.683900320624,247.18833785183503,1.886241051815766,-0.8435271717520261,91.98363875298122,0,normal
1458,10096.802896010237,245.430054847539,1.5516842269607611,-0.3573386753121578,91.5425263111592,0,normal
1459,10093.287027501856,246.18999352603657,1.6040798268206475,0.1668034493714751,91.6895658943014,0,normal
1460,10088.786837294132,245.62412920284007,1.7793012576044076,-0.3439963651052982,91.73725431189143,0,normal
1461,10082.906674663993,244.67610009578905,1.7311410063699415,0.0517399185701321,91.4393289324002,0,normal
1462,10087.523195448,245.71955941352687,1.5110878216496402,-0.0350535218978376,91.2874070746766,0,normal
1463,10083.84699859501,246.4309024446965,1.3084074647437065,0.1485089372734989,90.95581320185843,0,normal
1464,10084.719462861987,244.5696462212034,2.2527819922618058,-0.3363134567966589,91.67918246271448,0,normal
1465,10090.07868924308,246.533813886846,1.552835191052779,-0.2900578045074816,92.05202021822464,0,normal
1466,10094.990323345586,244.8239857195632,1.5027998366312283,0.0026358452814805,90.9109989453666,0,normal
1467,10088.110498067914,245.14145871955463,1.5785769037485209,-0.4181175764771572,91.71071889582608,0,normal
1468,10079.645451061337,246.107611937826,1.496436682499952,0.005584068502326,91.853068953776,0,normal
1469,10087.32704325004,244.86774799628543,1.5597378783284614,0.2072486887449701,91.20729039631418,0,normal
1470,10090.55784054752,245.5248018182849,1.7839530281266105,0.7115375763255753,92.40256456805992,0,normal
1471,10080.98796440022,245.13038398465207,1.4942086935938188,0.3415650334566952,91.48787989391714,0,normal
1472,10082.820585278114,245.53411258397816,1.2803330738811978,0.4527221406539363,91.61918357800133,0,normal
1473,10083.00955527725,242.98551327648485,1.4755207334725973,0.6586617558811425,91.5780875357731,0,normal
1474,10078.448772388,243.499931808799,1.4111735866699564,0.0638087612485756,90.76207806777272,0,normal
1475,10085.043578514687,245.9108099643321,1.7862777878438345,0.3472504137633155,92.14041956275142,0,normal
1476,10080.61816784502,246.2991356982945,1.7344118661686947,1.1676110936635942,91.1466987875516,0,normal
1477,10082.733180827014,244.32047407858403,1.521632375703974,0.4590667941686211,91.49445011444668,0,normal
1478,10075.60260425322,244.9578464715153,1.2455689482829215,0.860114339753654,91.89963180348362,0,normal
1479,10077.249316235551,245.469427304256,1.2585728601800807,0.8562155013512667,92.31918386781568,0,normal
1480,10082.437113526672,245.8426889331228,1.510451522082787,0.165058700516697,91.0365379938022,0,normal
1481,10076.341757522448,243.0984974866981,1.5795981968263968,0.7424876721071361,91.34087667286092,0,normal
1482,10086.213638557294,244.21878740340875,1.4435346843140406,0.7336348391685689,92.2427857010261,0,normal
1483,10074.94577657399,244.75285916622707,1.4297545776528902,0.8282443393703299,91.770736089679,0,normal
1484,10077.424825000133,245.77115539805783,1.415743175972879,0.5420127827827236,91.8616137069532,0,normal
1485,10080.314169323488,247.55099506744884,1.5393027585872716,0.4714691268292727,90.9874584353944,0,normal
1486,10067.90163523374,244.8110871480248,1.0782474168824925,0.7013145980373343,91.3102645130048,0,normal
1487,10065.524169288885,243.62062800054315,1.346465666630232,0.851592067696987,91.40264655078556,0,normal
1488,10066.027248466928,245.42037501917832,1.4543348752586716,1.2724460918318905,91.04416322212408,0,normal
1489,10079.28840175628,246.3315969016465,1.835310153827073,1.497339000409548,90.62222481194593,0,normal
1490,10069.528844221735,245.1131050962448,1.446126521612443,1.4054632383877494,91.19051341964216,0,normal
1491,10084.384556338337,244.09493019028244,1.6610401867144733,1.2779898088738832,92.10901529799214,0,normal
1492,10068.07058757918,245.9580597389493,1.687249855164512,0.751164656090408,91.44742324422955,0,normal
1493,10071.105758627438,245.6640983850164,1.919414313004732,0.961383222402462,92.09080549901576,0,normal
1494,10077.177710171556,243.976958603606,1.931086445473411,1.1776396570461465,91.47885366528908,0,normal
1495,10078.77483648862,245.38895046421527,1.6866137277223905,0.954536775902558,90.99253357616251,0,normal
1496,10078.3222271902,246.01127273671497,1.623315287621553,1.346007064684165,91.99910369275622,0,normal
1497,10073.320076304926,246.2043738646436,1.6066473524346558,1.416512601335097,91.45172797337314,0,normal
1498,10071.655365857509,244.96650243990885,1.7128543950039057,1.387694938491835,91.8116204807827,0,normal
1499,10068.747842601068,244.6873263153802,1.696510643096986,1.559685407632153,90.78154007154096,0,normal
1500,10068.920589396546,246.28711570161693,1.9168346641669312,1.0049779226872555,91.81995382512147,0,normal
1501,10061.509928770509,243.86609349191127,1.9134476401937803,1.5792655249584124,91.81976178481509,0,normal
1502,10059.405509739296,245.5332148339226,1.97144885628124,1.112615518109917,91.4148136553064,0,normal
1503,10062.703929076106,243.74495254412545,2.129015503639862,1.0597315177161994,90.85095498435832,0,normal
1504,10061.087903429425,246.2026530154364,2.2741097680551934,1.5211425736380233,91.21577211648464,0,normal
1505,10058.884517643255,244.9034738237198,1.951091913740672,1.744539966853818,91.528658731417,0,normal
1506,10063.838311460197,246.4562804988847,2.1708598440791187,1.5432104019427808,91.32441249442648,0,normal
1507,10064.332581011657,245.7072128004305,1.9055654645136333,1.4188189895587686,91.49166246842994,0,normal
1508,10059.191814590286,244.0225962110447,2.237889553172022,1.5201241319964374,91.681118557003,0,normal
1509,10065.32528082507,246.70236218025087,2.238178423136933,1.4812219874642771,90.83452928170988,0,normal
1510,10051.41124139533,246.86278656492632,2.252483542933723,1.1144284037776655,90.5648559288399,0,normal
1511,10055.32773429471,246.22950996239143,2.094411100010737,1.090040495425126,91.10715123113604,0,normal
1512,10051.882635056956,244.6231788246255,1.966533328342364,1.4484751962096918,90.94446335376448,0,normal
1513,10045.299232015024,245.1181419869624,1.845656642718432,1.5040516206269192,91.48556150858586,0,normal
1514,10053.378216965612,245.6108026869966,2.14060091698337,1.4901339080413285,90.53858321306708,0,normal
1515,10052.33720903013,244.80469838788176,2.478885451631009,1.6948663428373298,91.56910986852976,0,normal
1516,10059.662226914945,247.24558525389685,2.1335579299672096,1.4313517765409345,91.71870561874805,0,normal
1517,10054.392858793784,245.7441736926181,2.37530747894374,1.6675011842739411,91.02492848955136,0,normal
1518,10045.256564584306,242.9448677156869,2.409282101841736,1.4564953922830328,91.0379180369097,0,normal
1519,10058.781622164675,246.03768077312452,2.2053631331301107,2.0467933208284403,90.60644993604498,0,normal
1520,10054.745037363007,245.4019973737861,2.5463227859529938,1.5225642541354656,90.70146692822055,0,normal
1521,10050.674203008744,245.72875790614785,1.7215676235519903,2.1977830094883606,90.7511059495052,0,normal
1522,10045.750363271529,245.49027325840848,2.078237579223811,1.5970398846153064,91.65912570923447,0,normal
1523,10041.199968617228,246.72280359046505,2.158342237240225,1.42186124527135,90.8840079031115,0,normal
1524,10043.245912277407,247.0939431447505,2.195353259571089,1.2093207250724642,90.24105244483523,0,normal
1525,10049.655959956175,246.31741696497224,2.4434783684719124,1.0381481274694306,91.01192150820908,0,normal
1526,10052.735997902377,245.75674725369632,2.450222484424691,1.1641177821650586,91.2794063897652,0,normal
1527,10050.12580225857,246.117977398718,2.486021850780143,1.18688904576284,90.8354860076834,0,normal
1528,10039.057614829662,246.2437066057477,2.5404310004400243,1.5571318197432584,91.5646439586354,0,normal
1529,10034.991901941925,245.4879796418078,2.244131935663125,1.2674563572852393,91.20055411580036,0,normal
1530,10040.378488547616,246.9371248094133,2.2023706279882216,1.4667215601868582,90.2689167813173,0,normal
1531,10029.911961317268,246.8874816368508,2.536007987280666,1.779304945066326,90.49936675670344,0,normal
1532,10039.446222164508,248.03855268155664,2.3402942234197224,1.3511817766431544,90.86972081258396,0,normal
1533,10036.164813103756,247.8255340595901,2.160676607615467,1.982844458580126,89.90496190169169,0,normal
1534,10033.641395715726,245.9579540797912,2.6762847703519643,0.9867042258769853,90.88760993323665,0,normal
1535,10027.0632179507,247.53871459362,2.76707580274416,1.27341711404694,89.81994345211339,0,normal
1536,10036.666385237722,245.8435626475048,2.804307223004207,1.134756316098397,91.19368442187972,0,normal
1537,10030.493122114349,247.5678300938769,2.5338642820518933,1.5542933819617146,91.11676936864896,0,normal
1538,10026.361968106889,246.43391695560803,2.6239959513524065,0.577049196685533,90.8966217261663,0,normal
1539,10016.901946063426,246.00713083930387,2.7738832071756736,0.7905733809796391,90.28732596042052,0,normal
1540,10030.174261149315,247.3914701204688,2.3714769212856788,1.1647241283486638,90.69133812579815,0,normal
1541,10038.218641044346,244.51905375628417,2.72049699296005,1.6346845441704172,90.33045891746264,0,normal
1542,10036.706290806324,245.5259639309284,2.5507964357379955,1.208314565680737,90.05259225594666,0,normal
1543,10025.154285147431,247.1838554303455,2.6745762173302428,0.7053621379639543,90.3794238227216,0,normal
1544,10023.46573387156,247.5292523154336,2.5239398604142647,0.7209410864515466,90.8786686517134,0,normal
1545,10027.855045539392,247.16397625505792,2.739643417904964,1.5502806560736198,90.53213058159623,0,normal
1546,10019.55107605256,246.04132985201684,2.5175669181734226,0.8293925119358697,91.21621502703722,0,normal
1547,10025.081337457208,246.8912970959313,2.1673545343290783,0.699279055097913,90.85433782890236,0,normal
1548,10026.429796841494,248.1897373465236,2.744663719102224,1.3909310653144065,90.7813333159442,0,normal
1549,10027.758819139735,248.4705294305706,2.2537648314635903,1.2157467456952726,89.6280197856835,0,normal
1550,10020.14597781138,247.96358865578875,2.681767262127447,1.2585127695999672,90.27035569879796,0,normal
1551,10018.648909958743,249.22851771621927,2.399914019702558,0.5543709389001082,89.8611593689755,0,normal
1552,10014.295929580216,248.5617244211545,2.63892708012286,0.3441850485394837,90.28221541046804,0,normal
1553,10013.568135979487,247.5102494508157,2.615431791197516,0.8032784345640304,90.00741269303217,0,normal
1554,10015.585068286846,248.07127765316872,2.4582888553729867,0.824791130472892,90.14554677839811,0,normal
1555,10017.567543544756,247.04364741732027,2.45681905953921,0.7939068553819515,90.84519568640044,0,normal
1556,10019.310319347673,248.43372982594184,2.421601859904881,1.087638491203208,90.53247288883304,0,normal
1557,10009.736707441598,249.7499079103917,1.915432810867434,0.0831304582516473,90.77860925839082,0,normal
1558,10020.224875769532,249.41958070963963,2.3221901028694534,0.8197034815782147,89.4548871039867,0,normal
1559,10010.4133695166,250.2332895514802,2.054891366162198,0.1908362563298958,90.26436709874407,0,normal
1560,10010.668528758202,248.6258520547216,2.2912266567429005,0.7341053629119847,90.69885979529718,0,normal
1561,10006.044607014794,250.3727226567916,2.006643406101727,0.2920291383094769,90.94876126565424,0,normal
1562,9996.663786231366,248.93159353746304,1.975896257235732,0.1470649587051554,89.40165555580838,0,normal
1563,10012.208658145302,250.69510777734112,2.5109961701898227,0.1646739287552631,89.98002680518935,0,normal
1564,10010.475315443098,249.3006014587585,2.3805464476022933,-0.1299629328266699,90.65293525615512,0,normal
1565,10004.38644386225,250.1288960991181,2.1420595974953662,0.2716508683084522,90.01972247655107,0,normal
1566,10005.129441620831,250.9962149351357,2.1557158431692174,-0.0167113243381227,89.64068092360924,0,normal
1567,10006.375111065285,249.42730434034308,2.044756063173348,0.4063551015263124,89.30090871028726,0,normal
1568,9994.983233096053,249.93890205672253,2.183655899680528,0.3177039883993731,89.58156848027814,0,normal
1569,9999.150966803569,251.1092693856846,1.9096369420652912,0.5872427018295525,89.19147376952417,0,normal
1570,10004.767641776703,249.78736752306943,2.2186509626569264,0.1457295423164314,90.04515659598887,0,normal
1571,9993.524879819865,248.69947498167804,1.944290889678815,0.1470380929245454,90.44408163160358,0,normal
1572,10000.2641455208,252.26336274931967,1.8859569332172683,0.3658764199901163,89.34543973774504,0,normal
1573,9991.013596124516,249.75053152027505,1.949362179089338,-0.2873918842090386,90.0847949735582,0,normal
1574,9999.129024695118,250.4789042099705,1.80202087484437,-0.5904209140114623,90.35857301038187,0,normal
1575,9995.61935731663,251.57587894790987,1.961416709030965,-0.1286360678003006,89.91459713113814,0,normal
1576,9986.72301583378,249.91093455084007,1.7638984646446492,-0.6600053765548783,89.09062635080755,0,normal
1577,9999.624001998962,249.6109089530056,1.9410879520017967,0.4586250938959804,90.06911188186477,0,normal
1578,9989.129597620364,250.9716150721628,2.066978250591155,0.1150015895736377,89.82872763770483,0,normal
1579,9987.754263335411,249.0236151450971,1.656746782685838,0.2837430732696835,89.75785818610923,0,normal
1580,9991.812160963387,250.627272568035,1.7518285741872115,-0.3901887822156718,89.54276767666441,0,normal
1581,9995.557210241968,251.25833835185605,1.848097379043278,-0.286855842611724,89.83967418303351,0,normal
1582,9983.740641506687,250.84106352698865,1.647157630978142,-0.6325688011979087,90.03130396625505,0,normal
1583,9988.134994973196,249.66483582554503,1.806355118564321,-0.2721017606645557,90.95185598164706,0,normal
1584,9988.978740678269,252.8992527712546,1.8044488062269035,-0.9434119516472768,89.79285919772595,0,normal
1585,9989.309565188803,251.5048790027943,1.8906658347774223,-1.3829258955409274,90.4724513230561,0,normal
1586,9985.737039489231,252.92819848274613,1.5342747122542857,-0.8979021189153747,89.8759741759704,0,normal
1587,9982.032001582,251.3321168323576,1.4492380541478684,-1.1374273946797135,89.62757865172445,0,normal
1588,9978.74311201122,250.80661097839632,1.559503333614719,-0.2968730905571692,89.7318950261449,0,normal
1589,9982.327416746162,252.04959913119524,1.411641308553146,-0.2343474582566326,89.02706576177238,0,normal
1590,9975.553446802653,251.6577141919191,1.7032511971538589,-1.238027906839391,89.77121297262765,0,normal
1591,9965.326742546667,250.7880735920156,1.3441849839592208,-0.4669976140831366,88.60263736687212,0,normal
1592,9981.137653720269,253.5271667327448,2.03038065664902,-0.6056909091244721,89.14776391504533,0,normal
1593,9982.497993137244,251.52583674945555,1.811295403704364,-1.3978315818096814,89.61448792520315,0,normal
1594,9965.189323136192,250.39770587179828,1.544076935865642,-1.0789368617378414,90.13707084286744,0,normal
1595,9970.983297754745,253.65510843573213,1.7056384878962674,-1.1699981391412098,90.23595122406508,0,normal
1596,9978.158085332614,251.91068374521583,1.196566381165787,-0.8047465360654726,89.38297299073128,0,normal
1597,9984.382647873254,251.8942312871615,2.021558520219909,-1.4300489329000494,89.55976207025913,0,normal
1598,9973.23458602154,250.8227402227841,1.3930055701750763,-1.1223916853298084,89.9547935844543,0,normal
1599,9968.528736651348,254.41410670983203,1.4823357726379187,-1.3288416356694543,88.7786282410534,0,normal
1600,9970.295186127967,251.4676528189988,1.131869015600625,-1.0103796369699574,89.62656711932762,0,normal
1601,9977.127846414409,252.89844825328635,1.598175653620814,-1.2457032429834742,88.99112285269047,0,normal
1602,9966.070414037,253.83434849985045,1.2787593254930745,-1.368460466773213,89.30009217631412,0,normal
1603,9964.354115464252,253.4240058627273,1.5207189426849896,-1.2980098338446011,89.1374898847029,0,normal
1604,9964.989363417546,253.0219944946044,1.393141307581225,-0.6482315813856975,89.56574068409321,0,normal
1605,9961.69270318285,251.45811020674705,1.2893005611336288,-1.408004837151137,89.60433876148743,0,normal
1606,9966.132317037232,252.4269146194087,1.3480678204809664,-1.6179724720218722,89.75591864784386,0,normal
1607,9972.70542505744,253.5000085707327,1.55941589432326,-1.1522017803256213,89.46574006953409,0,normal
1608,9965.264038205716,252.5992781010864,1.264492360916898,-1.390655777354465,89.35879972178715,0,normal
1609,9961.45711851007,253.6627010337391,1.3787582633142732,-1.7913223336639787,90.18138962063334,0,normal
1610,9960.33380193702,254.2125906947168,1.6700837687646863,-0.7152270470337956,88.4736776305334,0,normal
1611,9953.054697181346,254.5634435920261,2.067989748845908,-1.5070973095710152,90.0652179545612,0,normal
1612,9964.367905956064,252.44341444046705,1.6542072490455322,-1.530131016709138,89.05413618697237,0,normal
1613,9958.648881661684,255.9334251567204,1.387535914420449,-1.382961132040665,89.4662071461191,0,normal
1614,9957.225474814317,254.5699490879396,1.5109364725302763,-0.9247305399625964,88.99972764734855,0,normal
1615,9973.18740613468,253.864925294162,1.6050870567362352,-1.959243710230698,88.7931665511333,0,normal
1616,9957.813904527997,255.0187991311288,1.5442970822438673,-1.3827692091287047,89.36869139612044,0,normal
1617,9951.663824376004,256.35572176764333,1.81117086647266,-0.8483092575517535,89.62951974683679,0,normal
1618,9952.39808897065,252.6110492697829,1.6913544999985373,-1.4434713017125915,89.32710151651732,0,normal
1619,9959.383749797278,253.8823422497928,1.8476110177485272,-1.8589553186929009,88.80177253168446,0,normal
1620,9953.324153412845,251.7853657666656,1.6221672448032471,-1.678799980605969,90.8608310586109,0,normal
1621,9944.68741575792,254.41097602998764,1.9699587048764304,-1.4347981135678438,89.63686294842326,0,normal
1622,9955.600766691072,254.63655853651008,1.692101901786301,-1.0998565700299985,89.48676359246753,0,normal
1623,9946.794617456157,254.28313356761777,1.5523877619694104,-1.6017842834896638,88.82622464230593,0,normal
1624,9958.637529055251,253.7171646398945,2.203949832865593,-1.251523892446707,88.6728379093388,0,normal
1625,9953.812055646764,252.3698376015408,1.425928893163135,-1.9283165150281103,88.8283167684423,0,normal
1626,9945.321139759397,254.83877202605416,1.6661379634017557,-1.9276599788420568,89.49185825695004,0,normal
1627,9953.114009147244,255.96477301566955,1.711906592806432,-1.634878286476083,88.4388763782334,0,normal
1628,9946.204712054936,253.96061658984368,2.3628065073594744,-1.0527821415183447,88.38320677431882,0,normal
1629,9949.29122345308,255.0321708950925,2.2466971837070897,-1.456345372933516,89.17032086822991,0,normal
1630,9946.618436957797,253.0626057899826,2.208577816497285,-1.3815522055317089,89.04349367974751,0,normal
1631,9939.13598786643,255.1247500661295,1.868352708735901,-1.3752379380563795,88.48219865388222,0,normal
1632,9939.328683425549,254.3090746511587,2.444576050198967,-1.114752977300825,88.30532686253513,0,normal
1633,9946.880643429658,253.9730780246859,2.0579684861195893,-1.6181324690560968,89.5535652835193,0,normal
1634,9939.247196303348,254.00627722520707,2.2047476419420247,-1.2148401551950665,88.99692367192736,0,normal
1635,9938.098972113266,254.4022675827324,2.070207694053669,-1.6555708161625085,88.12057635672551,0,normal
1636,9934.543731226982,255.20563249107843,2.049263299820982,-0.7950389690016777,88.13957411443342,0,normal
1637,9940.645537160968,253.5364267694492,2.033541014826509,-1.612601920973236,88.58979485043477,0,normal
1638,9948.05451133308,254.4749260629944,2.066499188272658,-1.618430061023353,89.12125863823607,0,normal
1639,9931.6247928289,254.8520722888825,2.254384942537208,-1.1688227558987043,89.03675354905752,0,normal
1640,9936.310429048568,253.81405016228885,2.23005435097162,-1.288597339054478,89.28962590380472,0,normal
1641,9942.483689920966,256.72733473818704,2.17385644117592,-1.1921071232566884,87.96327683914738,0,normal
1642,9934.264093253816,254.0927820040688,2.505141554789171,-1.1984366236608246,88.8051693490907,0,normal
1643,9936.170405972978,254.2904700730705,1.6324641974870313,-1.569076456933237,89.39112610599528,0,normal
1644,9927.849435222906,253.99324464279195,2.349805896379186,-0.7321614744617873,89.32962892251086,0,normal
1645,9934.562478025606,256.7796897309124,2.412770381636085,-0.9212223771646146,88.82787384149769,0,normal
1646,9930.7515187399,255.54177950609144,2.519336491072352,-0.7536456630362283,89.80775405562541,0,normal
1647,9935.889018787746,254.0579514217724,2.296966197533988,-1.2908304054383914,88.92384993439487,0,normal
1648,9936.17733171718,256.1044463866218,2.3707463777443167,-0.977355543984838,89.12618134560779,0,normal
1649,9942.47522822118,255.20058570250748,2.544751184967112,-1.0120915304803169,88.61277215960946,0,normal
1650,9931.719631629156,255.25681272164783,2.66332521043262,-0.7009266434900912,88.1859416688396,0,normal
1651,9929.75162089211,254.65275462704128,2.3216026141255104,-0.6583430294657586,88.12484818579459,0,normal
1652,9928.402922039366,254.2434895579888,2.450768773634176,-0.9146865580003466,88.63942761802682,0,normal
1653,9924.98078712918,255.32434825750548,2.7477589886314724,-1.3932961923435383,88.4291813684396,0,normal
1654,9927.761981149397,254.433176975584,2.0008794634380727,-0.3684772841066095,87.637098403685,0,normal
1655,9923.92289120244,256.7847106429771,2.3002590509989127,-0.699232540211561,87.99510117259986,0,normal
1656,9925.579999403542,253.68636760021445,2.742910033345221,-1.0114334353835333,88.33555210341684,0,normal
1657,9930.67100463712,256.4775369729604,2.678607548136566,-0.6690672779923289,88.84530002715022,0,normal
1658,9918.40321820461,254.8138063597598,2.573796157052422,-1.2057737069796428,88.46068167753913,0,normal
1659,9928.495894251677,255.20598596661483,2.38762185032069,-0.3965782948844695,88.41989792367033,0,normal
1660,9928.75036748327,255.7198703285908,2.307818530753009,-1.114644493436303,87.94983952942975,0,normal
1661,9920.950523668078,254.2343209764549,2.3715699088900544,-0.6990221653624206,88.44240036609173,0,normal
1662,9910.31551181244,255.7047306024076,2.803821201598552,-0.5183568785432098,89.07804623987268,0,normal
1663,9917.277503831936,252.10691418022915,2.371702252791012,-0.238430211549837,88.48411983172744,0,normal
1664,9926.20138223236,254.06651860126743,2.519603398716842,-0.4760125971505426,87.64067139925012,0,normal
1665,9919.009893212353,253.83258088659284,2.3492572551689253,-0.2749238688207683,87.75672327332464,0,normal
1666,9913.543633895912,253.47137064695016,2.6679838318674234,-0.4308806942196707,88.66519733975935,0,normal
1667,9915.440327902405,254.4762648989648,2.389865699017663,-0.388724138702056,88.24712631255954,0,normal
1668,9921.599563603608,255.0414363576012,2.47503033805846,-0.3097217741165178,88.31063915436992,0,normal
1669,9919.570652559449,255.32095082781376,2.153574735249148,-0.3480771154611113,88.03037260686145,0,normal
1670,9915.091161702176,254.81992477165448,2.1620541877983195,-0.7530633980151289,88.57742255006046,0,normal
1671,9913.908908966554,253.8722801765476,2.47952757973898,-0.4330995926706466,88.16440176388987,0,normal
1672,9913.249874734694,254.86410057730225,2.205031882651724,-0.084497983084254,88.21086669873397,0,normal
1673,9910.0707280745,254.5746823586417,2.8819761006947875,-0.1878525005885931,87.86804388410827,0,normal
1674,9922.24230261242,255.339985256713,2.038397452672667,-0.11494289137629,88.74415413237284,0,normal
1675,9912.045050373154,255.1326367037774,2.279283797162892,-0.1202288591863968,88.16256665857598,0,normal
1676,9919.242308140248,254.33620510491028,2.4301777438004124,-0.2373039688923616,88.5670704772823,0,normal
1677,9920.271642888723,253.3567821409048,2.340262824605781,-0.0811755786079781,87.6565054705652,0,normal
1678,9917.173897633797,253.5476898899711,2.177879154356744,0.0196233727981294,89.11058843205045,0,normal
1679,9909.550303785918,253.59577538489185,2.191544948344079,0.1580339766382517,88.87285512624679,0,normal
1680,9913.261947093531,253.773564938716,2.1684643445367984,0.3191818448093994,87.26996709800753,0,normal
1681,9910.666085498608,254.29851275033224,2.291799167885119,0.1914995232666868,87.81477253307939,0,normal
1682,9905.821242334929,254.68565563179047,2.721204994628408,-0.0189567786790098,88.4456122282765,0,normal
1683,9911.523202105322,253.85779332800948,2.32725543025784,-0.0854705526984985,87.53816378585977,0,normal
1684,9903.576870583398,253.86190407559744,2.5283178554311543,1.1568989466260078,88.12364434970227,0,normal
1685,9914.990183041597,253.92441459893035,2.372473620866932,0.0820971249562143,88.39435161497416,0,normal
1686,9906.317510918483,253.1990195941279,2.47251387074102,0.3084490742272368,88.08044899210982,0,normal
1687,9909.24434285416,252.721863342516,1.667787346654077,0.6617140043360837,88.43419024326445,0,normal
1688,9909.262107171418,251.82268954213623,2.144358087079074,0.6569935171001485,87.8102484039728,0,normal
1689,9906.167481540482,252.8124187173901,2.443633242738489,0.7466226378851639,87.027149357096,0,normal
1690,9910.021067733938,253.9087511842915,2.0443600398539683,0.4986441183544943,88.63280963061379,0,normal
1691,9904.34796392371,252.659357752056,2.487306198315343,0.7435546988103934,88.62235697093774,0,normal
1692,9910.72317984842,253.04978074889505,2.4073569983277188,0.7303136721030942,89.37915218836683,0,normal
1693,9899.290369366843,253.6780226786781,1.9922438367508968,0.6575537863177291,87.01681209639442,0,normal
1694,9906.315137967664,253.65499989889744,1.96071315844378,0.8634227196878947,88.48908085607202,0,normal
1695,9915.05028896447,251.97624287914687,1.8337472433514936,1.1443052952505286,87.12277181034189,0,normal
1696,9900.035855602133,253.97307814705545,1.8855809629817823,0.8581865280632104,88.97899688534086,0,normal
1697,9901.34015179816,254.0224215714096,1.73998465051852,0.8965551093090448,88.33851094986369,0,normal
1698,9906.999307357644,251.68311632629548,2.0473010902489026,1.257229189673835,87.61263093834889,0,normal
1699,9905.038125421162,251.9058988663651,1.64546207913743,1.2599075714051284,88.47291556753001,0,normal
1700,9905.613401308412,253.83650411374632,2.03270879326375,1.4805246960541072,87.80068251238241,0,normal
1701,9906.035834658163,252.41317947383808,2.0130887903004697,0.5114142521980463,88.22200602992416,0,normal
1702,9906.502795475377,250.25385063307013,1.5310242895481525,1.34182425136132,88.16956412075588,0,normal
1703,9908.626643468117,250.9865532427669,2.1493627773785366,1.281804496495285,88.93364695324036,0,normal
1704,9904.885885773552,252.04851682722185,1.918656219244208,0.8656856269157703,88.96419880482145,0,normal
1705,9901.398868686172,251.0455763830615,1.9428693371379977,1.235890418162854,87.75347045254857,0,normal
1706,9905.74612933878,251.70504442549603,1.6187096328560902,1.5037389692991618,88.5767180256533,0,normal
1707,9911.670535973308,252.05986621356976,1.873005210940839,0.9665736884489876,88.2208426037618,0,normal
1708,9901.305605838834,253.3979154467073,1.95252333684072,1.3739153069273458,87.3330344579115,0,normal
1709,9896.903579360158,251.5526235307025,1.6869199730799804,1.5272609458201925,87.68741032748414,0,normal
1710,9907.12890283827,252.82229864435607,2.087156393804921,0.968118055305673,89.19994303963652,0,normal
1711,9900.81870784844,253.084496525265,1.6764979851312354,1.2691469027976516,88.20733947391642,0,normal
1712,9890.394237970988,252.99536327855608,1.8775859887209,1.423351249186563,88.52504150377993,0,normal
1713,9905.341540278809,251.75050104793544,1.6906506059183797,1.1142497455099225,87.91606648167763,0,normal
1714,9898.284526629684,249.406563873018,1.7326928531378425,1.1081540094770352,87.74925239382938,0,normal
1715,9900.37514061504,251.734236529624,1.2658226235753032,1.3489627433067466,88.03018839434846,0,normal
1716,9902.36426528317,252.2248608477098,1.6597999243187769,1.646293758872512,87.88103524498337,0,normal
1717,9901.543348113872,250.9979725814389,1.4251300672350276,1.6139826373242192,87.26519052878373,0,normal
1718,9904.034535717512,252.72577068244,1.3904508015900567,1.176220531087933,87.50808280390933,0,normal
1719,9898.21622288522,251.74277503767988,1.8972569194530968,1.6427855451765194,88.36181535196748,0,normal
1720,9902.87552238672,251.35261635239485,1.4955167268855003,1.207541752606856,87.8158545233656,0,normal
1721,9898.93856758328,251.7718114587452,1.3285989868357613,0.9851488589907552,88.0175784604379,0,normal
1722,9903.86663723776,250.91961420793743,1.4495982104024117,1.3666115592885588,88.12091322191505,0,normal
1723,9903.19568877384,247.99401297649223,1.2546958626557858,1.8208712948027963,88.15890205148484,0,normal
1724,9895.397912395634,249.8880689207288,1.79613695702969,1.686659019424518,88.57479164877482,0,normal
1725,9905.471263444952,251.48460541777249,1.3660244138285849,1.4939488988200402,87.4514791497473,0,normal
1726,9897.337778378143,249.379960597628,1.6080578896080204,1.372613505677998,88.28547827384611,0,normal
1727,9904.04412549188,249.86411896141647,1.771700831811383,1.382553458094688,88.37759062676928,0,normal
1728,9901.836513497256,248.94275964625885,1.3999790800087264,1.5326250861851272,88.49292742810576,0,normal
1729,9909.19723565298,251.67152801032267,1.6071939455579964,1.1786159947636878,87.2936675456726,0,normal
1730,9898.905226980838,251.46915228383327,1.2967998573427375,1.392523531720533,88.12786074702747,0,normal
1731,9898.3022101968,248.8039302758072,1.995241289767871,1.4287462325162046,88.85901385674711,0,normal
1732,9899.987928469936,249.73536139203856,1.6978682348253835,1.0832120944706956,87.9521402704092,0,normal
1733,9898.615351321276,248.807998333738,1.4777990167084163,1.230777737303138,88.2443723556911,0,normal
1734,9904.18717027298,250.0040706066133,1.368690602184636,1.5979080496463467,88.393947012558,0,normal
1735,9892.17209941966,249.7996869723723,1.5085866900426752,1.4687261829428162,87.49233812703771,0,normal
1736,9895.061406616314,250.00287138326675,1.472689199337491,1.3630415259381583,88.92350873874089,0,normal
1737,9895.076937289425,249.42456969877588,1.9417228437392324,1.1707292595682544,88.25806943643082,0,normal
1738,9905.263581364285,251.9299058242728,1.3175969090306094,1.9044002217758385,88.26999227518503,0,normal
1739,9909.171150487176,247.8688264064361,1.6023270712927749,1.1658511788309296,87.18134798348007,0,normal
1740,9900.21181586025,247.0888386557946,1.5854234683578468,1.477347029761147,88.41195363816539,0,normal
1741,9900.01585817674,248.30952385550256,1.5803603749640345,1.238871117862895,88.27040450654337,0,normal
1742,9901.346046368715,247.03831677369595,1.597860644991301,1.3782316736194298,88.832011374924,0,normal
1743,9906.950896165588,247.0180912117044,1.6130621968440515,1.4855163291489049,87.86719748589879,0,normal
1744,9896.660343848149,247.4140830287148,1.8284910747029657,0.916828631480406,87.53211302558277,0,normal
1745,9902.65442950612,247.39868679848263,1.7941413783929134,1.304397911256225,87.68813219446179,0,normal
1746,9906.513901474134,247.2724072502961,1.7754124071644426,1.6409028991278705,87.78026914900082,0,normal
1747,9904.328549034395,248.65210311724329,1.1048885724481128,1.7882811631852582,87.47703830462825,0,normal
1748,9902.965968737532,247.5353003417163,1.7924224134340907,1.1958389313652489,88.68544122497377,0,normal
1749,9907.2280716995,247.77036344205865,1.4227812623648814,1.2212487382493944,88.70830575619911,0,normal
1750,9888.921237988186,248.75331942702016,1.9052339618258605,1.844957749056637,87.95085213849366,0,normal
1751,9906.051090446112,247.00282910011973,2.093490156017,1.4937852670441245,87.85685431592705,0,normal
1752,9899.625383575594,247.4155630081843,1.63646703169118,0.93883485453764,87.15017428316497,0,normal
1753,9893.986355992603,247.95775410047548,1.792928501461711,0.9080258904645088,88.41077103718952,0,normal
1754,9905.9489779274,245.56327469150384,1.7493700044519898,1.3494021896734565,88.89457935300844,0,normal
1755,9910.52436273148,245.03378339064977,2.140610829184735,0.7268865156268336,87.75452404148358,0,normal
1756,9903.241566821134,247.6796851258976,1.9370795130221168,1.3233488751925642,88.02018392499723,0,normal
1757,9908.975528557894,247.74152751249537,2.288494046509101,1.0632567735993177,88.30136884709542,0,normal
1758,9912.56447234402,249.23077895964408,2.050476145212941,1.0833523432575338,88.95227080138652,0,normal
1759,9911.379128166513,247.2428326322131,2.041193144908361,0.8152501327186986,88.1959792288894,0,normal
1760,9913.315372855044,247.8238224711868,2.0313405078873976,0.6667540091821443,88.20002596217701,0,normal
1761,9909.14667033905,246.7291534348785,2.2062493751430607,1.2569604028626205,88.19837990825373,0,normal
1762,9906.143140071612,247.1436267331496,1.7199589143912402,0.7062660015217126,87.40280318409025,0,normal
1763,9898.095505135316,248.4366911845619,2.1092414386593425,0.6182290890019129,87.3987113569811,0,normal
1764,9905.223773460184,244.56976853912388,2.1026094687082786,0.6780236092960752,87.72508413345925,0,normal
1765,9902.59595914374,247.0330270806328,2.285857146624296,0.7198946762925916,88.64268912942512,0,normal
1766,9918.03433063043,248.68199920954703,2.1270358236171907,0.3120680607285873,87.9759138055858,0,normal
1767,9906.676894864344,246.7568297440485,1.980220666906332,0.4106225706482362,87.88632445412895,0,normal
1768,9908.558299134564,248.0551615682295,2.2123592766769367,0.3529207804418576,87.88525819994094,0,normal
1769,9911.094858850754,245.7066076522445,2.016715510848168,0.7496764166729544,88.09792020017471,0,normal
1770,9908.959767252743,246.23646912761168,1.8700425614833849,0.1876190279606235,89.02588906746844,0,normal
1771,9917.630459021815,246.2362306877643,2.4216932830179383,-0.1164151223115413,88.10750538354465,0,normal
1772,9906.46449021368,243.92082313659324,2.4125643558909267,-0.223274953216764,87.79840603775965,0,normal
1773,9910.98234965218,244.90748920150452,2.4099117592239563,-0.1180525874206525,88.21280906206067,0,normal
1774,9906.73753379491,244.91761444423807,2.596029714788254,0.6874402176617866,89.08653953734881,0,normal
1775,9904.299303451411,246.77697224697292,2.220549676932034,0.2395069784272337,87.96657596068249,0,normal
1776,9908.299009821249,246.76909390354143,2.084561545023252,0.3404748017381825,87.63665460130004,0,normal
1777,9911.6399746994,246.16465303845504,2.373079968967398,0.3063303937096783,87.98600753882764,0,normal
1778,9910.154768381572,246.6100589883993,2.332919901918959,0.1173924151133376,88.31040745825743,0,normal
1779,9909.324065223278,245.5688317359938,2.248289015708876,0.033165537893035,88.59984387786558,0,normal
1780,9906.248194733083,246.8836446260748,2.414064872208668,0.3239705069453386,88.76903743036996,0,normal
1781,9913.36653806662,245.640960464228,2.3199253547091283,0.0094144528012848,87.75278268161415,0,normal
1782,9906.769369659494,245.6422422070377,2.086151622680084,0.3403789663625848,87.81043676336344,0,normal
1783,9918.612727579404,245.2727578542256,2.3750904909972355,0.0620041601402905,88.13461782552538,0,normal
1784,9915.752641441171,246.17855789331864,2.244865872342291,-0.3543664395663903,88.64905536587843,0,normal
1785,9908.5891459799,245.03046782421947,2.5261054901543454,-0.3627983853657233,87.68753412071835,0,normal
1786,9914.87573113225,246.38747651588065,2.3550047045059945,-0.4763359628847969,88.02477207514113,0,normal
1787,9913.21422528252,244.240110016576,2.7137584553780494,0.062961812340792,88.04312828150351,0,normal
1788,9919.132413085626,244.236407955808,2.816197553930673,-0.4677519014939909,88.8216052383528,0,normal
1789,9924.808572263932,245.98768182702776,2.6340544921675586,-0.6294008864323279,88.62625678100852,0,normal
1790,9909.308426485622,245.17852155399217,2.189481672158878,-0.3371972200085589,88.82554495720198,0,normal
1791,9919.84551953298,244.7818781596836,2.8009858422822367,-0.5051625608788511,89.05474676986135,0,normal
1792,9919.063898356611,246.0964367442212,2.814100860292981,-0.4300952927588509,88.24446619914433,0,normal
1793,9923.823449390884,244.5716444180498,2.5004778681177324,0.0064914913389364,87.8156319027458,0,normal
1794,9922.142872082832,244.95315977161243,2.7578264528331804,-0.3280139017659497,87.83105596990934,0,normal
1795,9917.935074461297,246.52898276072952,2.3781948018898147,-0.6347727399696397,87.51484463987039,0,normal
1796,9920.725514062638,246.6472389743546,2.109348181109977,-1.1057651393147965,88.21703225998634,0,normal
1797,9918.97428493483,246.6607933528239,2.323401776847972,-0.8729742228139187,88.26697697696106,0,normal
1798,9928.975784884087,244.78853245608508,2.812991735226294,-0.5487683543598403,88.86569168722443,0,normal
1799,9924.351282768115,246.285595899452,2.159420889112471,-1.1518053859664723,88.4933515990834,0,normal
1800,9934.407228751596,244.09215290501567,2.446902588186578,-0.1958924843783183,88.25286128428534,0,normal
1801,9925.262031861725,244.12239908796843,2.4420713053965617,-0.8707947950560007,88.45330735553561,0,normal
1802,9922.694806108586,242.669030552912,2.3198039932163046,-0.8966138877344021,88.00525005700537,0,normal
1803,9919.347148246952,246.6845311893126,2.319795060199832,-1.1465905253788764,89.05101768957597,0,normal
1804,9918.58621046269,244.14185498851043,2.40802870946383,-0.8320523288756392,88.15908039547463,0,normal
1805,9920.37465751168,244.8754717074889,2.2652421744443574,-1.3620679862120633,87.99594110856621,0,normal
1806,9930.331569271028,244.0898485266032,2.076414713694498,-0.3978803236601634,88.98885970367311,0,normal
1807,9932.24726026861,245.69550656234625,2.3860826938955046,-0.6838808225337288,88.88115480723111,0,normal
1808,9922.512410356694,244.62687589559656,2.539142001881957,-0.8145642891525404,87.74652458805758,0,normal
1809,9935.615242257258,243.70185983772387,2.4789645664763373,-1.5567501402433308,89.05030183109267,0,normal
1810,9929.453318186032,245.45450372691784,2.122921880330519,-1.1067400907912806,88.26657614934197,0,normal
1811,9933.337974342829,243.5872703695368,2.0137302777181416,-0.8333293371440951,88.46502792187606,0,normal
1812,9941.40723780554,244.1937454341033,2.1855853691719083,-1.0447384523610797,88.7604327471322,0,normal
1813,9938.579121955938,242.93640028315025,2.533822401258606,-1.5488172986414412,88.97521094884063,0,normal
1814,9933.507653301973,243.63345214208857,2.326674323251069,-1.4676039070662117,88.91974571817379,0,normal
1815,9931.15624149437,245.2520372505145,2.315144467093548,-1.4314026027915865,88.68733488697592,0,normal
1816,9925.621460420823,243.1270404002809,2.328683958338521,-1.4989329405326393,88.51528908409149,0,normal
1817,9933.559467530527,243.63046237533177,2.2108502138015007,-0.8801617457937541,88.94921502931753,0,normal
1818,9936.880564056088,245.13122613697269,2.1264862678660874,-1.934788318983734,88.6995303863324,0,normal
1819,9933.787505064707,244.61392160725867,2.2102377366331263,-1.180175072024359,89.67714528357227,0,normal
1820,9938.86043292391,247.1754355135905,1.9437605350319744,-1.7818691001946592,89.08353886017238,0,normal
1821,9940.700340510894,247.0450923741635,1.745186095383279,-1.698526141570808,88.34461380942682,0,normal
1822,9939.99713286594,244.3729857737148,2.1476928442413405,-2.027774272571985,88.5836282798128,0,normal
1823,9938.682619359402,245.8296618364479,2.2256481060940048,-1.6029918863734287,88.86274873390032,0,normal
1824,9943.592931800276,246.055313683783,1.7295158620832296,-0.9971830051577684,89.5047087763441,0,normal
1825,9945.78211285166,244.7439367027021,2.092725381430377,-1.381776907122537,89.57700069663235,0,normal
1826,9938.948808091987,243.8831218297133,2.23985217258598,-1.8302393200719345,88.68994870940126,0,normal
1827,9952.28941912664,245.40546119542492,1.8788484367907232,-1.1737696712696244,88.43787803626347,0,normal
1828,9945.581246793836,245.2858430834868,1.6915975803741936,-1.1163748893715002,88.39073492850203,0,normal
1829,9947.013258333644,245.06566983884488,1.856064021753568,-1.4600673297236784,89.06459458298627,0,normal
1830,9951.310213153609,245.98829614778012,1.6980370246423444,-0.885029579694759,90.10727497535528,0,normal
1831,9949.790575554422,244.84157616531223,1.6619608680629916,-1.251812334903996,89.24203695008964,0,normal
1832,9954.250669436144,244.4883977363635,1.8496433962452283,-1.294964712970358,88.19274346198961,0,normal
1833,9951.786149920345,245.7993115496764,1.4205527406408252,-1.740903286986928,88.64400853026368,0,normal
1834,9948.1588499546,246.1277558183848,1.4314515226860605,-1.3104495393617075,88.7124636356336,0,normal
1835,9953.90394004297,244.61840115733943,1.7037334158314408,-1.4310624109584156,88.63092718828135,0,normal
1836,9947.257967287313,246.7780790131484,1.6758016201449613,-1.3362354137990002,88.86558505401122,0,normal
1837,9954.404275060757,244.13610951460527,1.7301615066707774,-1.6923012557195178,89.26192696114747,0,normal
1838,9954.584818600508,245.3867167530509,2.0185291295035297,-1.4418992273977185,89.43600995573594,0,normal
1839,9954.604401154662,245.76667524906784,1.6473114237666442,-1.7174584694139674,89.6587814542788,0,normal
1840,9955.900750235616,245.4499037195948,1.7299013952590565,-2.1072857153499585,89.3929700423798,0,normal
1841,9948.036990537115,245.58407610251965,1.3999928563277635,-1.1530840480798763,88.17184959512767,0,normal
1842,9955.609664538655,248.08476049622848,1.734531494935834,-1.8914142266226004,88.63841348778155,0,normal
1843,9959.728731532208,245.4288658378419,1.4625577298464805,-1.395367175608636,89.10624312210047,0,normal
1844,9960.979080450985,248.7885236127397,1.5700921951970412,-1.313163384687645,89.27723589770368,0,normal
1845,9955.96069623783,246.85344166392773,1.523120678076788,-1.2993643650002265,89.6526906187873,0,normal
1846,9968.350774658633,246.5788164417021,1.7417051614589991,-1.465268732449791,89.26203679719457,0,normal
1847,9958.618322469893,247.03485332660685,1.2644968970907096,-1.2807510910586528,89.28433756115113,0,normal
1848,9968.727149019707,249.1617689002264,1.0624098974142129,-1.2013681248391193,89.39649594191103,0,normal
1849,9966.95011311614,245.7128235434297,1.4701386067603566,-1.1015042113866111,89.16877195674506,0,normal
1850,9962.52080160382,245.6618914142786,1.6015166028184826,-0.7801069595758601,89.35848133299967,0,normal
1851,9975.569714239988,246.1046229558617,1.5344796496524655,-1.2068567835521316,89.89677928504467,0,normal
1852,9961.669527898324,246.9700682810829,1.7479217222926464,-1.2337267257833198,89.31079879175013,0,normal
1853,9973.181271407151,245.2918147801097,1.587656548153929,-1.499658856510336,89.35660364738986,0,normal
1854,9974.539342035076,247.12077884091784,1.387362770120685,-1.0704502640651947,89.37393590651361,0,normal
1855,9967.137305636808,248.8740010171624,1.0362482374221555,-0.9735321949582753,90.05869504053939,0,normal
1856,9978.409660354582,247.41500333737588,1.4563160627967238,-1.2028947526626277,88.8749200136705,0,normal
1857,9971.156883696158,247.0551470759147,1.7130568467717564,-0.9522461114819186,90.33606577277864,0,normal
1858,9974.813126095822,246.81496950596951,1.4339731073481574,-1.172806794587223,88.8792022317307,0,normal
1859,9975.636471835562,248.41796579276144,1.5241831235726129,-0.8521997411769654,89.15958712217024,0,normal
1860,9974.631090118985,246.7809376338199,1.610130980226368,-0.7472143662017688,89.87842181138443,0,normal
1861,9980.326916092805,249.54143990643303,1.3313254187917232,-0.7179853973593249,90.04061584227695,0,normal
1862,9981.21293192319,249.71759926399736,1.6687198350238228,-0.9179104067814472,88.84316025790933,0,normal
1863,9969.477717479866,248.1310721200444,1.8823253566691625,-1.2300862243635275,89.01805661529761,0,normal
1864,9985.719145530193,247.95373828153504,1.532279186963151,-1.0656755446941573,89.72287029105196,0,normal
1865,9971.8641315836,249.08765909760487,1.3540525014206275,-0.666766449833445,90.77574152435749,0,normal
1866,9986.320452077793,249.24432088572016,1.5806188265616083,-0.0731212481487086,90.24628581162104,0,normal
1867,9987.77426048472,247.43679391293688,1.1641507973707612,-0.8717055302789284,89.51876617119576,0,normal
1868,9977.670702305644,247.8101966336762,1.692474086352179,-0.593769865821421,88.4529461200965,0,normal
1869,9982.057950105574,247.1090357320632,1.7325511947194343,-0.8577113873565385,89.72306179811753,0,normal
1870,9979.571574076152,248.9357069308328,1.995121036401086,-0.9428384247382562,89.88315035019488,0,normal
1871,9985.015058118212,249.2891180252664,1.6399421160450112,-0.8127102223246793,89.53044569485171,0,normal
1872,9985.540448721882,247.3689636388356,1.7799884191191775,-1.1931754152945897,89.31625040758293,0,normal
1873,9991.971171604531,248.36060193397628,1.5463381224386994,-0.1205101103718566,89.84104000902444,0,normal
1874,9995.617854177328,247.565932147182,1.6683180743270658,-1.1532126610530662,89.31019561198761,0,normal
1875,9997.039264364066,248.11220619157385,1.4562250222578874,-0.5205192866874481,90.73744123660666,0,normal
1876,9988.245533947797,249.6602385835112,1.744559516885666,-0.7516092146166764,90.57949988038068,0,normal
1877,9991.006687837677,248.4743112775876,1.7452520356457868,-0.619926612179049,90.17001225992436,0,normal
1878,9984.63282408466,249.00585608131428,1.889434359238804,0.1022216761496798,89.90585558547501,0,normal
1879,9990.018577545356,247.77853632042087,1.7285814948654503,-0.2062579583284325,89.55087651425,0,normal
1880,9999.87069407765,249.6922419219732,1.8940430774611912,-0.5117999344019646,89.89053512629782,0,normal
1881,10004.12335341651,249.5605799490028,1.8350776335982928,-0.3544393097248028,90.740557353579,0,normal
1882,9990.87309377875,248.97565362883708,1.860078969236058,-0.362471805670464,90.37522379198128,0,normal
1883,9995.082211195486,249.61547634212064,1.9672605288063056,-0.101014874993501,90.06273678906325,0,normal
1884,9998.912393604682,250.08474148237667,1.9842238732150408,0.0088717483539897,90.4428756148733,0,normal
1885,10001.445213638764,249.18957263511925,2.153345003051192,0.5706707844530164,90.27369348858372,0,normal
1886,9996.996371259496,248.62817064592767,2.0019697239942054,-0.5278995661304484,90.21902654712557,0,normal
1887,10004.164570657853,252.00995825663372,1.98104416433957,0.0814969920003657,90.53116693820644,0,normal
1888,10000.674740851764,249.6709800024496,2.0396551219766588,0.0421376610143078,90.31939257415476,0,normal
1889,10003.971043993091,250.30723979015968,1.9574896624128808,0.4655166914989653,90.51014184200136,0,normal
1890,10007.7736900207,251.51442521998283,2.052795137939288,0.3325783483812611,90.18153890043088,0,normal
1891,10006.07283934026,254.13202483666936,2.5550520917299773,0.4476188507479179,89.99375164822902,0,normal
1892,10004.856653681329,249.45762618352623,1.9899556160702108,0.4181698785930582,89.86669022320915,0,normal
1893,10007.487685404642,251.25080199576576,2.13999998193882,0.0788973612958953,89.82705988574993,0,normal
1894,10008.590267351809,250.19196426613613,2.14098417037912,0.7654024028899581,89.37805642173592,0,normal
1895,10008.177471521298,250.45890822161724,2.1912521439281454,0.684740487045026,89.74458056000836,0,normal
1896,10009.727988135935,250.3752694138429,2.1960415771264663,0.7626135748312719,89.7500126041944,0,normal
1897,10020.008543892702,250.0671711977371,2.339084844671903,0.9094961838818998,89.98663356281153,0,normal
1898,10015.81204335,251.24840241987897,1.96144124512072,0.6974329411146853,91.04127102752496,0,normal
1899,10012.520881856488,249.9115428504244,2.5303914682607407,1.0577625315915091,90.20118469115576,0,normal
1900,10018.472492988849,252.4286504600588,2.4681474172965,0.7675390044077297,90.42063786426806,0,normal
1901,10014.306562277572,251.63205046825485,2.11087632454365,0.6287231007206027,90.45617301678298,0,normal
1902,10022.82762412168,252.0940563458116,1.9225565321478928,0.7320280985031388,91.1330304750961,0,normal
1903,10019.794856916174,251.29933797539147,2.196938168536085,0.7657641769271416,90.07114019218102,0,normal
1904,10018.39298560696,251.49152168045853,2.3588192393438043,0.6553123730543641,90.26732888641058,0,normal
1905,10022.14903839397,252.2387450817071,2.9373926760482725,1.3381789244630469,90.3451093894113,0,normal
1906,10013.035039413731,250.8788056595481,2.5429143376717485,0.974219686110188,90.98605583136886,0,normal
1907,10016.232460314071,251.77572385767576,2.0845882320054527,0.949674687505308,91.1093788000496,0,normal
1908,10016.871363499624,251.3641053210781,2.3189032449494,1.0728284238821484,90.69411168047938,0,normal
1909,10024.52811079862,251.4222651093482,2.45577819481274,1.884534858092917,91.09272259352696,0,normal
1910,10033.44599579572,250.2911856615657,2.5255779202667314,0.6844021483687086,90.58449891420042,0,normal
1911,10036.907468681326,253.8275800963757,2.2191251089538087,0.8028272949585897,90.42871773519884,0,normal
1912,10029.906195534297,251.88794909021988,2.461105570886465,0.6736363531013465,91.12368084383468,0,normal
1913,10030.182462906809,253.8230684742038,2.349384519583998,1.0485177431990849,90.79737364825858,0,normal
1914,10019.632484565323,253.81262547459565,2.275737341045895,1.2214365118417778,90.20499013176796,0,normal
1915,10026.881073187962,251.54087668416864,2.550743925298986,1.0366347620470258,91.09059931279482,0,normal
1916,10026.60923295808,251.82037767963087,2.654689170833631,1.0417054878370475,90.50671671884226,0,normal
1917,10028.394568467636,255.5500409224954,2.6679614077329394,1.272653817071845,90.46456436781574,0,normal
1918,10031.605592252845,254.82001717757743,2.6132207161484984,1.1045019833318908,91.09542841101522,0,normal
1919,10031.030118740062,253.1158983992593,2.396214233792224,1.3722595164543692,90.6233953621485,0,normal
1920,10024.43499383011,253.4818567711417,2.6347038250098738,1.6363983100934083,90.88110912565992,0,normal
1921,10039.00853229534,252.6694142634408,2.548481264074429,1.526986557467524,91.03634941233048,0,normal
1922,10030.839227150109,253.80707032198828,2.5071188342922737,1.6087394308176677,90.33258730593992,0,normal
1923,10038.329517599355,252.730642806418,2.350451338616823,1.6895590591236151,90.93509094791708,0,normal
1924,10048.43032433016,251.4871989582821,2.364692514061048,1.466752779581225,91.435934772259,0,normal
1925,10034.385809766707,252.2683171773472,2.46896297565942,1.351189198984052,90.30142108262297,0,normal
1926,10027.250218613348,253.6798500516653,2.9311431033009563,1.1827239518421933,91.0229875689572,0,normal
1927,10039.386568487747,252.59511095412992,2.4912916376642675,1.311391925909933,90.40159792465283,0,normal
1928,10047.232239517263,253.72483118894263,2.295602989566879,1.2846994426910008,91.34524766876568,0,normal
1929,10052.42585764914,252.78186128574612,2.237115965276177,1.673069000700442,91.3586351994356,0,normal
1930,10037.388788065027,253.1370395164895,2.289984921543895,1.568056156852934,90.69356955062123,0,normal
1931,10046.918094195402,254.8338621540993,2.807570680022475,1.6821853166165242,91.9935062876798,0,normal
1932,10043.001664414469,254.28788857835715,2.2751043215768965,1.1328677255729036,91.45987698853604,0,normal
1933,10045.687560762102,254.08883868309368,2.5182862136719875,1.916971680334218,91.27781054324056,0,normal
1934,10060.323483412223,255.03392280457183,2.24284080883306,1.364492174516906,91.26734078159583,0,normal
1935,10040.46666904126,254.69036122380888,2.350582816840816,1.166377517342756,91.45159386826784,0,normal
1936,10050.125174884724,255.7094258757503,2.4362687046482714,1.3670667612586518,90.47930832792296,0,normal
1937,10052.06501272315,253.8544081880248,2.1424181667593243,2.245062621507985,91.09183473651696,0,normal
1938,10056.02057616284,253.9343116881961,2.1068136296619304,1.3833686585118683,91.20342808345156,0,normal
1939,10051.941598857027,253.1107710962345,2.544459655657857,1.400556057624669,90.8289656301422,0,normal
1940,10053.846829213291,254.0290686478348,2.3867224484929204,1.437506700102196,91.27852916503736,0,normal
1941,10051.197996490697,255.46720510178483,2.324582075173029,1.446259571111746,91.67897193677308,0,normal
1942,10055.346221266424,255.8450075079684,2.300130579636249,1.2507687877624287,90.86912718732104,0,normal
1943,10053.123572401451,255.546092284562,2.210461514252004,1.5212048636282895,91.06957852539315,0,normal
1944,10058.780856539284,252.83052797699136,2.497676370499234,1.792618425223065,90.70316729387312,0,normal
1945,10054.652841467534,255.74494795699167,2.0782424055118,1.5546029147647786,90.23652335804964,0,normal
1946,10059.20864113278,252.85850236290784,2.1600791401603083,1.1160285118690416,91.53592887352562,0,normal
1947,10057.993338844211,255.62847780638288,1.7294984591594034,1.333831969015497,91.14992616083312,0,normal
1948,10064.580603999028,254.3940233706478,1.829694093355534,1.258141834258999,91.20279676347972,0,normal
1949,10059.498188973605,255.4938839664421,1.729540898158308,1.424665064595067,90.70171634274412,0,normal
1950,10051.688824630925,253.48652858352588,2.1996116047572785,1.791834085616763,91.1183279749211,0,normal
1951,10067.65636850771,256.0158433165184,1.4095230216103056,1.3306957706438451,91.77523211467386,0,normal
1952,10057.604738907028,253.4034618844204,1.815001092147266,1.3303384423765907,91.24307867661656,0,normal
1953,10059.644994837035,254.22179535664463,1.272415108665529,1.8702816274386287,91.27286840963328,0,normal
1954,10060.709654848775,253.9120132417968,1.680914224427691,1.5788500589297731,91.37752336531156,0,normal
1955,10071.3279178305,253.17371664113065,1.7253793788039138,1.4660284250869668,90.67092348308968,0,normal
1956,10054.538676821385,255.03845155103724,2.0773817379300312,1.8578949677650136,91.6168011898767,0,normal
1957,10081.660589435764,256.76395808710606,1.8570703346927733,1.3929069781504753,90.6918378778914,0,normal
1958,10072.000332559282,257.63673609592576,1.5890091922445284,0.6243922945152897,90.86459317963956,0,normal
1959,10068.577772881836,255.0769606989428,1.9473337699147195,1.4434387668467097,90.8246241817202,0,normal
1960,10067.921892003733,256.10446836960654,1.71687551491074,0.6882509101537446,91.276314756821,0,normal
1961,10070.352096497354,255.2258688668152,1.7007070518169023,1.2726202762609988,91.2022601706924,0,normal
1962,10072.25101000604,255.49664711489373,1.4333108506098915,0.5930375717917573,91.39229543812874,0,normal
1963,10073.585583053222,254.65760592130505,1.457309098733928,0.936249629406292,90.9545620225812,0,normal
1964,10073.84459882094,255.1948223149952,1.4726206117618077,0.9353478991602716,91.92407918997162,0,normal
1965,10072.21444466622,255.5352150798259,1.630166267725327,0.7806845669589306,91.85234460956202,0,normal
1966,10071.472637333109,254.4152686040755,1.620632717356463,0.873391261076176,91.36227983224704,0,normal
1967,10072.388505318517,254.9102285660402,1.8990428189179973,1.2532617612887536,91.22371407644172,0,normal
1968,10072.84855821094,254.9212922572728,1.6534282599310168,0.6939046762429945,91.18678324558148,0,normal
1969,10080.162795724518,255.7961333813827,1.0221557640757866,1.0354128982536668,91.33480640729832,0,normal
1970,10078.125125146618,253.89171775444305,1.6045395773574365,0.5451712023065092,90.80302421632872,0,normal
1971,10061.111278985403,254.8922445456136,1.2514699242649536,0.7402603579262474,91.03646078706858,0,normal
1972,10079.741025405843,256.8398516026391,1.3388871045066282,0.8557888019928751,91.9592906264564,0,normal
1973,10078.075855772826,256.07399459278776,1.3614250421032184,0.4205225662464035,91.69294973902258,0,normal
1974,10077.64157413981,256.2392378873948,1.3841590234549797,0.2861615460775038,92.37183960142907,0,normal
1975,10076.417695332391,254.8926591186529,1.2359722431061442,0.7868260418116276,91.41760817687204,0,normal
1976,10084.5981849101,255.1654460561272,1.547096195592469,0.9351963439393598,91.39879581265,0,normal
1977,10084.324689636804,255.82096815830508,1.2208707547223543,0.5330239411706136,91.38779168425197,0,normal
1978,10076.32414636368,256.3513435917464,1.5722383131833575,0.3775197664062013,91.44418845244688,0,normal
1979,10082.817254728385,252.80992484860133,1.9474200652354623,0.5189232385037084,91.2856628592819,0,normal
1980,10076.509090078003,253.4146216060847,1.2345247711200102,0.4459466149647445,91.7628415823578,0,normal
1981,10075.046526715149,256.0061502040889,1.445114003476969,0.4588690752881009,91.65344438435604,0,normal
1982,10079.380080811055,254.38458131665007,1.0001887737744266,-0.4161269157074562,91.395316087761,0,normal
1983,10087.3864323929,253.95264992677653,1.448794911145926,-0.0223444604964328,92.28706375712925,0,normal
1984,10088.392580977576,253.3312600860258,1.6428544130876843,0.0005894796853262,92.62083057625708,0,normal
1985,10086.736510945004,253.98962062117292,1.6649818112559218,0.2549617588278774,92.26671027967706,0,normal
1986,10088.332273834338,253.0996664946542,1.5440673090174784,0.2208190771502926,91.97319790454364,0,normal
1987,10087.81492678235,256.5487277518866,1.7153661139780352,0.3111155614580966,92.0855655700674,0,normal
1988,10082.545344484832,254.38901213429227,2.056799177849464,0.1526334152493242,92.6432628081321,0,normal
1989,10088.422507094703,254.30554783117287,1.901254843494964,-0.3598319729115545,92.10541754530637,0,normal
1990,10090.766457690304,254.9018798935962,1.466598140931345,0.4194922435563878,91.44269527498368,0,normal
1991,10091.028706037368,255.22472776941697,1.2942619711431331,0.321981806625263,91.94128125109124,0,normal
1992,10093.685929917578,255.155145242218,1.5176715034266433,-0.4819837837983328,92.06794939423575,0,normal
1993,10091.758221904927,255.2280698683724,1.424926788568092,-0.049549855784896,91.2669754163605,0,normal
1994,10090.440461718596,253.4671314886974,1.720978397003896,-0.3726911917588589,91.63119900429616,0,normal
1995,10094.491621636267,253.74200021337805,1.4117787607428065,-0.1969324671249337,92.33301332092148,0,normal
1996,10089.45699989948,254.74917275968068,1.6516413363278488,0.0330883487013506,90.8800457563897,0,normal
1997,10085.620009804665,253.39143412512848,1.852831299576624,0.3120680685651403,91.17537338869576,0,normal
1998,10089.644822242875,253.8508311602461,1.6848987447778632,-0.1453441311074577,91.72099961443776,0,normal
1999,10087.157371900035,254.19027383849823,1.5363218370520408,-0.3256776237612599,91.99447750023424,0,normal
2000,10087.918633697893,254.5107508847071,1.9817799909622589,34.44083771785419,91.1470742789808,1,normal
2001,10090.97544229145,251.8804503917024,1.392886393534205,34.55477810576834,91.7705660870676,1,normal
2002,10088.130276885144,254.30397935187028,1.725567147425327,34.865872630962095,92.41873179934716,1,normal
2003,10090.937700526158,253.2851763464133,1.805759805864506,34.40281967088978,91.88387589202422,1,normal
2004,10083.385318850042,254.15461730416948,1.8407038678151868,34.109215088996145,92.32661231551178,1,normal
2005,10094.286459470291,254.15097165682417,1.8974577829881905,33.84852092504934,91.56834275800102,1,normal
2006,10093.583295137443,254.90748582575355,2.0076295027393023,34.448320215210295,91.46658692681804,1,normal
2007,10089.8397437837,254.57723542810848,1.902929104517398,34.32920525006276,92.30294065392336,1,normal
2008,10097.559942019192,254.49327498922148,1.8610929161004028,34.022529750567124,92.0699070408687,1,normal
2009,10099.280664810336,254.51203655252613,1.8780438883633463,34.48609510554906,91.2990582785568,1,normal
2010,10086.874656042944,253.2801808193422,1.862216856200693,34.01448595656689,91.49782864921438,1,normal
2011,10091.408981548102,252.94022704184587,2.1670256326834827,34.064126961288274,92.6867427293474,1,normal
2012,10091.67752158695,253.69893598026155,1.905184435669341,34.06382799318583,91.44818705698306,1,normal
2013,10091.114793481562,253.4751463809127,2.2287313097460286,33.92868644751116,92.38345055310512,1,normal
2014,10100.243177496932,252.3498485355397,2.0879154489792184,34.07074618660679,91.68282271712864,1,normal
2015,10095.398557393328,252.97852399342744,2.0043929704641394,34.31235555189207,91.92576583336026,1,normal
2016,10095.307361992054,252.45236048425744,2.2565821210433974,33.5920004992675,92.07989503444382,1,normal
2017,10086.863209574893,251.5462854593901,2.011334456527744,34.050103828371704,90.88715982268874,1,normal
2018,10100.302508574889,253.60248047068995,2.3079946317651334,33.92498483882146,91.2111497007632,1,normal
2019,10091.162311015589,252.278095556242,2.2459848293744606,33.890269758351366,91.99033856919068,1,normal
2020,10097.88171492803,254.1815920269217,2.106747955770792,34.07753754743191,91.58948725364202,1,normal
2021,10099.182627129472,250.4165258294644,2.353748230580431,33.803682505339054,92.45420549643094,1,normal
2022,10104.802946589112,251.39355687724893,2.3787276625737803,33.906961071952594,91.15693263176428,1,normal
2023,10091.649662900863,251.89051192895528,2.5216287045328563,33.95276401129289,92.2465028260582,1,normal
2024,10083.280496109235,252.90204850759983,2.5033440909231746,33.562943102005725,91.27945052756463,1,normal
2025,10099.47175888028,252.0702252568443,2.4275842724405274,33.781412825881155,91.794997726058,1,normal
2026,10107.71966616325,251.8866488326168,2.122202905748213,33.59500405067161,91.44215332299493,1,normal
2027,10105.066569490817,250.35370203065972,2.8549609996691365,33.610215038060986,92.92865169475796,1,normal
2028,10100.064975171534,250.228221804179,2.1011299470744285,33.53439528343988,91.31058748041818,1,normal
2029,10096.693435950743,251.611311193081,2.5873609772917923,33.75456394928292,91.9220024898936,1,normal
2030,10103.312253566775,249.8278283649261,2.4984266951213847,33.62120735698105,91.12211473766176,1,normal
2031,10094.524005708428,250.56270767655724,2.190972836381291,33.69981413352349,92.78761979517424,1,normal
2032,10101.87868258624,251.49771600445808,2.4135082207110417,33.56220929173257,92.19057908287778,1,normal
2033,10102.119451961344,249.91628894544132,2.4340892361236777,33.07353095948923,92.06032856810954,1,normal
2034,10104.978399001931,252.40542428912025,2.7213033961591893,33.55278116260208,92.73070345893466,1,normal
2035,10113.55093030604,251.92513976337327,2.326721485093709,33.55234626696752,92.068763822941,1,normal
2036,10101.78001541454,249.0306380411556,2.4250182613049627,33.597297848822144,92.10614438964348,1,normal
2037,10097.328441206895,249.570300601482,2.017023669498082,33.33896233007313,92.06332783074124,1,normal
2038,10099.790724288552,248.1173073433036,2.836810135249357,33.15233672060856,92.2801890797118,1,normal
2039,10091.108561062823,249.52074473992403,2.2801595253142675,33.69359619612782,91.7528581197848,1,normal
2040,10096.505724358822,250.96985476332168,2.5627955685270383,33.42071310914069,91.89244214660368,1,normal
2041,10097.94822940501,249.6896201449497,2.479048777054443,33.55209654722106,92.40506014614026,1,normal
2042,10097.379551806383,250.4643197266612,2.480399031150479,33.415562813565934,92.13868635170006,1,normal
2043,10100.757120440658,248.38119415163777,2.661390765322947,33.498809692416515,91.9427849645587,1,normal
2044,10095.868599251731,250.6015482987015,2.831841718422312,33.367819371763325,91.29935278275748,1,normal
2045,10105.561207096844,249.14858695855472,2.5448151044363505,33.21550418984374,92.74814621747272,1,normal
2046,10099.92244840931,249.61610752870416,2.6212230846734514,33.65271761807962,91.66770120671902,1,normal
2047,10099.830278745483,249.4114634245471,2.5504516357844023,33.33567130780085,92.4911542262332,1,normal
2048,10098.182686440266,248.1333877427876,2.68143402960866,33.57313694622995,92.08432002630067,1,normal
2049,10100.533510980964,248.15268828724027,2.377404314846711,33.6557620802429,91.34842588986844,1,normal
2050,10103.80847075122,250.17468112497988,2.675950823336647,33.36657325004491,92.61979732732291,1,normal
2051,10095.262782000664,249.50731008523744,2.672705865528961,-1.807244028261152,92.11923898478412,0,normal
2052,10096.21334452487,250.0601549019884,2.655720194022204,-0.7056466835716413,92.65775121777342,0,normal
2053,10097.880840407614,249.2369479730941,2.2946923154613503,-1.5779079319150102,91.89678506066195,0,normal
2054,10092.555719651158,248.95789931915988,2.379496876234373,-1.217377700041172,92.337727100354,0,normal
2055,10095.064460262254,246.9919910331681,2.4464676191552206,-0.8061263934721081,91.10195143554472,0,normal
2056,10096.645404493154,248.3512407048042,2.108819402770595,-1.1333066697809526,91.73042224542068,0,normal
2057,10103.254311496094,248.49838016955312,2.685428173617721,-1.441492213375965,91.34115064573496,0,normal
2058,10100.041140815034,250.3836184511687,2.34652922607462,-1.3513585316591823,91.78717475838128,0,normal
2059,10099.532379553211,249.0228424225068,2.387438231486229,-1.5596720145922878,92.20719446968054,0,normal
2060,10102.6451592727,249.77798713312544,2.196093427775734,-1.022868341406404,91.66552334541016,0,normal
2061,10097.520211000396,248.74620702449727,2.026181892037455,-1.0938249252520278,92.3960624456673,0,normal
2062,10099.965974047418,247.3448499664281,2.1500857733359795,-1.3932255010977674,91.53196667418044,0,normal
2063,10097.294319605186,248.0815387971076,2.2933898461793447,-1.5256268913414204,92.39882687422195,0,normal
2064,10098.924237727597,248.10971382182893,2.3622682868660387,-1.5823296689726718,92.60682710254896,0,normal
2065,10094.46087064202,246.8442607759777,2.237405510310417,-0.8619231614509367,92.45425634614703,0,normal
2066,10084.948078702928,247.3098417432468,2.2513441720938725,-1.0926412273522057,91.7707487639713,0,normal
2067,10096.228555112111,247.40019717786265,2.0910913569261487,-1.0341178069248431,90.87527221948882,0,normal
2068,10103.761788117936,249.1242766382165,2.233847449092245,-1.3143690796722929,92.2240444471174,0,normal
2069,10101.017556238832,245.35160141856545,2.406928988858615,-1.4744460830041437,91.86511222719484,0,normal
2070,10100.942259873167,248.55287253196505,2.2268091352441863,-0.7135899539488406,91.43310897894057,0,normal
2071,10102.01510783468,246.32603218656547,2.2230338721754994,-0.9558391206471528,91.6385495520778,0,normal
2072,10095.987340590334,245.8076163770674,2.0950502402519966,-0.6614856987329261,92.62809371093292,0,normal
2073,10096.230675256787,248.2776339213583,1.7106468138125843,-1.0138010722415918,91.33621183409012,0,normal
2074,10091.84635699652,247.7487469721236,1.7773472002521389,-0.9326233663284408,92.13284691728444,0,normal
2075,10093.035278564952,248.19171793750385,2.052292636746118,-0.6103700775043496,92.00129194472044,0,normal
2076,10097.3660634799,247.6594765943708,1.934263322619285,-0.5666947557336952,91.70705032228928,0,normal
2077,10099.968766160644,248.841451508524,1.9997122057756893,-0.5084614357800753,92.20125322315256,0,normal
2078,10092.904853984046,247.2644495181784,2.222541402485528,-0.7969505339336795,92.68816433669846,0,normal
2079,10090.99452029531,246.47468514536257,2.008258808685312,-0.4840475187973179,91.71692358044824,0,normal
2080,10092.882163202008,246.90087322913297,2.0909660395672987,-0.2951018571346225,91.73599999411591,0,normal
2081,10095.510326065583,247.7295770858494,1.8346642101472617,-0.6181183008174266,92.1611182989139,0,normal
2082,10084.900536801344,245.63629924790084,1.6312845147929451,-0.6990602285530929,92.30151762835771,0,normal
2083,10080.245212773074,245.69478628866744,1.7586722094126046,-0.1000259849736112,91.77066874720089,0,normal
2084,10088.570567412737,245.97017643598,1.5873871362202852,-0.6565680012837902,91.67377816515705,0,normal
2085,10084.807691402992,244.1085035270005,2.038717573216535,-0.2283611675455974,90.70940181029135,0,normal
2086,10087.949463367102,246.2866293243496,1.864540091467268,-0.3913251897528624,91.42079883092347,0,normal
2087,10089.321124642998,244.1994273304288,1.7907013622218646,-0.8825261680429402,91.23154468870794,0,normal
2088,10087.354640146146,246.0771861911546,1.9147078297044664,0.0525607792019776,92.13473014198117,0,normal
2089,10096.435113804251,246.82957777443715,1.2452592615910314,-1.0690770914585022,91.66150404833756,0,normal
2090,10090.349476692249,245.42918692872192,1.749526130983431,-0.7924454515876029,91.63280425461524,0,normal
2091,10089.752229903268,247.52659215067564,1.35331744201792,0.0056834363351818,91.76046903029278,0,normal
2092,10090.88617414914,244.33404842634152,1.5985047005808264,0.0504344698799803,91.32041453351576,0,normal
2093,10081.59747572303,246.9325651768609,1.523123465236024,-0.2540352383690453,92.5224564195831,0,normal
2094,10091.99497404066,246.364900142525,1.7043575712593777,0.0265674357195042,92.3850852579195,0,normal
2095,10085.919687593328,243.9239124659929,1.6052627232278462,-0.732210115398391,92.53502357204395,0,normal
2096,10089.141376255671,248.30266660511072,1.81736442424736,0.2842851322113995,92.05748807900872,0,normal
2097,10079.911572321897,245.48181680463608,1.417806193734551,0.192018765150772,91.69067811223096,0,normal
2098,10076.975422959858,244.6235495678265,1.671007435670723,0.1482115060959846,92.50224898730222,0,normal
2099,10088.298549031848,244.0512174216188,1.5538049263565223,0.2128143468012153,91.34369859687796,0,normal
2100,10085.547611484091,245.1973742327621,1.187674304216947,0.3990098033121199,91.2377067875556,0,normal
2101,10078.603402707036,245.25090601404605,1.3255940581630707,0.2866088284480262,91.36151745219156,0,normal
2102,10078.205130400882,245.4437276542137,1.4751531858824116,-0.2229573617050115,91.91250454960228,0,normal
2103,10087.612149781977,245.00791871371965,1.7246356455789489,1.0418336526272038,91.25864692050422,0,normal
2104,10075.461248018946,245.9054505757907,1.5932144279756568,0.7865043065182997,91.55047965555666,0,normal
2105,10089.036863110034,244.852996875602,1.2665108778602705,0.0837271316399735,90.81554231993272,0,normal
2106,10075.727503248503,243.2759677194736,1.4727387352033547,0.4081935728136591,91.84516097114904,0,normal
2107,10082.821652133944,245.03379103292508,1.9064019438184312,0.4829881699133363,90.8340421665265,0,normal
2108,10077.377722808422,242.78982224182693,1.5283666337243031,0.9190186007123482,91.11433577631064,0,normal
2109,10081.419973008173,245.48715490819052,1.445172602314361,-0.011387433208588,92.17666428450356,0,normal
2110,10075.058846169535,244.13211501051725,1.6147245469045202,0.5271475737186955,92.14574748209525,0,normal
2111,10076.333054100292,245.25476192793985,1.676002942681037,0.1885068063449361,91.73009691738632,0,normal
2112,10076.711502320604,246.38742626069643,1.4402298062151928,0.6703717913064752,91.66796991974012,0,normal
2113,10070.848206350802,244.1085228838522,1.6412886768336703,0.6526726254585947,91.25170304901702,0,normal
2114,10078.907916691742,246.10442516304684,1.4854538954080792,0.8561386339458512,91.11762406742174,0,normal
2115,10071.974858150392,244.5976593296112,1.706677074690167,0.6878266631767729,91.30969767077632,0,normal
2116,10072.727603393678,246.7741112043151,1.6094226889314267,0.680258233201515,90.72058497217638,0,normal
2117,10068.221146086222,244.6476228620557,1.6856111945336634,1.126923578285025,91.59008213666216,0,normal
2118,10059.696195425877,244.16613638606609,1.4521412336713675,1.1120428527799708,91.47457283680124,0,normal
2119,10070.860444941489,245.6897189999609,1.4554708287705178,1.1747969819981314,90.96960104173466,0,normal
2120,10083.179199398664,244.56454093908235,1.8255282108914528,0.989135529084548,92.20666340523265,0,normal
2121,10074.33257071323,244.15873107478845,1.6381588568378185,0.9025741439775502,91.71164784061834,0,normal
2122,10069.59963346196,244.52419051952623,1.7295191891838833,1.0693635228046872,91.73983960921704,0,normal
2123,10067.660897766023,244.96127274057275,1.6305258118415626,1.2852969944431585,91.13583707522169,0,normal
2124,10068.360200449844,246.35390588822983,1.891613235808397,0.5108221922134092,91.36429238070252,0,normal
2125,10070.249160905156,243.08547973894244,1.6110890489877174,1.3099500187642374,91.6639576416793,0,normal
2126,10060.86844429596,245.05248197737083,1.7269821941563306,1.3112457686441947,91.4118413510002,0,normal
2127,10071.59638269388,245.66612692029167,1.9333670176536724,1.262840885425617,92.12144587679562,0,normal
2128,10068.847344223368,245.2484773524004,2.03338747021544,1.2239731961229905,91.20351496821488,0,normal
2129,10068.10050271096,246.38067732116983,1.7171704578347389,0.5223612111281652,91.03791121553031,0,normal
2130,10065.934638309072,245.0142218057233,2.2374325995575752,1.182507962097629,91.5919716305362,0,normal
2131,10063.066654263255,244.92373518470228,1.932103809059306,1.872379539647553,90.62704778335248,0,normal
2132,10065.552891709758,245.7222922854353,1.685155778450934,1.3593003973045132,91.70592017675256,0,normal
2133,10064.36145194704,245.2529006148786,1.9921033921073497,1.2819053438222916,90.57769172527068,0,normal
2134,10058.83983328508,244.7887406238141,1.8664489160611728,1.396589850574996,91.53149306982496,0,normal
2135,10056.943622583573,245.7227842398264,2.054760581405981,1.5141232766915582,90.8720958518748,0,normal
2136,10059.51652641934,244.58352002517807,1.9843538755459025,1.6202440864570158,91.41843697235228,0,normal
2137,10065.942058520155,244.65618480168425,2.032775787727398,1.3675603188605543,91.6176106282841,0,normal
2138,10051.185315556782,244.77257455936427,1.8605535056924167,1.5760340982950125,91.22432761645295,0,normal
2139,10049.221379741382,246.688724078632,2.265728400348072,1.962583703553212,90.5313696455826,0,normal
2140,10056.555309557947,242.15159057565765,1.861165398850128,1.7711804166053289,90.66624248478172,0,normal
2141,10055.152870038575,245.8070086751137,1.89508168221041,2.1797896800993444,90.733639060069,0,normal
2142,10054.926576231268,245.48631993814183,2.2144584943250623,1.2877331164913923,90.13369391138946,0,normal
2143,10054.435664337345,243.81363506840628,2.485354644498386,1.9933494973191528,91.62805689632197,0,normal
2144,10051.25059596752,245.84849184819964,2.117654667548264,1.257677631388086,91.10238593769203,0,normal
2145,10058.961396709512,246.06056103680444,2.3512849081816416,1.6039913548336444,90.46248256773556,0,normal
2146,10042.647880734905,246.2222582697532,2.4481480195179435,1.7193582287765143,91.74088544127488,0,normal
2147,10045.645171416316,243.03034786292736,2.41822283374209,1.3467263191053116,90.64508908073525,0,normal
2148,10048.401659928237,247.09984929746267,2.2142121686712244,1.5253431043057228,91.1036449191171,0,normal
2149,10039.82737510937,245.04871369971863,2.0787213726979346,1.7697375389231698,90.54823111070472,0,normal
2150,10046.284628287258,246.5276940336102,1.8751559204814527,1.2798164875482692,89.93414792952387,0,normal
2151,10054.587115931608,246.6385394440272,2.283040552534356,1.988667836546598,90.24337502263376,0,normal
2152,10045.495434400056,245.0787489132485,2.5893304981009155,1.066089885812798,90.6835748237383,0,normal
2153,10045.651204280404,246.675504054416,2.1461001010469505,2.055659158608458,91.33910243063926,0,normal
2154,10037.299123986291,245.6907428935758,2.527268401047276,1.7651061417108065,91.0452655296527,0,normal
2155,10039.616028873852,244.0676204408038,2.2125211946621026,1.4274290652472867,90.92405928136658,0,normal
2156,10039.915472366312,247.3710453807961,2.438085315471995,1.321875897750417,89.8308152739862,0,normal
2157,10039.292318027434,245.4940829553745,2.571706262649406,1.2775991939126687,91.45266094406436,0,normal
2158,10046.374463674234,245.4819512178634,2.3104508462416624,1.3747136518983083,90.91116474223207,0,normal
2159,10041.836054599677,246.00216094805643,2.487543219077045,1.385374445166791,90.72124315097491,0,normal
2160,10032.567759380809,246.74768353825613,2.3803909853638268,1.7597021008865528,91.32871253830432,0,normal
2161,10038.431210453951,246.48980617322368,2.6132436724748613,1.955696752830845,91.36772209302,0,normal
2162,10038.75971286292,247.168154403198,2.5269017734350325,1.4056522964020417,91.30266720621329,0,normal
2163,10041.035640041491,245.35496092635088,2.497564927720469,1.0716764076525631,90.58315464862612,0,normal
2164,10042.300355550142,246.02774891264696,2.803143032718515,1.139981036702877,90.18621476195392,0,normal
2165,10028.381498690029,246.7311151037769,2.62791549037177,1.225932267387729,91.1636008515544,0,normal
2166,10028.4586539559,248.82323747486936,2.360126732253689,0.9478308379623894,89.96773160870382,0,normal
2167,10025.277772813102,246.8910054688415,2.48252193559257,0.8780619198129411,91.60494161148569,0,normal
2168,10029.44512686796,248.17070612882333,2.4847635924559635,1.8346508882846315,90.6263042958672,0,normal
2169,10031.993520594442,247.2058706594468,2.5150062997084945,1.2689802864017206,90.06279244659443,0,normal
2170,10033.641937715718,246.7666215147607,3.001596180097721,0.8998794954789651,89.95817102557714,0,normal
2171,10027.366175922529,247.0876202408964,2.5673751657726527,1.3653889537740662,89.9161162087868,0,normal
2172,10025.184584762455,247.2510556923868,2.0813019805517428,0.7364842008392454,90.605857900935,0,normal
2173,10026.577825318042,248.10928405821303,2.3739794557318827,0.7297836638720616,90.51318454710604,0,normal
2174,10020.675951944697,248.96741021308003,2.088915491255088,0.7853211407682703,89.87907224230231,0,normal
2175,10034.329506011432,248.0406032677672,2.401092688830448,1.4893108869949483,90.29940835478122,0,normal
2176,10014.87126505614,248.9570511735114,2.060085338165252,0.8829223304599395,89.77422371078897,0,normal
2177,10022.858739937055,246.89512681269747,2.2725807035935706,0.1912408585816819,90.73335164382364,0,normal
2178,10031.076341504147,247.53608510191648,2.130988891323028,1.2509080237563486,90.39186957510364,0,normal
2179,10020.013487182645,247.31803182335844,2.4991120259058075,0.7593100842174413,90.21038850623816,0,normal
2180,10018.048472404536,248.44918073543167,2.4084791758439343,0.2589722967769325,89.73591798655711,0,normal
2181,10016.228720234263,247.8689256270405,2.454034362241115,0.6806274969265272,90.21024114685495,0,normal
2182,10016.129467128556,249.05151363968443,2.356618820599606,0.8930735401367592,90.1332645700742,0,normal
2183,10022.90944297144,247.4852669627905,2.0818131197119403,0.8184639035515203,90.47976736256598,0,normal
2184,10003.998061595414,248.55446109093108,2.445619021203597,1.1966229526020902,90.3846564120997,0,normal
2185,10021.735204487975,249.2940448799145,2.708744628724533,0.3605260610825278,90.67739077066958,0,normal
2186,10005.957508256804,246.6381981517959,2.3867166213102897,0.5890757377588034,90.01925760862856,0,normal
2187,10010.751982691938,250.92196477444384,2.199501548155204,0.3233746850154438,89.31149913566396,0,normal
2188,10008.94576404131,248.6144939731288,1.978173827319164,0.0282934823137214,90.71738616115508,0,normal
2189,10013.040385106977,246.97035926218632,2.060615332131195,0.7138736211653017,89.73393611863838,0,normal
2190,10001.111619860569,249.2516482192284,2.31067267567511,0.5440569755065046,89.62858630589206,0,normal
2191,10010.416817595677,249.22551549959968,2.411974320544678,0.4466757938081684,90.14056081274848,0,normal
2192,10017.230404438316,249.20901852344417,2.226316646943614,0.4457800803847775,90.29331238291486,0,normal
2193,9999.29517747582,250.38122851271785,2.310478298916968,0.067985982836153,89.85680274711834,0,normal
2194,10006.061158414082,250.23685084490012,2.2680177450346566,-0.0724421179027374,89.83290621078655,0,normal
2195,10000.803785505796,249.8868547690216,2.203454090389857,0.195992865301125,89.88676076901282,0,normal
2196,10005.243789878285,250.1388713195577,1.945862294110839,0.4883281034098973,90.77055725244291,0,normal
2197,10002.210438754146,249.6842188533616,2.0875576644665483,0.5775278935914883,90.04095495356226,0,normal
2198,9997.907399873367,251.6640143354883,1.8581814452819665,0.2887890474083834,89.53831526864091,0,normal
2199,10002.554218911955,248.50931824045827,2.006357212629393,0.013920905881129,89.52340547130053,0,normal
2200,10008.136609619893,250.22816129974296,2.044051367170847,0.0411084477840306,89.85685529162801,0,normal
2201,9997.160450208035,250.25349422075683,2.288697953181556,-0.0813080407552805,90.08122835034746,0,normal
2202,10000.71404747464,251.10163457435067,1.666174950090372,-0.4374523661238612,90.18429523626108,0,normal
2203,9989.649470043589,249.5442695317566,1.999782683625784,-0.1670416227366376,89.9843959985825,0,normal
2204,9990.33461843118,248.7440648034916,2.1753295350562545,-0.6194933729836021,89.48139933084686,0,normal
2205,9996.480285502896,250.74397933023369,2.0067550606887155,-0.3006808610353784,89.6703944324895,0,normal
2206,10000.540876224086,250.9675708599044,1.997840347584488,0.1831985686180191,90.22935986256044,0,normal
2207,9993.901092757904,252.27484930368783,1.925477774861378,-0.1046736201787786,89.26941454005299,0,normal
2208,9989.561253484766,249.61348328498164,2.044773280901473,-0.6720492102169949,89.58965417620892,0,normal
2209,9990.127405626146,252.13678100874188,1.5453154599106922,-0.4600686683308795,90.10135040092126,0,normal
2210,9982.884301787744,253.44735069496824,1.463923319666465,-0.731484857091139,90.22036752246945,0,normal
2211,9991.165395304832,250.7995885722012,1.7187864776346469,-0.5423250878553284,89.66639868791543,0,normal
2212,9991.562147908387,249.98335744332687,1.2674652588228068,-0.2531664277605618,89.53740624665004,0,normal
2213,9983.898979797354,250.96376179666856,1.9262218135889333,-0.4110152958153007,89.06212965850854,0,normal
2214,9982.819553632791,251.4806293544461,1.9054302668321927,0.0974528272688509,89.96621524879531,0,normal
2215,9985.51097144112,252.1257138559144,1.556658297228438,-0.330336928216237,90.3430214484306,0,normal
2216,9981.01137936272,251.0652080953352,1.5521069626538877,-0.6665505609689046,90.9464765901583,0,normal
2217,9981.879393208046,253.305815584544,1.5956584133520757,-0.5636212828898433,89.83742421738253,0,normal
2218,9991.725522444807,250.72939873713312,1.605373342053938,-0.8658247893300237,89.59909844415752,0,normal
2219,9979.010519506051,250.1973023538775,1.6062576654228038,-1.1809441448348648,89.14500765362017,0,normal
2220,9977.474657179218,253.135019807064,1.6793706970703566,-0.4878025641529771,88.64589870191492,0,normal
2221,9975.05143218762,249.8446789315876,1.5211808633896642,-0.6128892388730485,89.65426244918582,0,normal
2222,9981.035055417551,252.00531308221,1.733437156264835,-1.0231301244305313,90.7214514712782,0,normal
2223,9975.43519760976,255.41638312089805,1.6242181792689692,-0.903004648776703,90.16223248434542,0,normal
2224,9972.124042048474,252.3749981291897,1.4050282492319923,-0.6463885231095716,90.06570027935854,0,normal
2225,9981.009479054432,251.35365893706688,1.786019487548726,-0.7973330264389054,89.61086058639029,0,normal
2226,9980.5355852514,252.50342429194671,1.2411238294582805,-1.521790960998915,89.64851298471679,0,normal
2227,9969.472719956744,252.59539184052585,1.4893381454048922,-1.040422209064187,88.23762309656978,0,normal
2228,9962.182158078524,252.89115500114085,1.69738118405402,-1.193443220810362,89.81155244708857,0,normal
2229,9975.595294824883,253.4759883089716,1.3568492265536367,-0.8378703398486842,89.12148424272607,0,normal
2230,9966.180389990095,251.85670897185364,1.5620872013351856,-0.89001999997942,89.04120710907996,0,normal
2231,9972.605519478664,254.66430471942184,1.6088055153440306,-0.830233426597833,89.2114193531327,0,normal
2232,9957.853859492974,253.3016168095453,1.3292437419972707,-1.5865638786468728,89.17558532690516,0,normal
2233,9971.222581906944,253.8618198723048,1.489310260342352,-1.5106828476610863,88.97637410832309,0,normal
2234,9959.762276215732,252.58414575834712,1.4762025539633628,-0.964330648658538,89.32329875333072,0,normal
2235,9968.533915262087,254.57466175206488,1.4020842505954665,-1.4979865039651676,89.01846309523108,0,normal
2236,9964.016930771824,253.10589639522,1.9789139588557976,-1.7976716791471516,89.32907278653093,0,normal
2237,9958.244944514958,253.71382537180733,1.3733081870499335,-1.2010048370237842,88.51670392496379,0,normal
2238,9960.052234731622,252.5751163720805,1.7354509153104778,-1.5432667002681124,89.1347194406091,0,normal
2239,9964.595574492132,252.5818371716153,1.465603647291287,-0.8592402240112836,88.67513184930384,0,normal
2240,9960.773903953434,254.3360889934172,1.337674960039527,-1.3231419103523057,88.88416397450818,0,normal
2241,9962.25092159443,253.2719326408668,1.5875156563517516,-1.378468609759449,89.2582765553581,0,normal
2242,9968.299551699292,252.92788600143112,1.709804486956469,-1.5505848869725896,88.36634816815682,0,normal
2243,9949.68879103328,253.20318273155627,1.778170544185977,-0.974530709682528,88.7389962932006,0,normal
2244,9964.692961246476,254.60843763480332,1.921619087419824,-1.3548780570798538,89.41662015985085,0,normal
2245,9956.229916613054,253.34200144968548,2.214289640686198,-1.5943412344363357,88.40757381757585,0,normal
2246,9950.319884387023,253.9133507643122,1.6923542447328863,-1.718038962015629,89.98520966271217,0,normal
2247,9947.272422785029,254.1043874826944,1.527538175677452,-1.5085465048671889,89.68068379633975,0,normal
2248,9952.093182807432,252.22872919352108,1.7694861137491482,-1.785151624314695,88.8135121530002,0,normal
2249,9956.766525250923,252.7300116453304,1.6452258509157476,-1.1872047542164137,88.64956064993349,0,normal
2250,9950.64480315206,254.5907955119181,1.9039725314372744,-2.0410348362592226,89.12662092674671,0,normal
2251,9957.96746917236,253.5691660831617,1.4803602159428992,-1.5417020840335725,88.2845027619089,0,normal
2252,9942.289920627263,255.412875756476,2.235124135244153,-1.3167737056376845,87.98984461913423,0,normal
2253,9948.62450427274,255.37117094807047,1.9549272299696057,-1.3957941056037249,88.74403141821308,0,normal
2254,9941.567263186686,255.16998382198628,1.4697177850404803,-1.7108825002163934,88.88956022492393,0,normal
2255,9948.796888252144,256.3152579880355,1.6879973884872583,-1.29354164608388,88.9867881889571,0,normal
2256,9950.567966302702,254.45526978353053,2.016729361564415,-1.7520103677447607,88.61530027898537,0,normal
2257,9943.189907499183,255.2282986645945,2.112858088596557,-1.4861557629304616,89.54284769408926,0,normal
2258,9931.438304882591,254.0342416838741,1.647523839592834,-1.2757983126695875,88.14161765407263,0,normal
2259,9944.62532661415,257.1083910996353,2.069203643337853,-1.323063252305397,88.3034806501243,0,normal
2260,9944.991127247711,256.6751710191038,1.561941072521011,-1.6537194467690626,89.09946666785328,0,normal
2261,9944.01147608162,254.73705742869305,1.958473899838013,-1.07992405654838,88.25897635331765,0,normal
2262,9947.357282035116,255.14351284379185,2.2237416022280216,-1.3998335502173525,88.22340719542146,0,normal
2263,9935.01735356083,256.1460711257421,1.9160169187712377,-1.1883296470385372,88.8691298352851,0,normal
2264,9942.973916057512,254.66756628846605,1.7498576494939295,-0.93661430678734,88.26469540044717,0,normal
2265,9944.741629329925,254.1840881712613,2.105279034539814,-1.0429490666609893,88.70903962139036,0,normal
2266,9929.098532124584,255.73877222149372,1.9796962172906447,-1.0237867402160132,88.40990112106346,0,normal
2267,9938.808308252614,254.9653460968712,2.250904031620089,-1.2824181627620177,88.31336913077403,0,normal
2268,9933.914007989148,255.09007098315104,1.9719670239512344,-1.0812320755799654,87.67754544721126,0,normal
2269,9935.258508256158,254.09101210796945,2.018172381290692,-1.233336727327094,88.783104008844,0,normal
2270,9936.642151851069,253.2238481724948,1.7917350844147713,-1.637048541316389,88.07448039261104,0,normal
2271,9931.711783993323,255.1919230583158,2.2526705433388168,-1.15911682444632,88.59883743451259,0,normal
2272,9930.020128951044,255.87302077132625,2.2087000758960498,-1.1475955666936986,88.41192093776277,0,normal
2273,9932.826834044818,254.7525429048993,2.024801514615759,-1.0228469821519954,88.54986740979759,0,normal
2274,9926.48397921027,256.423078824193,2.32217951730382,-1.20874872361458,88.56356649108507,0,normal
2275,9925.762028129744,254.2890380366433,2.5090667586316457,-1.370116902850021,88.72063720094253,0,normal
2276,9933.86584588582,253.94255784934467,2.2800130601644617,-0.915031580487468,88.24549993867504,0,normal
2277,9924.00978803622,254.93234110107372,2.39542634081706,-1.4752675512266125,89.216423403877,0,normal
2278,9932.377124023178,254.91728817497463,2.414267198399308,-0.6119694996109597,87.65721119994488,0,normal
2279,9930.65741667424,255.76815893808129,2.135652155583524,-1.086425451176933,88.45359364493581,0,normal
2280,9919.021490751624,254.21953762966112,2.8038073584821745,-0.909811142262044,88.97112597611694,0,normal
2281,9923.576000206773,256.35690720393006,2.3133112805566323,-0.7814866527055818,88.77766274587029,0,normal
2282,9932.25497311335,256.9480469843432,2.552677048289251,-0.7365781054183637,88.03827073369796,0,normal
2283,9920.706572568037,254.9323106639918,2.588216009668222,-1.300387884650329,88.10812525798072,0,normal
2284,9922.625791735802,256.2095012646785,2.4182873689359825,-0.5935848322019918,87.99555998128368,0,normal
2285,9926.601035493371,253.88964607719484,2.578283555901681,-0.7122261965801489,88.78542843587446,0,normal
2286,9927.558172417095,256.00573860101645,2.515664478368137,-0.955389498290297,88.10286253315593,0,normal
2287,9921.741650098416,255.9601952393239,2.1913827570383018,-0.9506616276847404,88.58754843463443,0,normal
2288,9919.37761821451,255.75679277985665,2.415679213270196,-0.7862747900955457,88.57945409079733,0,normal
2289,9928.850606574177,254.85627180274275,2.3656415347924367,-1.035361287867819,89.61897187943138,0,normal
2290,9929.814669721443,251.8941166733176,2.4006005436734,-0.0881573596771067,88.57902905795002,0,normal
2291,9925.403763710268,254.18122991225223,2.235714635897982,-0.1175466615247899,88.00461746175195,0,normal
2292,9920.333315209497,254.1697033610474,2.7241267047386897,-0.3859294660442723,87.66805935890022,0,normal
2293,9915.270656189588,253.78810857968844,2.8203163421236974,-0.5460372581313314,88.24831333863692,0,normal
2294,9914.573091800406,254.8574441794564,2.6953467220363883,-0.4952972528743937,88.31496335545012,0,normal
2295,9920.759340795808,254.2831813692138,2.752431182247487,-0.1654997489748564,87.25758564169426,0,normal
2296,9919.66840306497,253.8425956495642,2.426732026777052,0.1780276056831429,87.99460115906402,0,normal
2297,9924.022288906426,253.57160353484048,2.3645023945908683,-0.4765261245475338,88.48896219024765,0,normal
2298,9919.712728886794,253.8762346216268,2.3309019913315643,-0.596494708178536,88.06303173334915,0,normal
2299,9908.399613280271,255.67275410516527,2.6090817293159327,0.2474966233381205,88.80261218863436,0,normal
2300,9920.637697671098,253.8479166836165,2.518130277641215,-0.7083187969501162,87.5283809692894,0,normal
2301,9909.859063372844,253.9498863601625,2.4485406989996656,-0.4299631272079012,88.63542874026496,0,normal
2302,9912.40943206898,253.9622249094279,2.713122403500828,-0.1565732616459351,88.74353063933782,0,normal
2303,9915.068778379087,254.71024598602423,2.524053623517485,-0.5056836846599128,88.7546037848774,0,normal
2304,9923.293221866288,254.7780834658008,2.263199050705046,0.3410871198429434,87.48336949602019,0,normal
2305,9928.370252706254,251.2260302671193,2.281536935815556,0.3095033298132861,88.41368959645322,0,normal
2306,9915.368768592123,255.2394666314995,2.5398614057166373,-0.0750640568767841,87.9123260066681,0,normal
2307,9910.942429984672,255.59965698689496,2.5965449138745185,0.5261126797195729,87.53409704057405,0,normal
2308,9914.063015187752,253.0568946901976,2.4822996935840127,0.6217427091663964,88.02087587642012,0,normal
2309,9915.369698819257,253.0769324800018,2.734176985093546,0.1975620759737313,87.76613943784733,0,normal
2310,9908.877925090244,253.5395071958349,2.663749443738797,0.1406627606891121,88.67000049844258,0,normal
2311,9919.016113324818,253.1726905719957,2.406062257984536,0.9978455075086669,88.45733280241191,0,normal
2312,9910.758199587815,254.0899840477834,2.1304515673481537,0.580127184225294,87.61593468178279,0,normal
2313,9911.673389624017,251.8553480985396,2.015737541162797,0.4841623956853091,87.82158282665573,0,normal
2314,9912.100205282431,252.6182412892604,2.179131845803745,0.8594486349708901,87.98506296763489,0,normal
2315,9910.473549784409,255.20816719212675,2.3854826485394045,0.58367857669845,88.13110976096775,0,normal
2316,9912.164515304825,252.6720835801807,2.5778141619721864,0.3836839894759569,88.6625853934514,0,normal
2317,9904.49694588291,254.77362530779288,2.273087838640232,0.6012070754398049,88.49705539955319,0,normal
2318,9904.414343660888,253.81401667569816,2.3999827789141523,0.9300250112558144,88.16981303309974,0,normal
2319,9901.33700121816,251.57650879066085,2.093401002165199,0.0614860888116172,88.00643102271289,0,normal
2320,9908.676514633647,253.9468494601474,2.2428845217276527,0.6128523874489917,87.24290315230718,0,normal
2321,9910.024279116851,253.11827215846748,2.2585744947406843,1.1536693911700062,88.76859074504888,0,normal
2322,9908.078436010914,252.70359726750075,1.673321996919548,0.6240173864920757,87.89224313467025,0,normal
2323,9913.831429892076,253.32588269640345,1.96171774878927,1.279536442542956,88.8865994747199,0,normal
2324,9905.109837700822,253.47618803911632,2.2093992526474446,1.2775189093862669,88.20081100196526,0,normal
2325,9908.169862281726,253.62857474404103,2.0493578716411456,0.8700611894914434,89.10916518438601,0,normal
2326,9899.065503137152,254.0174957839084,1.7301800602113295,0.7549816053538032,88.39364091704017,0,normal
2327,9902.295910039247,253.16450320411428,1.458553736456222,0.8743262806731544,87.36861835542199,0,normal
2328,9907.42607515256,251.2967550473596,1.8466557299093551,1.794044420901486,87.77175998716399,0,normal
2329,9907.920479812876,252.1136966032817,1.8809288363004533,1.590218410835594,87.98893190484722,0,normal
2330,9901.941349838073,255.4443084186616,1.6941573113309931,1.0978143391637096,87.6313322479737,0,normal
2331,9902.799062435388,253.13866869555105,1.875577393154287,0.9091028472199268,87.87461076530253,0,normal
2332,9895.323248292989,254.69541684889168,1.9246387789314483,1.157030768120696,87.37478276123677,0,normal
2333,9900.892738011464,253.63258512238568,1.934341391800996,1.224426429287136,88.05641832085948,0,normal
2334,9906.904798952695,252.3890797732608,1.3063620868942576,0.8065945510678756,88.16776363720744,0,normal
2335,9905.113661965632,252.357952550554,1.4925867860124986,1.2308768118294768,87.54269803409889,0,normal
2336,9904.535495396847,251.92841062919177,1.673028472720231,1.629761890695582,89.01077048253975,0,normal
2337,9902.085361832367,250.13484527144976,1.827561804355156,0.7183000977681012,88.06848649856951,0,normal
2338,9901.685952064989,251.7976073230056,1.7908651892683092,1.5300165890829598,87.62464229237547,0,normal
2339,9898.173008304277,252.89643300601952,1.7680508787049465,1.7172613372425722,87.21472263005025,0,normal
2340,9904.802586288948,250.9916425606912,1.5784674411385191,1.1582610377034162,88.05614032845729,0,normal
2341,9903.257008169512,251.90812316480395,1.5719604253052997,1.855093567808744,87.89279860254464,0,normal
2342,9903.465821650443,252.2520503737474,1.4750634357429546,1.1589402548893275,88.41163500185282,0,normal
2343,9898.239036504818,250.39450788559523,1.7585582709645475,1.516337360423131,87.94569908187715,0,normal
2344,9889.975892422795,250.75609279967648,1.4059993393442032,1.308706426819466,87.41799274930871,0,normal
2345,9906.111692541504,250.09220857048825,1.7463065712632382,1.324104425561317,88.84787772774347,0,normal
2346,9898.125000987562,250.19023481799823,1.605131166296429,1.2452042248656454,88.22819620510568,0,normal
2347,9896.108516730532,249.62667055808552,1.5429037208314875,1.6528699451321067,87.8813935552158,0,normal
2348,9903.802955070923,249.9153370992649,1.4100426195201397,1.7095434231222362,88.08903047595197,0,normal
2349,9898.298628633262,252.13642465699783,1.2608947096046017,1.4458702974546476,88.24219481493799,0,normal
2350,9905.491479122293,249.70238858463583,1.394260661491135,1.066183086387357,87.2894076370945,0,normal
2351,9903.219913056251,250.64497433230548,1.450768243934423,1.6027745369488806,88.08154477614879,0,normal
2352,9903.505802459127,249.91608845996072,1.0371509845301412,1.614744190133118,87.77669738021557,0,normal
2353,9893.221240943036,251.498097673756,1.4668934006600625,1.4281025487976775,88.25467038279565,0,normal
2354,9906.083797896645,251.53054086797172,1.6878783220530482,2.056919903706928,87.6303905970911,0,normal
2355,9901.313386605443,250.98350763965263,1.614335070305324,1.0298582289834024,87.69779175143694,0,normal
2356,9898.153803435884,250.3255835232915,1.4007824661872157,0.8347893541527958,88.83143933192433,0,normal
2357,9900.72018654942,249.6883929666941,1.5097927336495385,1.2803115803195655,88.61552092969525,0,normal
2358,9891.13512272106,248.6276135506146,1.3908031188443524,1.7109274888284978,86.35254538772739,0,normal
2359,9902.082615902593,251.66312508949028,1.5346633887417085,1.177936896725842,88.5791680281359,0,normal
2360,9894.925543245428,248.86014330195567,1.8170454802267648,1.1959440513825093,87.96462200259788,0,normal
2361,9893.35209097492,250.1838348464844,1.7080635339222277,1.7697456555717368,87.64821781663322,0,normal
2362,9892.55667646337,250.4803181700209,1.6250763301071447,1.616071664202971,87.49978208003532,0,normal
2363,9905.794927329298,248.76626788967613,1.4300916388894114,1.581964116054145,87.53007089494693,0,normal
2364,9897.158158314083,250.2606280746808,1.6875855353346316,1.6934912126925332,87.66612153327179,0,normal
2365,9908.05607312973,249.8882068549031,1.2103074663943167,1.3204082867588582,87.444182399762,0,normal
2366,9897.801347736016,250.7536859820049,1.508427717490129,1.3218715145904327,87.33230727048917,0,normal
2367,9892.046437616,248.45849387340644,1.6879587793164876,1.6648091694782114,87.49147447265734,0,normal
2368,9895.113419151325,247.54452336533228,1.7326905550801268,1.0034384125020823,88.17561775455418,0,normal
2369,9906.997843711317,248.22791249939863,1.7330112951190764,0.747851432804675,88.04142078651104,0,normal
2370,9900.1719570206,248.84577729181896,1.6734308249116796,1.2431935678428596,88.2969571839816,0,normal
2371,9898.352578499504,248.5992031831373,1.591713618746197,1.6337164716067525,87.98869538003409,0,normal
2372,9902.046563698972,248.05220285090977,1.7557703972399756,1.411179141925451,87.37158978607177,0,normal
2373,9903.917719108747,246.4417153023157,1.475798962634123,1.5705544607764792,88.27539657030498,0,normal
2374,9907.16799140292,248.72732738443864,1.516465583892024,0.6861525520638173,87.52927530703069,0,normal
2375,9909.005527186622,250.13581773341124,1.7175641712106746,1.3622018737209778,88.35856777173763,0,normal
2376,9900.156045136997,248.5350879446831,1.7604097672186196,1.439083456658955,87.45613776584034,0,normal
2377,9895.526311693771,248.58810731744023,1.3818856373093986,0.8119376047254678,87.69939268928191,0,normal
2378,9900.300670340264,248.4603605807024,1.8599087301197976,1.4489514579236815,87.86666410263359,0,normal
2379,9903.890607819512,248.1947502263197,1.94587359142126,1.128964640641502,88.38898650626042,0,normal
2380,9898.00136079456,248.64003869440924,1.7988409017876958,2.054861349090932,88.14440173457596,0,normal
2381,9898.275068893628,248.0153322001851,2.3126253977963724,0.4503095091575319,88.07121713043755,0,normal
2382,9905.030124755214,247.2198191256633,1.7249848968748331,1.4832415735322428,89.00905809947696,0,normal
2383,9903.327954269866,246.6500321302072,1.813540260571497,0.9223215835304216,87.15293273994179,0,normal
2384,9904.00487448307,247.11159368736605,1.831215633405064,0.522548805539719,87.55762896876995,0,normal
2385,9900.327702141722,247.5902988793991,1.9196871944655352,0.815826227315164,87.54180933728492,0,normal
2386,9903.25705245562,246.87677795805675,1.894038110541359,1.0224985375426243,87.20285496557186,0,normal
2387,9900.086326531477,247.4250139567468,1.7033798419971071,1.214991494876788,87.73439008861334,0,normal
2388,9909.466449705971,247.46879545311808,1.9004293066307167,1.3840241939696074,88.44419373490533,0,normal
2389,9910.50916809658,247.7829828987582,2.015187499340388,1.25690561479726,87.81083472920137,0,normal
2390,9896.428912513356,248.1539766223416,2.305311966506028,0.5028786147573563,87.94669555049774,0,normal
2391,9901.348661861366,246.87181874361767,2.5247831535292127,1.0929849710241029,87.2586469093064,0,normal
2392,9898.859334524708,245.40994686434863,2.3759554348591774,0.8320849017382259,87.72857682842299,0,normal
2393,9903.446991489824,246.29784430389972,1.978038910844252,0.4784391783485663,87.90309286544343,0,normal
2394,9906.644381885744,246.6135787152278,2.0178741386761248,0.570760284082142,88.46243164596747,0,normal
2395,9900.187099974415,244.66168728654807,2.148699180952869,0.380323184490404,87.31124832249904,0,normal
2396,9903.209037735747,247.8154614286145,2.5605541916740866,0.5628122967640289,87.92886236316694,0,normal
2397,9903.190778758935,246.49994492040392,2.193126120935775,0.290699362456955,88.70762032742135,0,normal
2398,9909.64830995126,246.67114686648688,1.9827125412133977,0.1586520354843748,87.94969782327362,0,normal
2399,9909.369241400873,247.58903155136449,2.1693613140480776,0.5678192123820954,87.12266968725453,0,normal
2400,9905.833476032652,245.5285838632393,2.4417167924700403,0.5693542086209455,88.82843116466086,0,normal
2401,9910.754967951834,246.6695266869155,2.448276885360817,0.2807648783704771,88.56486574309193,0,normal
2402,9907.575175798534,245.92394044961748,2.2894531740790502,0.7033449870028865,88.64087011196882,0,normal
2403,9909.396982367807,245.7896239476804,2.48456354981519,0.1706623124417094,87.3432133350161,0,normal
2404,9919.57812446874,245.14303513085983,1.910760761954584,0.1134771218741219,88.98044514326853,0,normal
2405,9918.377654213611,247.5239812908483,2.4027623391192394,0.3577903123906176,87.8468689365376,0,normal
2406,9905.650760098935,245.427685189132,2.569780073744825,0.075106405998735,87.98825385356139,0,normal
2407,9916.779430762048,246.44913529810057,2.2457229314133755,0.0953605210621412,87.90122679045705,0,normal
2408,9917.178590684513,243.82284956063947,2.258649951871488,-0.7311861423214385,88.7359007492187,0,normal
2409,9907.879818474505,246.8277521745673,2.065185529010216,-0.0150406383795577,88.18252352211272,0,normal
2410,9918.22318795778,246.6516223341137,2.767915819371757,-0.6131918414926655,88.52345651107395,0,normal
2411,9922.335711150276,245.65025299858817,2.3162428384234937,-0.4762399126366597,88.33087154260646,0,normal
2412,9909.558614669915,245.2810629454368,2.5176687784397216,-0.5553742322038803,88.25590577217626,0,normal
2413,9911.117594534428,245.8649886784151,2.598256614386403,-0.512235856601253,87.84071014091685,0,normal
2414,9921.335615330969,247.71257653897345,2.786706444788463,-0.4086210070383781,89.2310164535889,0,normal
2415,9918.15535910754,243.6211768091148,2.459122469110932,-0.4341970205228442,87.60426083681558,0,normal
2416,9920.114158628676,246.12891469857385,2.386400734176535,-0.1329916564365239,88.55326253206692,0,normal
2417,9919.626882286955,244.39960499486224,2.532049432357691,-0.3092838309595893,88.54680702015273,0,normal
2418,9920.452782300054,245.25751433529783,2.756157836966401,-0.989710086553322,88.94716419698445,0,normal
2419,9912.450458546127,244.9976520110409,2.465965059990177,-0.4374095286775192,89.0757013999433,0,normal
2420,9924.911015863712,244.7872149945998,2.308433796044975,-0.4095153810831444,88.3247942469037,0,normal
2421,9926.122017925994,245.17698296852976,2.189415837845724,-0.645701486377053,88.67067851223948,0,normal
2422,9919.734727403533,244.0271167540841,2.25022405036408,-0.6070445195680889,89.3000704777037,0,normal
2423,9921.279821300775,246.16624355759427,2.663042003246616,-0.5728030227593988,88.39735573753575,0,normal
2424,9914.465043677012,243.3206399422852,2.420493830996989,-0.4410666510326473,87.90919488626328,0,normal
2425,9925.323017986811,245.6342223198129,2.356358272336184,-1.1828576398834392,88.26280082778476,0,normal
2426,9926.25091919343,244.7495584594216,2.3267183304756656,-0.8229965622286636,87.81548964038996,0,normal
2427,9923.72622555096,243.88877541974423,2.4777957332321603,-0.3358337475093566,88.66665201821648,0,normal
2428,9930.31309230504,245.2476657397508,2.4026186020887,-0.4012598628189484,89.02605461418406,0,normal
2429,9923.68261502521,243.4758951590364,2.384480212316429,-0.6081572786982257,88.44653927756843,0,normal
2430,9928.84517112168,245.06211073932704,2.696470908920557,-0.7387940173259115,87.7099628051174,0,normal
2431,9921.600357835054,243.59106165652628,2.720642568892641,-0.4390442669308548,89.0447990080991,0,normal
2432,9927.26478688141,245.4687466534804,2.076435783925838,-0.3948317318259897,87.65950147193269,0,normal
2433,9927.201906138253,244.0786501839631,2.448363577930885,-1.0427884675450756,87.7884961595938,0,normal
2434,9929.898539402277,244.5495451793624,2.210920611975255,-1.3278689526888463,88.48627080209411,0,normal
2435,9927.629810252876,245.29401998079595,2.2991752671070285,-1.150168398261345,88.71544152077863,0,normal
2436,9929.532579220398,244.2290597825697,2.3923417430244,-0.1711514316421328,88.81492259335431,0,normal
2437,9935.039656305282,244.9471684889005,2.268776615681514,-1.6010563015724406,88.58511863293825,0,normal
2438,9929.451986511582,243.4968304618881,2.337468968896826,-1.3004833054255072,89.51273803652286,0,normal
2439,9924.336145806035,245.6490607103844,2.405299136945562,-1.611157762970919,88.67996479673619,0,normal
2440,9941.856937483224,246.7926157155282,2.308271937056261,-1.1768815767846097,89.17951441012043,0,normal
2441,9940.76296405058,247.83141643401612,2.0980175357437094,-1.6009855650424136,89.07059115518989,0,normal
2442,9928.147670252043,245.14386561973205,2.079004751240482,-1.29755500722894,88.04574280844916,0,normal
2443,9938.817351871374,245.8563703758697,1.8938514843677088,-1.873571341039248,88.62251101326022,0,normal
2444,9933.620231174827,243.30498199192112,1.9875019685604407,-1.1257100846232888,89.7843623571922,0,normal
2445,9938.225219722952,246.6077491123,2.526797552181167,-0.965566390157216,88.48598024595579,0,normal
2446,9939.157892079134,245.90260834070423,1.9517451270055504,-1.4675277836207083,88.41642516650298,0,normal
2447,9937.299951491184,244.6657608240995,1.8469567341172644,-1.41174141008167,88.85472760059382,0,normal
2448,9935.34453397321,246.41212956003284,2.1248906871114386,-1.4378482985218646,88.55100728139283,0,normal
2449,9936.608102461094,244.94765712995456,2.0139525499524824,-1.3509267983050537,88.40436386470239,0,normal
2450,9936.28328743608,244.77321155318808,1.9719371965165704,-1.43176016337995,88.57564324312096,0,normal
2451,9937.514488789167,245.7375826329557,2.2678677453924445,-1.2037053054877127,89.54947683229068,0,normal
2452,9942.152893788314,244.2317992167713,2.0709214418044763,-1.0767691255580136,88.78146635903244,0,normal
2453,9939.7309217748,246.35156636585785,1.8302323144073973,-1.7021407915863236,88.20215691802971,0,normal
2454,9947.546587511297,244.31060763548007,1.8266299008228504,-1.5606445028405789,88.12685327461057,0,normal
2455,9952.404749742522,244.35505180277607,1.7865231063654852,-1.2059656882176142,90.00277284534404,0,normal
2456,9942.905947644342,244.53576384548168,2.037785998416998,-1.910229098486378,88.8044570923068,0,normal
2457,9947.846350572674,246.2471224705169,1.777349046546848,-2.080886374398969,89.15027581188266,0,normal
2458,9949.996202863053,244.9148207614544,1.456890839993742,-1.4263762073112316,88.56426693306095,0,normal
2459,9950.71148808619,244.2293613305532,1.782861672859064,-1.3486233301615078,89.1275225192676,0,normal
2460,9949.590117300517,245.01920710511692,1.4626430544296185,-1.716125896722536,89.71387164501952,0,normal
2461,9953.787696205658,245.64212471132865,2.184991780662258,-1.673590352378978,88.67535409040534,0,normal
2462,9953.35446456017,244.5442048507913,1.5337389878839285,-1.7272620341855929,89.24815778590963,0,normal
2463,9945.628749005176,244.62621634993727,1.6739092042552763,-1.7571420282764951,88.33346808439107,0,normal
2464,9957.041501012542,247.9436027023096,1.738066432581885,-1.28552857213962,90.06534747299531,0,normal
2465,9958.015564839225,245.02781689551867,1.609621753800301,-1.8428956074950824,89.20585017818009,0,normal
2466,9950.65071214454,245.62306045394155,1.5911062492335446,-1.562231891932674,88.88294593113253,0,normal
2467,9955.549417103004,245.6382078501169,1.7161137667870163,-1.7466706384046675,88.95825749687226,0,normal
2468,9959.673422140164,245.6450278401471,1.920547918786495,-1.9028237723230044,88.870116456265,0,normal
2469,9956.111631614383,246.7502445785813,1.7533244987001029,-1.195031404127473,88.91371143218382,0,normal
2470,9963.428798631508,247.14110236902937,1.881043648246596,-1.6005698221143128,87.93753059667871,0,normal
2471,9970.793172120388,245.9525893324436,1.3625716729767992,-1.3753275677259318,89.13049332689741,0,normal
2472,9955.957883323574,245.08914635540967,1.6229926816211824,-1.8702311151973257,89.12781692943211,0,normal
2473,9953.900605495664,247.66861544903,1.5792949959714822,-1.6250630149718903,89.46044733885888,0,normal
2474,9963.246855898627,246.368826990998,1.608318824751943,-1.1590655038280504,88.9729833851913,0,normal
2475,9966.26133704722,248.2658970436887,1.804356249431864,-0.5918739113382249,88.86755233336126,0,normal
2476,9962.428688869775,244.36278220162,1.477138294361381,-1.94185248999186,89.26777294255352,0,normal
2477,9971.782461940596,246.8779207983613,1.433578230409061,-1.3890383339948722,88.48413911343457,0,normal
2478,9958.759815864933,248.67660033758364,1.6160708925940568,-1.1835443949873683,89.38076849103825,0,normal
2479,9969.857578904986,246.48150305407103,1.1494565745900456,-1.4694047819428833,88.39695008603574,0,normal
2480,9964.307183285731,246.6873130028981,1.4547860967309747,-1.0059082708573497,89.90713907220596,0,normal
2481,9976.880144844305,247.287592190814,1.4736207046122467,-1.4958401958569842,89.70780008409572,0,normal
2482,9979.195771650884,246.5137618810249,1.3159408443604297,-1.163609469357383,88.92157095948889,0,normal
2483,9966.352928172775,246.8421339064313,1.712226403238132,-1.3392400058012923,89.7342932289029,0,normal
2484,9968.394423012844,246.899177162588,1.2904162743700145,-0.788579499828105,89.4786012859747,0,normal
2485,9976.399031463065,246.69346310690605,1.4789820452899214,-1.3280696758659856,88.93751672502087,0,normal
2486,9971.12711198254,248.6347035868284,1.5693147683252362,-1.2004613957356092,88.44981722601524,0,normal
2487,9973.800076046182,247.95292589081683,1.7871233407144762,-0.7799461420671767,89.6387604844301,0,normal
2488,9975.121038408051,247.8294801399313,1.521280112193833,-1.3398608317372798,89.10274100253928,0,normal
2489,9966.36519526338,248.4753953909809,1.7187717620355107,-0.9776923629835728,90.06675600573539,0,normal
2490,9976.866240676787,247.49137426628803,1.6809806701284258,-1.5110474108642389,89.54572545508614,0,normal
2491,9974.460965337672,247.07132967457625,1.5760212562786198,-1.2557690797830394,89.2084007359112,0,normal
2492,9976.420373917896,247.33357433962925,1.3450166597363244,-0.7790152064570549,90.47663912714312,0,normal
2493,9987.082643252745,248.0294723296884,1.288685239575686,-1.1543251603047011,89.88551291100949,0,normal
2494,9974.562457504404,247.06075712253823,1.6106453378540293,-0.9831777587473932,87.78935658196397,0,normal
2495,9985.893442134782,247.7127393440528,1.4955741540940035,-0.6338321603862549,89.39335243962542,0,normal
2496,9981.41684301786,247.7906300245257,1.8037245285192487,-0.9167625956392826,88.96418865738418,0,normal
2497,9982.398817115429,250.52572648074087,1.785752516369034,-0.4567341476983491,89.27605339029797,0,normal
2498,9988.737057951255,245.7224184060749,1.6172762741315174,-0.5988347691834753,89.62333776996066,0,normal
2499,9987.474556924404,248.41227820631173,1.4411374722277812,-0.4921783721602702,89.89251026332497,0,normal
2500,9989.61788997632,250.41381952429515,1.7941268803271264,-0.2093827734925861,89.86597937086124,0,normal
2501,9992.597596338022,248.90672273159183,1.5084594847284352,-0.4439912157603603,90.29406999898956,0,normal
2502,9987.093203487071,249.63553430935104,1.5811459195224042,-0.0360637209578517,90.09329409681406,0,normal
2503,9986.68275911416,249.07962885786108,1.5584126507234737,-0.1816710842190449,90.08225232029676,0,normal
2504,9985.313413134798,248.4105629337566,1.7486668207802505,-0.5690078450352072,89.9155294769184,0,normal
2505,9987.608262174286,246.93444298185543,2.0330356847553674,0.0194207065642462,90.47810572284658,0,normal
2506,10007.47776246895,249.48060665024363,1.8211216389444915,-0.2455838630587732,89.69650753525266,0,normal
2507,9999.953390529225,248.59862633539805,1.7570632523861176,-0.3990752879324728,89.72944821814319,0,normal
2508,9987.972950073145,248.67322980910885,1.5645468349136429,-0.1528307874496706,88.94177976159745,0,normal
2509,9989.11488856253,249.0741208014636,2.004383325492743,0.1418891264530614,90.44262558882998,0,normal
2510,9999.135792375508,251.41768305732,1.7624311237383714,-0.0105852023273691,89.89606636344874,0,normal
2511,10000.46239712554,252.1775036531816,1.966772882582629,0.4444616883580389,91.4213243158586,0,normal
2512,10001.470330777758,250.0898094392117,1.897324746452963,0.2686375987981043,89.77175188614221,0,normal
2513,9998.451098503703,249.507820626228,2.160782586689829,0.1446126198275693,90.03880661413784,0,normal
2514,10000.098599453786,248.8953587456394,1.9866956660720567,-0.275158535618404,90.2877698918802,0,normal
2515,10003.365189070451,250.6410936044901,2.031308127368452,0.0237100209022575,89.48356584249876,0,normal
2516,10003.155004599272,252.05535830378608,2.165085570506381,0.1440270413741575,90.23378464829572,0,normal
2517,9992.62851327053,250.1249026000239,2.5139971152380665,0.3763050074086878,90.09183101871398,0,normal
2518,10003.575120049449,248.09288833739225,2.294739928160193,0.4031526543116265,89.94263826920803,0,normal
2519,10001.465716691191,251.24138669359792,2.1234782187253347,0.3072613067207034,90.70075695662138,0,normal
2520,10007.596864347091,251.6559608496784,2.165635010959949,0.3367198580347538,89.68254178609563,0,normal
2521,10022.644488580494,249.18367139877373,2.083407091009703,0.5606971186066246,90.29181492789064,0,normal
2522,10010.552216396853,251.04464932719827,2.021292563256534,0.1306192682690395,90.90162830708212,0,normal
2523,10008.142902667078,251.4176920095652,2.123126148211783,0.9401356181872472,89.84090014398065,0,normal
2524,10015.314330589268,250.9912729678025,2.1010470454794383,-0.1397717603435823,90.06566347024149,0,normal
2525,10014.112463973484,250.37109788919207,2.407312488531994,0.9534716741951268,91.40663277248466,0,normal
2526,10014.792028555046,252.27482983827505,2.082870360791292,0.5452985662936887,90.49102665463376,0,normal
2527,10016.71707148918,250.952033134916,2.583479346634001,0.901130633299624,90.02055763214074,0,normal
2528,10024.955430497115,249.9662048372776,2.486182484994408,0.7504710030055826,90.69476663349865,0,normal
2529,10010.006697387164,249.4973140963521,2.357970269903455,0.7855142359929526,90.02917601548039,0,normal
2530,10019.016160737774,252.90241698925632,2.3711458715640337,0.8877518080217865,89.55050204499429,0,normal
2531,10013.001290707569,252.3523537278629,2.2759106004718825,1.0033140252137227,91.03884589978207,0,normal
2532,10021.394192288004,251.9170913278973,2.45670024236889,0.7003862771589444,89.82080294906032,0,normal
2533,10015.004767550286,251.48153955056927,2.63461185175879,1.1471939729013727,91.617820314653,0,normal
2534,10018.490977287436,251.4847434798179,2.289629799451796,0.5483787329470993,90.16689003937816,0,normal
2535,10020.079915268032,251.02912748227223,2.135774978250987,0.9083001453464364,91.49773963756536,0,normal
2536,10027.409846401182,251.76368880525897,2.594183448073046,1.1960508439802475,89.76627972182916,0,normal
2537,10028.096179931905,250.164459525292,2.528365779723625,1.2782750198607205,90.98282494737698,0,normal
2538,10018.246115366508,251.6369715893009,2.248247122279881,1.1516345530928582,90.73935718146711,0,normal
2539,10025.71771989046,252.14963704631865,2.33322243483438,0.9280963301597546,90.92773409948676,0,normal
2540,10022.8609528647,253.15700973274252,2.314494178811176,1.3469011259443129,91.01218839610708,0,normal
2541,10021.079489524853,252.59273952714827,2.3466073701022774,0.907883624427422,90.29856771042398,0,normal
2542,10027.24735358729,253.51207237807225,2.430747534804489,1.6639231727050732,89.91222685578673,0,normal
2543,10027.747616438042,254.1496808195076,2.444906434289269,1.1418815621888194,90.5603417424368,0,normal
2544,10042.378275374327,253.94099207747016,2.3695436933923766,0.7331270282761818,90.71640898764458,0,normal
2545,10033.361130187594,253.43445500992013,2.3483071939457103,0.8632661686304463,90.38800431063804,0,normal
2546,10025.2567620681,253.0557454820716,2.453171032970529,1.2603213509689306,90.78167397651734,0,normal
2547,10030.266283603924,252.1418149222899,2.53020709271727,1.3136104709239802,90.826615838083,0,normal
2548,10039.13906516705,253.94001811035733,2.4299089491590813,1.8858501138667,90.22562975052614,0,normal
2549,10045.412954432868,254.9560125825176,2.720168467982986,1.0055281555614786,90.8969004522156,0,normal
2550,10027.975918841026,253.6932519188673,2.584098579795335,1.349856183840235,90.584510696197,0,normal
2551,10027.437717756602,255.3419452928936,2.157151887814877,1.0399265436695773,90.38675634354426,0,normal
2552,10047.119986135966,251.9712848728609,2.571718579439284,1.2284700655516727,91.14899077429412,0,normal
2553,10040.637275238216,252.41346493658884,2.5785666006724868,1.8987331392838336,90.38528848118048,0,normal
2554,10035.26791589604,254.49217456580217,2.359852182058418,1.0686615787475608,90.56385379615608,0,normal
2555,10043.198739285148,253.96915326416183,2.1359842644998173,1.6004275772875278,90.84653730218405,0,normal
2556,10028.25901693295,255.085053330711,2.423774407220969,1.555657674917622,91.5159109228878,0,normal
2557,10042.362651193487,253.8206991553643,2.40670141563947,1.4427107465790845,90.94330751207217,0,normal
2558,10044.888663015105,253.0315605983444,2.1689755939705373,1.6166650006297838,91.12913530925512,0,normal
2559,10048.770366419294,253.74774824103417,2.087139636092456,1.122385086266024,90.73415904643386,0,normal
2560,10039.974579666075,252.48887849090585,2.343008145960177,1.97552188753449,90.8616363763626,0,normal
2561,10046.363034572085,252.95158419595828,2.296137683363582,2.0629820552574194,90.89425335854152,0,normal
2562,10042.1934215507,255.10959925865305,2.240677610930099,1.5052262122792086,91.08306401162844,0,normal
2563,10048.978727359849,255.06526825994132,2.2880159413600976,2.222251153689756,90.80605238510536,0,normal
2564,10044.10157072903,254.60913377857543,2.0639486313231004,1.3784897601429589,91.64156598955503,0,normal
2565,10047.409434114665,252.57700222592328,2.17663448969326,1.6198582856667576,90.80241564695824,0,normal
2566,10045.33755235351,253.98990724989343,2.348699465317496,1.929476299954057,90.15271201894656,0,normal
2567,10054.433969932576,253.1718027489154,2.149871329953648,1.36103931868478,92.39496407665416,0,normal
2568,10056.32708591651,255.62006904110052,1.8627521896332613,1.081758249588654,90.87701226119268,0,normal
2569,10051.71306565354,253.904769448419,2.079396802376952,1.008843658389155,91.7143082636122,0,normal
2570,10053.923408075449,253.44590432908177,1.9362573915891288,2.1053995358988624,91.77703978299284,0,normal
2571,10047.329937447766,254.60279606247173,2.1796945255099835,1.3218986241593491,91.56406504654387,0,normal
2572,10053.909730457211,253.9723641590164,2.1656973264140507,1.4170069974688428,91.00914866414624,0,normal
2573,10055.986769023151,256.1339362986083,1.7455827287107657,1.1296954543238007,91.26809825210444,0,normal
2574,10070.165812242283,253.9511952484705,2.2043547519767674,1.7375060395195117,90.5039818310902,0,normal
2575,10052.320360199905,253.32071730440097,1.805198048710974,1.2067082700987146,92.15267779348464,0,normal
2576,10066.01364209288,252.5990835501953,2.314485844289272,1.2806723303844254,90.74795211889102,0,normal
2577,10064.483741110109,254.7513613303994,1.9679015884331,1.5034972256001544,91.0630384634852,0,normal
2578,10061.703370713753,254.2484556904428,1.703441443026373,1.0787450011222326,91.2554970173462,0,normal
2579,10069.88800259218,253.4077950790929,1.699504405016942,1.3274437094202634,91.16817812600564,0,normal
2580,10063.744029575038,256.05030541277847,1.9728823623382348,1.7834980547688284,90.90923340309338,0,normal
2581,10064.61171193249,255.5507589981029,1.8006068021869146,1.4719018251447118,91.95048784511036,0,normal
2582,10063.176459891834,254.87577753045983,1.835442244393422,1.3619695293131664,91.74398090488258,0,normal
2583,10070.32971061834,256.2868416795133,2.1535983108083663,1.365457153248181,91.44526092628776,0,normal
2584,10070.457594291514,255.60160255414493,1.6678849957228914,1.1612773002887598,91.09972843445082,0,normal
2585,10062.603746130526,254.1307861438768,1.7968984897558904,1.852733483898356,91.8467805872824,0,normal
2586,10059.88620788208,253.92701601528293,2.046584548525015,0.9849821933275192,91.0974145607127,0,normal
2587,10066.21120376618,255.79482542934988,1.7950214162223477,1.2655430421235323,92.12971805923206,0,normal
2588,10063.96285467458,255.3818278757888,1.398548812406372,1.209326766960095,91.41487140767306,0,normal
2589,10068.375568918786,255.1618316038217,1.800597980885395,1.448944494830651,91.98875459932364,0,normal
2590,10075.603657498646,254.15021218253764,1.4473214691100709,1.447732963167829,91.3314191734127,0,normal
2591,10067.846291994316,255.6072850845956,1.942485436746088,1.076635151699708,91.43842259641546,0,normal
2592,10070.628003586133,254.244466498289,1.4785993140219014,1.1419232091011635,92.02955294058316,0,normal
2593,10071.83447023666,254.8966066711752,2.220015522673073,1.120816975719472,92.5278497071546,0,normal
2594,10076.481592667536,256.44216604581845,1.903464126122847,0.3072273793577998,92.22497217388263,0,normal
2595,10061.692849396852,254.32901821512627,1.435516546430113,0.4778964056276323,91.89711323102442,0,normal
2596,10070.57435973438,253.40949787091856,1.584704644599792,0.7379385199717364,91.76679894064291,0,normal
2597,10075.337484086253,253.92058168475745,1.7183415900946952,0.7150149152896881,91.2321469673673,0,normal
2598,10080.94723677898,255.95608026670808,1.712336421764514,0.4869515971956386,91.6465517104896,0,normal
2599,10073.145611509555,255.20318049437384,1.633173929811492,1.0340908952406775,91.05557788294338,0,normal
2600,10066.873081517751,254.8042605815137,1.7853788322998412,0.7716032102865447,91.7130079678016,0,normal
2601,10079.997498057706,254.40675956868984,1.5017559729129324,0.6676170610411403,91.75800414690428,0,normal
2602,10074.357534833662,255.38196241954788,1.4455928447799165,0.3155778107083662,90.57026436482168,0,normal
2603,10072.213666062184,254.0262882232801,1.443352605686185,0.6388367663740264,91.5826092917486,0,normal
2604,10075.660108854116,255.1578991129632,1.6794070071656348,-0.1766163047461086,91.78307416559824,0,normal
2605,10078.471167341524,254.09587861683576,1.577005939061885,0.5211409162753948,91.54602095402652,0,normal
2606,10076.974089820978,253.90244265278844,1.5597036517144771,0.5471086110703036,91.77898068230166,0,normal
2607,10069.56600215739,254.13366347883857,1.659217079065067,0.5583784041251633,90.94101552717954,0,normal
2608,10085.667123410454,254.36488394602875,1.0899323724007175,-0.0262134125414991,91.23570369574026,0,normal
2609,10088.136009503954,254.6587059820741,1.5633786260488785,0.4672766596812044,92.1527017675332,0,normal
2610,10085.590910030503,254.9083530870532,1.5475469745136057,0.0438569583988962,91.64695183429905,0,normal
2611,10077.208304236534,250.9480243778356,1.841303307073496,0.0686794566982396,91.82787414243064,0,normal
2612,10082.444417829594,253.7903769947892,1.2067634777407483,0.4836527318824175,91.39577692963232,0,normal
2613,10083.966066715848,254.16625630873708,1.830076327468532,0.8281189150166031,91.68972047747832,0,normal
2614,10087.53104323514,256.02086398851435,1.541081905387366,0.1947024263161083,90.539735335679,0,normal
2615,10088.408718089577,253.3919687447667,1.6323438172902978,-0.1105851914669127,92.12434628213003,0,normal
2616,10081.917584380068,254.58914864557585,1.879438893054326,0.1462721478079064,92.61573548695544,0,normal
2617,10086.511310109992,255.87399252974504,1.6672557383215527,0.3264266303748343,91.18951787195115,0,normal
2618,10088.892003243482,253.01685235609264,1.647137501391517,0.1860237793806277,91.26194593065334,0,normal
2619,10094.38032123567,254.6729229073108,1.6285645543604963,0.7776652457743953,91.96246414161747,0,normal
2620,10091.110640680214,253.4240911208976,1.4975026794327744,-0.3048222735778355,92.48870180487516,0,normal
2621,10092.011531036307,253.66745399709748,1.603606763657681,-0.0594227529455237,91.76027629329718,0,normal
2622,10088.954713806052,253.3130329105193,1.482284852521674,0.2848335688910495,91.15605260292185,0,normal
2623,10096.048355975108,253.326696038526,1.6334931794387677,0.2214181792545125,91.67561258666288,0,normal
2624,10091.496454279712,256.72125173009226,1.1931333708611125,-0.8538387730408741,91.27398676584238,0,normal
2625,10085.584836110378,254.78298200699223,1.7648893990560384,-0.3139665686169865,91.46338236679054,0,normal
2626,10097.340771920548,254.9778751915006,1.6742981392112235,0.088534701858412,91.65445789182178,0,normal
2627,10094.238052524355,254.304191608094,1.651722176142742,0.4668302392227137,91.35030842911236,0,normal
2628,10088.94885536976,252.14047729597868,1.7839343201023108,-0.2324047234041729,91.4343286474208,0,normal
2629,10089.173033620576,254.0747293741492,1.4749396063867055,-0.5966841480693451,91.86867696926257,0,normal
2630,10093.450642191909,254.68426647828,2.1697718228630647,-0.8314301173046181,91.94687319539264,0,normal
2631,10094.671757751365,252.6880583630851,1.786169856708046,0.0950855906431699,91.13512650859002,0,normal
2632,10093.721128905589,254.435488941721,1.8008430788488248,-0.3932697405542062,92.05288421280332,0,normal
2633,10094.660771357578,254.101814903208,1.6606462214127231,-0.9071164327440496,91.67111762824156,0,normal
2634,10101.964264930964,255.17547621078336,1.8825938480883009,-0.7538600200995207,92.2294203229379,0,normal
2635,10099.173097517052,252.83028129591736,2.179581082745086,-0.6394503356427894,92.26655639546148,0,normal
2636,10095.110081950004,252.07378228620013,2.134001355968177,-0.6082982687980485,91.61086748939606,0,normal
2637,10099.195563523384,252.73182560412548,2.122517590303614,-1.0795655923334917,92.19685405940976,0,normal
2638,10089.649048905452,254.4498478114439,2.0858426561119265,-1.0314481932688706,91.47775534861238,0,normal
2639,10097.114480388536,251.1054883716831,1.9298457665986504,-1.3798200945272123,92.56437793419369,0,normal
2640,10104.475041197937,250.78396245275584,1.7365091601656886,-0.6079642108288992,91.50900208855715,0,normal
2641,10094.632401511357,252.8590364655437,2.0112552200003395,-1.0575037681194062,92.0908274240791,0,normal
2642,10091.769010700938,252.24324709271656,2.029081231633019,-0.8493876117678023,91.82633903455852,0,normal
2643,10093.021684618756,252.60868517880152,2.310616363541865,-0.5959821434631905,91.41719532411562,0,normal
2644,10091.099284460026,253.4603496087616,2.187085424003982,-0.9891539181382294,92.38140687382742,0,normal
2645,10092.879306026609,251.87554306170503,2.471706547865055,-1.120511836202816,91.62899640691153,0,normal
2646,10095.196560763916,250.46720993460275,2.4124058241835087,-1.0589720976412174,91.09094594264816,0,normal
2647,10090.25754702134,254.29586462533905,2.1048406879249364,-1.1277129485582609,90.50470096076069,0,normal
2648,10097.59002619021,251.16442156009683,1.8598554167747507,-0.8013120928281068,91.51271634319524,0,normal
2649,10102.24012168043,251.01201487380263,2.518190660010897,-1.10934306929607,92.64252892587945,0,normal
2650,10093.396983409655,253.0833457646318,2.53454445150931,-1.392265636840595,92.58758451995966,0,normal
2651,10105.729418932677,251.5029185610564,2.01036035060067,-0.9398353884626612,91.6033607851156,0,normal
2652,10100.874381543028,251.7310448233441,2.605677075690022,-0.9091608867450616,91.77918096465712,0,normal
2653,10103.650913854255,252.1835340427756,2.3997194943382523,-1.7027710805304794,91.73750368074472,0,normal
2654,10095.37657826361,252.6899559902704,2.3740920765588904,-0.8632313690156534,91.3065989479326,0,normal
2655,10103.096250782057,251.17789863468687,2.682715835141601,-1.2342569738686051,91.50205655712276,0,normal
2656,10093.511946478484,252.93569325091124,2.6456012156948754,-1.278084279412027,92.47000707930964,0,normal
2657,10103.560947739265,249.1837570357688,2.522893903914692,-1.0792459668680427,92.2341381403913,0,normal
2658,10100.097090300234,251.98263195580333,2.502253294337727,-1.5682513487490135,92.12130230129029,0,normal
2659,10102.122409360712,250.2861158735961,2.544852094517265,-1.1275759040757452,91.31954975938535,0,normal
2660,10093.58650435966,252.400263218621,2.354471391330613,-1.5412523788375136,92.03964115477268,0,normal
2661,10095.087505938543,251.0719736681884,2.435286248935627,-1.883814120050209,90.83933461825453,0,normal
2662,10102.637417800788,250.1585891854164,2.276551234822896,-1.7524678793523978,92.41442687982072,0,normal
2663,10094.987993203367,251.39556835179488,2.399972538798022,-1.2935387964205758,92.12388211485836,0,normal
2664,10102.114248309736,251.526855266194,2.40165333817158,-1.756473016942602,91.32334811093492,0,normal
2665,10093.021031703174,251.17624724374005,2.3551314570206885,-0.997671396789733,92.80534719345452,0,normal
2666,10104.14611009618,249.4051293490193,2.5155490183080254,-1.1304383916506486,91.10002245107268,0,normal
2667,10093.78115031573,249.85110700836333,2.428190489426578,-1.0923824711082188,92.26402842891623,0,normal
2668,10102.73380014129,250.23121579301247,2.596988335519024,-1.4588283681865657,92.27703189354716,0,normal
2669,10103.118991537707,250.09409936331755,2.174390905786947,-1.421404643319753,91.37998151771332,0,normal
2670,10096.515515193554,250.785120735438,2.4772508288488737,-1.858029085547794,91.981062140309,0,normal
2671,10102.908044683254,247.9204761218927,2.526049330815524,-1.2009830542584476,91.18154431588016,0,normal
2672,10101.288661018772,250.1697323515492,2.436181282674432,-1.384221003757113,90.5765418358787,0,normal
2673,10097.270779713766,249.4455177208419,2.461151210228477,-1.3250840328303746,91.4653616664288,0,normal
2674,10094.890758451382,248.7971980340208,2.174664351336374,-0.9845412099117088,91.69035816630422,0,normal
2675,10090.078953020518,248.79355716344384,2.557863749904032,-1.6672408508251608,92.31996971998304,0,normal
2676,10101.588892197597,249.2220371437417,2.609728133548794,-1.5163748164023598,92.0305168817524,0,normal
2677,10091.955204605509,245.7362459334109,2.5713527366857343,-1.372280891456415,92.04235709893946,0,normal
2678,10100.18453812205,248.53706275543897,2.671647663497303,-1.74133945132652,91.48694553085504,0,normal
2679,10098.309204008332,248.26386343885864,2.4943056324958524,-1.5061005984899762,91.72752324975416,0,normal
2680,10102.930824368346,249.5741315273258,2.538698644360162,-1.289743390387927,91.52573890488851,0,normal
2681,10097.923594968015,248.1378751378818,2.4620360774817485,-1.5217683278977865,91.3761894457944,0,normal
2682,10097.675352208656,248.6307641477951,2.555106774810452,-1.0166771048999834,91.68960210931418,0,normal
2683,10102.86078116041,250.29109233663283,2.087885630669988,-1.846614936291444,92.02128474532756,0,normal
2684,10100.745634222872,249.6466054468271,2.2093421724615423,-1.0392159258404647,91.69508762183692,0,normal
2685,10100.51013335,249.4585026254548,2.689195161806252,-1.159163035942074,91.8168357365692,0,normal
2686,10101.124808146846,247.96091358185987,1.862555585884501,-1.508416959949474,92.32302680941176,0,normal
2687,10090.93984845078,248.9089887433923,2.308548262061408,-1.594136758198461,91.72197697199096,0,normal
2688,10102.231029647037,248.0378827111084,2.552138653340227,-1.918759733062496,91.30195840944812,0,normal
2689,10101.328962770873,247.9822026130972,2.279337297995303,-1.5099230917090458,92.24705913681672,0,normal
2690,10092.992909131632,248.4952251371141,2.196548168110706,-0.9327690838648852,92.09445131974444,0,normal
2691,10096.655820829106,247.39655593309703,2.282301937650528,-1.2381771449226615,92.12185421303572,0,normal
2692,10097.469797641546,249.39536490755063,2.1640198757076,-0.8457873757492078,92.26624601036154,0,normal
2693,10096.774194487863,247.6518829724096,2.218453632101002,-1.352898041044526,92.1772543318514,0,normal
2694,10098.886577986266,248.34090015274967,2.0527167493084706,-0.9260097875335854,91.95870990930408,0,normal
2695,10104.134990159328,249.08957749402947,2.3877636799089506,-1.3235718812495214,93.13528945642948,0,normal
2696,10102.138170250477,248.57801459527704,2.4269026339125648,-1.367178052284736,91.29210235909125,0,normal
2697,10089.90974815384,246.05080694689804,2.091436889016685,-1.0778572831046402,91.63620824317566,0,normal
2698,10099.313054577393,247.81900324919545,1.8163871471698056,-1.2124815622588536,92.40772127485636,0,normal
2699,10102.56961153811,248.14025837529,1.9642523113263712,-1.4421991204103417,91.9897920448565,0,normal
2700,10097.571635443896,248.0979177779027,2.007386611031408,-0.9995264016267787,92.29171337381464,0,normal
2701,10100.79557918681,246.0103932373854,2.12034507824871,-0.8775305971767726,91.99169175598604,0,normal
2702,10105.095579521556,246.38543663666195,1.7926395348114377,-0.4927644156387126,92.58771282144104,0,normal
2703,10099.836821912226,247.95699688341745,1.8154289838474047,-0.5552551870739013,91.3906100558172,0,normal
2704,10095.63939230005,246.1218600350304,2.0464927736505905,-0.4325862108174285,92.5590869311402,0,normal
2705,10099.283427626147,246.50635261737247,2.107374488146521,-0.5440155430909396,92.4666579517166,0,normal
2706,10094.438154634943,248.30563028980745,1.7707100646845926,-0.621208527739115,91.269129752274,0,normal
2707,10093.479589606168,246.6069690907945,1.604083988056461,-1.0498965457264329,92.1825341927387,0,normal
2708,10091.24002620182,245.8543461122804,2.5035726784111683,-0.5958590869791369,91.83842198148946,0,normal
2709,10100.441887532952,245.6312223085017,1.979814572471323,-0.4208135903177082,91.5492054052163,0,normal
2710,10088.151138362598,246.7706748277859,1.746599683187783,-0.1211114898006661,90.9005560389873,0,normal
2711,10099.514357017915,245.03534809286705,1.9511532958883404,-0.3104449922869602,91.33164353233184,0,normal
2712,10093.951890540147,246.05315329373136,1.7303588365229088,-0.1017405410715935,92.18310746852124,0,normal
2713,10084.046945393577,246.56719270387217,1.907196409100023,-0.7405525174794911,92.227790159982,0,normal
2714,10092.463524806924,247.46809126560345,1.7448239884187315,-0.4855881877844494,91.70715032655126,0,normal
2715,10079.697885425778,246.77300117394128,1.7110975332131837,-0.2152185652682557,92.21245293085236,0,normal
2716,10092.889277943628,245.3294573909406,1.6507923168015393,0.0482107466100369,92.26786479613652,0,normal
2717,10093.742639070868,247.1615937800821,1.3655140188636117,-0.2994248883104304,91.86364961243166,0,normal
2718,10085.900514100382,245.62491805522453,2.024953205151903,-0.2361410628541816,91.41607906564772,0,normal
2719,10089.016958425798,244.6316188733989,1.432277856500905,0.0393740884188124,91.98851145532824,0,normal
2720,10097.698093333824,245.63982235499932,1.3327786813764366,-0.4597398998517226,92.00203847713088,0,normal
2721,10084.917866205473,247.19624993290032,1.5473980118549509,0.4051418374659646,92.08590418971076,0,normal
2722,10081.662610766103,245.8712345104584,1.3838870789612818,-0.2958518648142273,92.17184460902884,0,normal
2723,10093.8673190459,245.66814759832533,1.5531096624838836,-0.5626904755848069,91.04809775471112,0,normal
2724,10095.765145490286,247.24420634408264,1.6893669113396683,0.060892245558132,91.4640795680698,0,normal
2725,10085.455300251591,244.12876596125727,1.7403568739997906,0.6123434642099524,90.75942576500314,0,normal
2726,10089.97020581312,244.22942369566985,1.6948711108619012,0.3235829847643305,92.07175583189924,0,normal
2727,10091.087847739158,243.855872271244,1.4625971720389437,0.4176825283570806,91.58145363923984,0,normal
2728,10080.127186547736,245.80287411330588,1.5266310079894538,0.2493063070945555,91.89219918955725,0,normal
2729,10080.863834191608,245.5570540872557,1.592485478800359,0.2354993566365498,90.92796789327386,0,normal
2730,10088.887162625311,246.8954760748927,1.154771681111301,-0.1381912500084835,92.35514622603728,0,normal
2731,10090.59201493411,245.56025237437635,1.6170995231889895,-0.3087580928991925,91.0461692885017,0,normal
2732,10084.407284696586,244.8785309540259,1.2094184276139754,0.4713835825115627,92.0191392601055,0,normal
2733,10076.611586263303,245.25228066450688,1.908090851227372,0.8493395119387723,91.67918824606258,0,normal
2734,10090.35564022612,245.33789063057063,1.4195114466206995,0.6014777512146251,91.51368530458934,0,normal
2735,10077.16711484892,243.5200312222475,1.4650810638750942,0.7275320037655527,91.46135933345349,0,normal
2736,10077.539932972062,247.8756566422698,1.3510009156589606,1.057295544773894,91.26528093290032,0,normal
2737,10080.313042094132,245.66066232393536,1.3830719516680967,0.7220145489894494,92.2196251468841,0,normal
2738,10085.750025999236,245.32820954044368,1.969235373831984,0.6272311719729355,91.56589089508934,0,normal
2739,10081.619176894988,245.71272779770456,1.7090550051551738,0.4585158887669578,90.91237517506798,0,normal
2740,10078.785962765363,245.7882982841272,1.218902283691307,1.350149109276467,91.34225260425364,0,normal
2741,10078.382745065866,244.9216256876173,1.838524955790464,0.940192597431218,91.585495561907,0,normal
2742,10075.630936343365,244.4162049689523,1.786425986904744,0.5371867195710767,91.95716990072562,0,normal
2743,10077.543579884155,245.6341446791127,1.5027605162992457,0.50621771952375,91.19274778597264,0,normal
2744,10061.437126008568,245.40963877712005,1.6326701368546317,1.270016170126267,91.21281025003852,0,normal
2745,10071.926524756267,244.20526214377543,1.5817411221384503,0.6185889483114655,91.47990730460602,0,normal
2746,10073.933466485743,246.42740603314752,1.9936830673725363,1.520859333120554,91.89124954619686,0,normal
2747,10066.281808527532,245.29693722229567,1.455348070679254,0.171789702317226,90.75636031111456,0,normal
2748,10073.27131404129,245.7306178117405,1.660210536446896,1.4586277680808382,91.67947126454057,0,normal
2749,10069.613025943612,246.39193221461804,1.5627039411039358,1.2101097247517023,91.18067637590651,0,normal
2750,10078.701381657089,245.02311295437173,1.3799285035267763,1.1308541156468126,91.23626377243596,0,normal
2751,10077.070730566504,245.32138839015707,2.12390129748369,1.0728870912628996,92.38490051137347,0,normal
2752,10066.151312364236,245.8196740304853,1.4690832948082837,1.7219795132103504,91.2713721919208,0,normal
2753,10066.994011944436,244.2919921917313,1.769981767329355,1.395074946450446,91.7323108851997,0,normal
2754,10066.639548203078,245.0801046141783,1.399060095214794,0.9391283548465648,91.69964263922408,0,normal
2755,10064.005373306409,245.16279072628544,1.6892622631044822,0.7204596004764868,90.73526145669489,0,normal
2756,10066.486553951583,244.09435781322784,1.8759234785119607,1.3142524651071847,90.38753141801745,0,normal
2757,10060.961225942934,247.3832071463225,1.649557328742163,1.2845378031277812,91.7055437719559,0,normal
2758,10058.334291658944,243.67540461295903,1.955302548291155,0.8515382874988864,90.73797427044838,0,normal
2759,10066.329257815882,243.80368870678137,1.8079770734243537,1.312343536014046,90.4322225566421,0,normal
2760,10065.585361462749,246.4370729578364,2.117990372729292,1.177048122951618,91.76183537825489,0,normal
2761,10057.631902869274,245.85911720101305,2.182799637305943,1.3710682379896233,90.7233562664637,0,normal
2762,10065.339861650536,244.1448322957181,1.817795921605552,1.603879644876336,90.83100295209223,0,normal
2763,10056.908712422312,245.8049639080492,1.97535096878354,1.850459490759099,92.1885185989074,0,normal
2764,10060.529937219691,246.6943239837061,2.021654733531219,1.6906548483907031,90.35541453989926,0,normal
2765,10062.557414692214,245.22691847381148,2.133830821104275,1.2155914498784797,90.54097087187954,0,normal
2766,10057.473369884528,247.8886094883334,2.03780953782929,1.5554450261752777,90.922979582924,0,normal
2767,10059.095111252416,243.60021385680383,2.09786019235847,1.4751492407534077,91.01629971391698,0,normal
2768,10053.413550362617,246.05445842833475,2.035872053591743,1.0667145375936475,90.67304133058224,0,normal
2769,10054.18205803206,246.5653783016533,2.1321253306691923,1.5946395601420056,90.52396027032258,0,normal
2770,10053.298269768822,246.33024925666007,2.3929167681190253,2.039660373679752,91.84154850068046,0,normal
2771,10049.752418453128,245.2764293950761,2.2864634974043234,1.4985413084020374,91.20119926576892,0,normal
2772,10051.753834146408,245.2340310320733,2.321023061570238,1.0153733465672672,91.3453384713443,0,normal
2773,10044.041744517192,246.0140952288559,2.348459247338304,1.5061794106378636,90.96708413195093,0,normal
2774,10048.471019884875,246.43295404901525,2.1956471689688457,1.1351085205564568,91.16326324684132,0,normal
2775,10048.639271126392,246.26867556497857,2.3121721708949368,1.7590780044897094,91.46772380241964,0,normal
2776,10047.914603480278,246.75699604718795,2.052748976608165,1.6568801266462878,90.48576053758244,0,normal
2777,10047.114949153687,244.7505173946569,2.54424787485493,1.4462225124328925,91.09886672591983,0,normal
2778,10047.135717320658,245.59575775658087,1.753870823862516,1.3948735031674235,91.29691192310312,0,normal
2779,10048.959103433011,244.939324720382,2.3122338030138256,1.4259350472407428,91.70363659004374,0,normal
2780,10050.047182585082,245.55068800201832,2.576219261042425,1.486129696570729,91.88743743418928,0,normal
2781,10041.533905030356,247.011107021031,2.0927731441097044,1.2446836699379469,90.93058452178286,0,normal
2782,10037.870382602036,246.16455699321497,2.4620957031281034,1.0514064610045657,91.44704721242316,0,normal
2783,10037.77543193003,248.7256964971053,2.261624268773605,1.7993994182001676,89.52462911313914,0,normal
2784,10039.64460796796,246.37606037592928,2.3386605067996364,1.3309148777665447,91.61775390616704,0,normal
2785,10039.411776540348,246.30768945160256,2.6152221155984847,1.484091754474785,90.46048583172822,0,normal
2786,10036.408046249937,246.42102480369184,2.4781932093463235,1.5057165769324647,90.68461180712455,0,normal
2787,10032.86006094206,245.745351518732,2.043162325139685,1.501613280900565,91.0073651274497,0,normal
2788,10036.13872377668,246.39508861424616,2.265075215943634,1.0364724717080906,90.69166537462328,0,normal
2789,10038.401302764589,247.6518970513829,2.6646036349823974,0.8682268929508213,90.8481100830644,0,normal
2790,10039.54040935744,246.71065380009216,2.5673275990677964,1.1754984678777531,91.52515172467832,0,normal
2791,10032.845582631237,245.87715879114432,2.833975138417569,1.4507301636410876,90.52054393526252,0,normal
2792,10032.631581414476,245.82080099781305,2.826475893382676,1.0923434971792745,90.15046950225356,0,normal
2793,10029.123481981234,246.3722524262547,2.425871088440655,1.1817842376771923,91.58187139915869,0,normal
2794,10032.656805004652,246.9741574278665,2.998105872524672,1.902822706652804,90.91966212563288,0,normal
2795,10027.625603643888,248.17296004554063,2.504249055814419,0.6862410710534668,91.59847442395358,0,normal
2796,10033.783945091238,245.7191725956282,2.307466102548964,0.987476993964322,91.0501810757901,0,normal
2797,10021.036440970714,246.82129878233732,2.372668784706675,1.755994863020508,89.937518272601,0,normal
2798,10027.212095921104,247.3680424147508,2.0462004534750107,1.145592258403434,90.9028972215458,0,normal
2799,10029.557350832054,245.4737444328013,2.815854388257196,0.918091531460251,90.06906224978064,0,normal
2800,10028.0097514124,246.558646706599,2.8090722275289286,1.4504161552132744,90.54552747783558,0,normal
2801,10039.591802810071,246.79819430619847,2.281462540745478,1.0852632773554796,90.48467548799952,0,normal
2802,10026.909077630717,246.76895906169,2.432220211904548,0.9321485416020732,89.69436964784101,0,normal
2803,10019.17073155459,247.84463956592649,2.4889573756341794,1.0613657449477256,90.0774148459951,0,normal
2804,10022.742191253985,247.5809498654628,2.2686297086327354,0.7723332089273878,91.5669838998681,0,normal
2805,10013.364466840823,247.2758861925205,2.0993928541868607,0.6297565939721869,90.56410267258369,0,normal
2806,10020.866661229087,248.34966524399584,2.3969288824852284,0.8653214552338944,90.33759513217994,0,normal
2807,10016.12621420971,249.7361389486538,2.362274387767175,0.5596886664147682,91.31227499986473,0,normal
2808,10023.888251259115,249.74447710912915,2.3352318923073687,0.8290063381606979,90.18810834259172,0,normal
2809,10015.581472781045,246.2753630682045,2.4428491495616806,0.8941877422777953,90.3208733020959,0,normal
2810,10016.761385945612,248.86884199402087,2.6686061078741767,1.005142310249229,90.8423057385532,0,normal
2811,10013.181733181034,248.20806475934057,2.3055233152251327,1.04828581930207,90.12682254845296,0,normal
2812,10024.066450072189,248.63620717475013,2.382754977937345,0.5482326537967146,89.93418349658214,0,normal
2813,10012.777113200673,248.17834013983745,2.4756935176081014,0.7792203542841329,89.16078833294483,0,normal
2814,10022.555807646278,248.79035247651493,2.421975406322582,0.7360289594885825,89.7996112918863,0,normal
2815,10016.472137346016,248.9208427927128,2.168311819280975,0.6449640890698338,89.77501369771369,0,normal
2816,10013.818828151125,248.28764739873867,2.2897938122856423,0.3606352800070318,90.30745323802326,0,normal
2817,10012.258135390111,248.0678487129352,2.358672060103045,0.1534533967779968,89.90306026020663,0,normal
2818,10011.3883898454,248.6135519824989,2.001516756495446,0.5694592892713355,91.26739757251497,0,normal
2819,9998.785032225896,249.39491342236403,2.4573499048419905,-0.1365920086505905,89.63965343733506,0,normal
2820,10006.032127587683,249.85839271952608,2.467903463729452,0.2513850729520273,90.84885423459744,0,normal
2821,10010.654741201904,250.21178380669085,2.013519341962937,-0.4783808000777437,90.2384555044834,0,normal
2822,10005.18622932638,248.9635398753068,2.172904000928133,-0.1574995387307419,90.5120013227312,0,normal
2823,9997.405986840502,249.84108643551,2.238384897680593,-0.0642253722366006,90.46164851885834,0,normal
2824,10003.170691462488,250.61943352734332,1.976290898302702,0.4832466827052805,88.95953650915129,0,normal
2825,10010.953675668998,250.9223521207687,2.1570074920868407,0.3158376427884431,90.04288662226612,0,normal
2826,10007.667797724956,249.7978479555941,2.06845516138503,-0.1016978119621315,89.89755271432877,0,normal
2827,10000.123366827296,249.73572999465227,1.7172502223322912,0.2383128594714179,89.44217869013691,0,normal
2828,10004.190637647936,250.2477841980289,2.0776688637867173,0.2407905872760642,90.2184808438608,0,normal
2829,9996.600917209722,249.0069280726655,1.740846261190119,-0.1186710339703818,90.82693920416996,0,normal
2830,9988.91431207981,250.062938963768,2.1238512513929204,-0.5306968807771811,88.61217157833684,0,normal
2831,9991.811814406536,251.100945186548,1.7770643426222597,-0.2225651512824036,89.66144804902285,0,normal
2832,10003.249419105565,251.097973692026,1.8545670349205745,-0.2342230390638683,89.28581642320361,0,normal
2833,9993.06629726838,250.28524432818105,2.1370803491008803,-0.6190711380525113,89.92461416666939,0,normal
2834,9992.221186564251,250.87249330622845,1.9380447075163247,-0.1834759017065416,89.70595148764757,0,normal
2835,9990.94141544724,249.9291260361352,1.599420401181319,-0.2536372909480134,89.54597352219369,0,normal
2836,10000.964545277024,251.55596829543504,1.5893402936773369,-0.2477551449471606,90.1736306607477,0,normal
2837,9998.577768413152,250.87301350276508,1.64999055567798,-0.3409350180172713,90.62705012725534,0,normal
2838,10000.546941705416,250.772861957599,1.826882687996888,-0.2486209067930928,91.11972013664248,0,normal
2839,9987.663935875173,250.7846485322156,1.7983465762935371,-0.5639133109742717,89.39936871430915,0,normal
2840,9988.944559834092,251.18057892676043,1.5374820354837229,-0.4916613867052226,88.83889097189811,0,normal
2841,9978.891753452252,250.8921982015416,1.452811073102825,-0.7131040805394437,90.00909754102632,0,normal
2842,9992.869519631058,252.0942859228182,1.7235043292304155,-0.8101824725850078,90.51493931767097,0,normal
2843,9978.657282548393,251.1363519411351,1.6125821705969026,-0.2738372247152521,90.096768589615,0,normal
2844,9984.59294129686,253.21947955374023,2.063041328505655,-1.3283143951269265,90.47335478932608,0,normal
2845,9977.037083093106,253.1859553452593,1.6224836623523904,-0.4913838415150564,89.53772857932435,0,normal
2846,9978.595541476663,250.9227424609947,1.962540168856617,-0.979123234754228,89.32601029232059,0,normal
2847,9976.371689331252,251.9768056391596,1.3511401234865743,-1.0558079479210116,89.66887798343066,0,normal
2848,9976.538695242914,251.34849735215505,1.257138236863312,-0.7894111111479144,89.4262848372424,0,normal
2849,9975.904570266166,251.7637593791292,1.3353981048645838,-1.3510740644720045,89.90355068630842,0,normal
2850,9974.883092006696,254.18325124388392,1.7859766269738395,-1.1844912157181149,90.03737260862816,0,normal
2851,9980.817595277384,251.96279689261144,1.889235915940013,-1.2290736490177685,90.05706034665563,0,normal
2852,9970.155436378309,252.7192307632401,1.3725993549371158,-1.074521860634879,89.76889134227457,0,normal
2853,9975.81371410852,252.9880188661688,1.4291188541140407,-1.2822070936430447,89.61713130280668,0,normal
2854,9979.83458824304,251.53278239926848,1.2808293628740746,-0.5925567865731376,89.87210919425571,0,normal
2855,9970.21522166588,251.76401716600344,1.1469042437031014,-0.5647485116506528,88.47412811594262,0,normal
2856,9968.230741898613,251.4977435275304,1.6487478847725667,-1.7404192041475124,89.541692103214,0,normal
2857,9969.709664033237,251.9013669532566,1.5467400162802132,-0.9994716541144676,89.44348477176797,0,normal
2858,9975.80577775473,250.01976446814228,1.502548363521292,-0.9330703389075384,89.50468323224428,0,normal
2859,9969.92556368123,253.49568598899057,1.2200028837749004,-1.054603192934305,89.33528873740217,0,normal
2860,9965.349932338542,255.0854260381028,1.828818655928773,-1.4406665179003844,89.57604782296242,0,normal
2861,9969.479564725592,253.2579690920701,1.4022167720455976,-1.3410760296343769,89.05390216862607,0,normal
2862,9960.606192332947,251.7715516320068,1.6129167255212356,-1.5158036713863026,89.88711477636942,0,normal
2863,9968.585310453278,252.6214411610684,1.2198167446395247,-1.4397122962809352,89.540395146728,0,normal
2864,9966.285891378197,252.88043210806904,1.478384495523373,-1.6977522264030658,89.36020002573571,0,normal
2865,9961.771730107335,252.39547990594863,1.5817334568130024,-1.3891277988106618,88.91745716394259,0,normal
2866,9958.18942998632,254.3456378712588,1.5970337467019622,-1.8242409696310145,89.65530562217505,0,normal
2867,9957.024302615417,254.3667116913196,1.5718792585786432,-1.4509141587182746,89.3324839937839,0,normal
2868,9963.210996353995,252.4705737339672,1.6503322822374145,-1.781669942858062,88.83299649667693,0,normal
2869,9965.764960906296,254.4192300912081,1.3369231234459464,-1.3600058803525883,89.16407039667041,0,normal
2870,9955.520706340802,255.28760761894964,1.615193370957684,-1.639552260210301,89.48868621113954,0,normal
2871,9960.09049451688,255.7284948013748,1.6122225036970024,-1.360935833758386,89.43175798939235,0,normal
2872,9946.45896193802,256.7547599363774,1.6505837297542558,-1.134716064604806,89.38138642452468,0,normal
2873,9953.070854964028,253.0496108136892,1.634485633208061,-0.9921233745139078,89.16614456821682,0,normal
2874,9954.942896108209,256.83629885067046,1.3820911924246313,-2.2358040417243896,89.61487358210222,0,normal
2875,9949.65851098641,253.71674221903336,1.3907989306951671,-1.7347765401764714,89.70303681333218,0,normal
2876,9948.637712765158,253.5357250102641,1.2299943006405054,-1.581223815865202,89.43506620061989,0,normal
2877,9949.099331361183,254.5108534774805,1.8556616062648743,-1.356638160333052,88.75503894544273,0,normal
2878,9953.021933427037,253.65563694880964,1.8777624256377945,-1.9929362082461792,88.50218853706282,0,normal
2879,9949.751909197905,254.6889645810379,1.901736474153654,-1.7942029844213907,88.74180120231289,0,normal
2880,9938.629913731316,253.0203494991648,1.815847195543056,-1.4608639904478502,89.97324977194722,0,normal
2881,9938.35510259397,254.15044421854623,1.3499417957815123,-1.4735506948595347,89.12002002405659,0,normal
2882,9945.066915024192,255.7217935684725,1.5938584467817598,-1.3834286471940962,90.02524573203276,0,normal
2883,9949.53750123274,254.4243901307959,1.856420428533945,-1.3599615111292458,88.88488219425571,0,normal
2884,9932.66464652705,254.6664947762661,1.8730218095627311,-1.3864923023090143,88.79863657956705,0,normal
2885,9943.061982036385,255.04179526227813,1.8253345545962472,-1.4236412771751523,88.87418439002076,0,normal
2886,9942.09329970236,255.7770094011364,1.967958847774527,-1.457349716016875,88.84840373967229,0,normal
2887,9950.835661443834,252.9890916961956,1.9210614650657745,-1.2656499319612993,88.491053995122,0,normal
2888,9941.143907618063,255.2649514321488,1.9676440628420249,-2.126564397628564,88.28695619944924,0,normal
2889,9944.16469877506,254.4465271044488,1.840576995014192,-0.979847097704588,89.09566339061753,0,normal
2890,9942.142551703007,254.91365719874537,2.189771359037653,-2.0915725701768104,89.3561756788501,0,normal
2891,9929.975802079349,255.83742378851025,1.932210513952205,-1.7397702024788926,90.03506333990084,0,normal
2892,9943.667976124429,253.6118303569017,1.7771847904340896,-1.468569274984341,88.5796823474799,0,normal
2893,9940.108245387291,253.8199936137122,1.9139563118646328,-1.182016154845391,88.60429751376819,0,normal
2894,9940.783025700031,252.92189615149547,2.0231340287550927,-2.2643937489790185,88.37921900280766,0,normal
2895,9957.089466455773,254.33091235981848,2.316066957476292,-1.355035498364567,89.3120292731586,0,normal
2896,9926.26056276812,256.2312968728802,2.1329588279622658,-1.0884523613117667,89.14111627671038,0,normal
2897,9944.533792090928,254.7991102864796,2.1279753542798283,-1.0061946460104398,88.27973888590518,0,normal
2898,9933.708661537336,253.59643771235503,1.9388519570860976,-1.4909541790324683,88.25181893920033,0,normal
2899,9935.824619304614,254.46577443726835,2.368589440578089,-1.348057574996539,89.16401687494992,0,normal
2900,9933.409050352198,253.4765015369321,2.1034821502178898,-1.417571193614022,88.86433030717826,0,normal
2901,9930.770702991356,253.85010151816527,2.235662107990634,-1.3243395461673717,89.03703204967252,0,normal
2902,9929.30470385241,255.37304086092223,2.5728603578613027,-1.4888097084951049,88.2016931307026,0,normal
2903,9933.070180563334,253.81728933278976,2.399040556211637,-1.4177007292137085,87.68959030575428,0,normal
2904,9923.112394473144,256.1087412742206,1.991358163075124,-0.9912395861724828,88.17648275078993,0,normal
2905,9933.733714981094,254.9279326119348,1.9820356506275711,-1.0516863114137476,88.9434997478753,0,normal
2906,9927.189405165778,255.08559398594952,2.34116466386236,-0.9123312515537768,89.64093653312155,0,normal
2907,9922.916661445064,254.72057276058987,2.1286828043882355,-0.9632854124074086,88.3566081680415,0,normal
2908,9925.620718040003,255.7687405012948,2.5172165663817148,-0.7829460030572123,89.69534358753813,0,normal
2909,9933.467515465676,255.77400119462723,2.4112675531077485,-0.6966464823234608,88.95854527137311,0,normal
2910,9923.823362760042,255.3188480328825,2.450192789610833,-1.4476247312901922,87.83348461304804,0,normal
2911,9927.61792503486,255.53954170997537,2.2890255228091188,-1.1455691676873092,88.62353005778175,0,normal
2912,9921.503911686415,254.75163202253225,2.790833502263137,-0.922055298421692,88.93516100050584,0,normal
2913,9928.288822504122,255.4929083652517,3.022151967427199,-0.8220446867241483,87.27724281581376,0,normal
2914,9927.274822153724,254.5978310326241,2.407858880886125,-0.9781338568675972,88.79917124815212,0,normal
2915,9932.446013039716,254.92096966230085,2.5429675809943544,-0.4646654955068142,89.0504199673762,0,normal
2916,9921.688514198311,254.6251560931789,2.4994464522700217,-0.1047896028920463,88.65076074058175,0,normal
2917,9925.280716304253,254.4216832510256,2.4344292058154937,-0.6027981937444032,88.40788824026856,0,normal
2918,9921.806694523531,254.1669404447576,2.325140416652258,-0.5926244001541046,88.33986384501608,0,normal
2919,9927.182498579275,255.2989504423224,2.278520214118974,-0.3218136703468824,88.29840162955334,0,normal
2920,9916.503690195996,256.1151419075416,2.2711151334557824,-1.0946073639343803,87.81396714079722,0,normal
2921,9923.225581310704,255.94699187232405,2.5807580396256893,-0.4840383119450167,88.04624917897384,0,normal
2922,9917.937820755453,253.48876817835287,2.3960015719877714,-0.1561485152928911,88.16992912189465,0,normal
2923,9918.009227641918,256.0020821092135,1.9832547499058388,-0.5996808879780354,88.42335054366207,0,normal
2924,9918.215959156214,254.3603810109115,2.5856147928882547,-0.7312122549066791,88.0767365558509,0,normal
2925,9918.453651134409,255.24306162897247,2.485479371885236,-0.375168260929808,87.90928436179654,0,normal
2926,9916.054837041049,253.69804551352848,2.757722136014814,-0.293527242464773,88.71260507469607,0,normal
2927,9917.161417609195,254.70633134824965,2.5570472080172824,-0.5035645608155541,88.50706401984081,0,normal
2928,9923.438702562746,254.8363395263559,2.179517396620916,0.4424400992363341,88.04134747710393,0,normal
2929,9919.944066403,252.9944674743861,2.020958292237684,-0.285288850346351,88.55347559524223,0,normal
2930,9918.839794884778,255.04200378631032,2.3134736571193395,-0.4429218915576022,88.0633014916029,0,normal
2931,9911.702078766097,255.73256254593247,2.32167798130919,-0.0799674967943924,88.31112804266839,0,normal
2932,9909.027928679674,254.16311591801303,2.62354612108192,0.2654667647836575,88.75700468377778,0,normal
2933,9917.75364455122,255.64733327241376,2.420267850654704,0.0433287245360163,87.95767228861749,0,normal
2934,9916.869086875198,254.0451581171292,2.6348526076655148,0.2287442107811048,87.66357125433413,0,normal
2935,9919.372668485606,255.03042872644377,2.1282010931105098,-0.1335003124251878,88.16761901062638,0,normal
2936,9908.518673166473,251.9065945323273,2.570290662829496,0.6190310819599406,87.54903901783364,0,normal
2937,9909.928940277634,256.4866125696753,2.504562800338727,0.3858540981438689,88.08280941641324,0,normal
2938,9902.426262257472,255.50433624800908,1.9389446063157472,0.57607191012034,88.07215492174522,0,normal
2939,9908.217264612667,253.66369221316663,2.5884851556502464,0.4154947112611847,86.97175034090667,0,normal
2940,9914.727391731878,251.9140891309873,2.323213709294917,0.59732148368025,88.46020836545188,0,normal
2941,9906.98600678972,254.1105125466993,2.3627301888235337,0.131535408270871,88.09502479037656,0,normal
2942,9912.103895244809,252.31333570937727,2.0904306875238863,0.289268875478217,88.76897815176203,0,normal
2943,9907.541103096217,254.1353890176593,2.4968895469598964,0.8834840101383301,88.27763836242111,0,normal
2944,9909.715176686594,254.0338992579312,1.9824954384806328,0.989878693162789,88.52970211606751,0,normal
2945,9901.96689794995,252.61127954331167,2.3633610175950843,0.219782981300856,88.74912647458407,0,normal
2946,9907.751094888336,254.60257788375847,2.337848564724834,0.6802625594818946,88.08064241141797,0,normal
2947,9891.99832794481,254.21472111285743,1.955243812332925,0.5169529101774859,88.13866856155431,0,normal
2948,9905.657791689331,254.3111416841376,2.522727131189968,0.4774393518882327,87.34507383790772,0,normal
2949,9898.087511637306,253.2690139044473,2.148018155305603,0.8116955961061885,88.74456642973476,0,normal
2950,9911.926831748438,251.768165968782,2.207896801095634,1.107573891712267,88.04508848345333,0,normal
2951,9909.450287475014,254.0838227092584,1.7469071842184134,0.93913637363538,87.60839973904983,0,normal
2952,9907.57244076274,252.7565971005004,2.4509596070268502,0.745413296697316,88.4746429603019,0,normal
2953,9912.529428142872,251.5569956719916,1.7575159617803449,1.0325977021317947,87.00859734415938,0,normal
2954,9899.874633038187,254.21744382567047,2.182412312668351,0.8062285464144714,87.87774720140963,0,normal
2955,9913.060388266076,254.88229450113147,1.7535447595017426,1.0731150014948874,88.5406269661359,0,normal
2956,9908.69845429503,252.658008254895,1.8038841469957383,1.4028252656472695,87.86188900349163,0,normal
2957,9902.578240405248,254.77366727515883,2.0607962783881244,0.3942570713654669,87.71625936135257,0,normal
2958,9909.17226176299,252.6201048022601,2.084161910224841,1.2891844765634255,87.86180582198502,0,normal
2959,9897.705488154224,252.06156664026287,1.600303723929894,0.6199511913411413,87.05977448209134,0,normal
2960,9898.866855821643,251.72381978456644,2.0489277366492606,1.4808514338958323,88.41752774847714,0,normal
2961,9899.708649902575,253.9026746611618,2.016524959592227,0.950929847963772,87.99358894938707,0,normal
2962,9899.87860662706,251.39585617950456,1.5971148141359033,0.8053927711442086,87.91430759835022,0,normal
2963,9897.022351171436,252.8208068075793,2.0821497740994124,1.406878060306805,87.91176847950021,0,normal
2964,9908.21196834322,251.4350769120647,1.4493573148402992,1.3340730321966092,88.04897095938713,0,normal
2965,9900.603484891511,251.44183956435984,1.5947309519160782,0.9504884063001712,88.36467382320325,0,normal
2966,9903.471295763324,252.83954076754492,1.7951432616155163,0.8986418783324222,88.00814364783115,0,normal
2967,9898.677857158647,251.3356752816213,1.5090382347608573,1.2414476859338954,87.34977400572441,0,normal
2968,9892.257287513692,251.2166515408504,1.7137245182300436,0.958448538500889,88.31496414110075,0,normal
2969,9902.551144721512,252.6593378526564,1.6912325479266423,1.0220276049602952,88.27330200409318,0,normal
2970,9891.490016797448,253.0284060910054,1.5885513800098623,1.3947442751807717,88.12378933259916,0,normal
2971,9900.568449977489,251.9796018589309,1.7763301331629266,1.0886611285616854,88.55585305763896,0,normal
2972,9893.940282302525,250.5835115908621,1.5490368301139128,1.523508499313831,88.03082648814026,0,normal
2973,9910.598396513187,250.63054688199128,1.6268891820657272,1.858457986694067,88.56892837483528,0,normal
2974,9905.108922863816,251.12348821289447,1.7967956526081057,1.3814463009325166,88.71464769579805,0,normal
2975,9900.980915651411,251.2665031636801,1.7136398494895029,1.4783729460921569,88.30019937666333,0,normal
2976,9906.680672227814,249.85932912758147,1.7018184080125012,2.0567760517278706,87.63327596585184,0,normal
2977,9896.050514799785,251.4715160465486,1.3050295972370602,1.10577998667906,87.940249034491,0,normal
2978,9902.929419135467,250.73497512459264,1.6312371945798754,1.828828414857934,88.6236684618715,0,normal
2979,9901.150980680331,248.8344773882406,1.3431761396769115,1.800788457338652,87.25422463720002,0,normal
2980,9901.421919911974,249.5217630693966,1.2563926799971474,1.7425682231834323,87.80605955601679,0,normal
2981,9906.423467734206,249.84688445337267,1.4933522417942118,1.879201674718608,87.82975158645007,0,normal
2982,9903.694035222634,250.1783386127796,1.3230828186534511,1.579911698451575,87.56802619399782,0,normal
2983,9901.455064257145,252.0405577965496,1.6595536317022803,1.3235761848209495,88.43666839381979,0,normal
2984,9891.726878768244,250.28947249702668,1.663071576953839,1.8281943373161709,88.1884338545081,0,normal
2985,9895.200954264428,249.1105309710376,1.1196229632871342,1.839692591033156,87.64449453651626,0,normal
2986,9899.397510662382,250.0719548134989,1.3357207973724798,1.8301019208379508,88.3029775667251,0,normal
2987,9900.49778560242,249.3993168784073,1.2119033526798764,1.5091776421273002,87.92141035728662,0,normal
2988,9894.409770332662,249.9763429168993,1.4150543034185,1.2769417870387028,87.55611849250948,0,normal
2989,9912.159031396744,250.1324717773896,1.6035655575403067,1.5438394216138331,87.64555375525559,0,normal
2990,9907.732467209886,250.6616333829554,1.4702414888321609,1.7623926675685726,88.22103547606035,0,normal
2991,9903.220922317449,249.32883391704345,1.4081189468078827,1.7789904647563703,88.47371155357061,0,normal
2992,9900.64032768754,250.89305736050528,1.794662362972493,1.3334189380768913,87.76221875114506,0,normal
2993,9899.298883099817,250.0633942669552,1.0833750757535996,1.546254502543555,88.27941922582093,0,normal
2994,9895.69008414158,248.34954467121707,1.8025792380640628,1.047023619478223,88.7998706076226,0,normal
2995,9900.936782476056,251.1688296871282,1.458317306023642,1.721861024618635,87.3815523194841,0,normal
2996,9901.94779100508,249.1883747365116,1.5646051051039522,1.176818607475376,88.19101550250664,0,normal
2997,9894.569807862248,247.9291173538603,1.488855396172834,1.6315525483237308,88.43090006044086,0,normal
2998,9902.578997317414,250.3205108304343,1.918020809985881,1.0340929890737316,87.97058739632439,0,normal
2999,9900.2712335845,250.64926422889687,1.3793388033079572,1.6699766532053362,88.6400921820003,0,normal
3000,9891.657799801327,248.4429216307693,1.644909059129805,1.4375455524076677,89.12335527094491,1,normal
3001,9897.05410153281,247.87736648582555,5.601374516294272,1.085823995860042,88.19879820592733,1,normal
3002,9899.457052230737,248.11435921217512,8.088819110867979,1.5056864089524211,87.91370673181787,1,normal
3003,9911.142418905629,248.90786860406297,9.49480305711085,1.0980508132558735,88.52257101620948,1,normal
3004,9904.675476482702,249.3781189596505,8.963890304813287,1.4757581008821865,88.4588886473896,1,normal
3005,9895.413843902796,248.57863493330697,6.350616528584184,1.1432646978875611,86.78240955750685,1,normal
3006,9904.729764876884,248.01855282313983,2.7276893124341246,0.6826876880581993,88.04462389055038,1,normal
3007,9894.781165126846,249.32435663757616,-1.0921202754565018,0.8767016181351605,87.85305396806119,1,normal
3008,9908.158990132972,247.4238930798952,-4.117575548607526,1.0136725374332642,88.25326354302767,1,normal
3009,9900.627486761912,248.67893885499092,-6.058563701237514,1.523595676805475,87.96283306027314,1,normal
3010,9902.762205842924,247.2721874427841,-5.601771155427362,1.352822328543035,88.02201968959689,1,normal
3011,9910.116323670629,247.9044797910316,-3.9658542711627502,1.5380037745339863,87.6381404289278,1,normal
3012,9897.318127421824,247.2741114436956,-0.5833015740555998,1.5143563372135578,88.44234351450713,1,normal
3013,9897.044583696275,247.2470838968646,4.033266755190905,0.824344582130295,88.90812460317117,1,normal
3014,9901.39800424977,246.8418904226944,7.076152206853665,0.8938415903117025,87.66248404302249,1,normal
3015,9909.803289716432,248.4815840841246,9.218602076030136,0.7917662109377976,87.3937003976532,1,normal
3016,9897.319598444748,246.3224023974251,9.568231494741134,0.6776359732456326,88.10832818635639,1,normal
3017,9891.06999248026,246.23487239493863,8.629681108869743,0.289788587731383,88.09028757889864,1,normal
3018,9903.298894671429,249.01708434309583,5.280370808279043,0.8002025743724457,88.69656017232961,1,normal
3019,9908.646755908085,247.79616599397252,1.424524048069445,0.380622991019229,87.50316356198135,1,normal
3020,9912.232134718666,244.3567050128992,-2.2829342887244595,0.7170172723483118,87.85563893188738,1,normal
3021,9904.267170060248,246.1013634837293,-4.709555214913895,1.322321754489599,87.05780791778008,1,normal
3022,9904.887336360263,244.7807697033915,-5.88637147445878,0.4944898724840935,88.8263812060228,1,normal
3023,9913.084771067808,245.5695680165065,-4.361690202708936,0.6648459724640774,88.27157766209224,1,normal
3024,9898.346625294758,243.310635562776,-2.0694871968110133,0.8369829244487967,87.9221902188743,1,normal
3025,9906.142026703728,246.2424724629688,1.9008626424863608,0.6071419827938765,87.50055687229725,1,normal
3026,9909.43523827602,245.16928020006463,5.763654381546355,0.5683953242543281,87.55442434743928,1,normal
3027,9911.136852291427,246.30436271659488,8.685842261524405,0.3290922578145721,88.38494862359575,1,normal
3028,9906.758475925864,244.5540738084312,10.09125015543864,0.3250185133143441,87.632437665036,1,normal
3029,9909.905534330645,246.1983727990308,9.849558614940191,0.0629925700063342,88.2466692970166,1,normal
3030,9897.726538977198,245.6383643101119,7.6277878753338175,0.5609071776969576,89.22483594545281,1,normal
3031,9907.32076326231,247.4946318309368,3.8793395814564544,-0.2595322371659668,88.03844629500719,1,normal
3032,9913.332317191444,247.3450368800333,0.0899545890250514,0.5098267401334604,87.74057325058627,1,normal
3033,9906.614965210618,246.6616532476132,-3.070231576503196,-0.2472209334706684,88.42153231036419,1,normal
3034,9912.29186552579,245.4939709122173,-4.884425231960277,0.417902619523374,87.62704301796599,1,normal
3035,9914.71061619003,247.75191384681244,-5.226395744288787,-0.0219091648940042,89.10951733888504,1,normal
3036,9911.251569251595,244.16114026255983,-3.2136534551288025,-0.3302846645989091,88.96109613938188,1,normal
3037,9914.313399176684,244.25997327232383,-0.4311270736888573,0.1680700385396602,88.18713579695718,1,normal
3038,9909.152836380945,245.5308396929067,3.7858007231063393,0.2279203559266835,87.83068339343522,1,normal
3039,9913.447464972938,247.8215058850371,7.569127549941037,-0.2270782131476074,88.07672549104069,1,normal
3040,9918.054176260011,245.31974680635605,9.590955601101054,0.0756699144669877,88.15222910219863,1,normal
3041,9916.319033877186,245.29524951313692,10.352569757479566,-0.8707707775168587,88.5024669473004,1,normal
3042,9913.141032897507,243.9948019851661,9.523077273934224,-0.6259897866369033,88.84128994955708,1,normal
3043,9917.7426840009,246.34268476570043,6.06633987761384,0.1135531231287972,87.8141757242096,1,normal
3044,9920.750901437066,246.3118155104636,2.153987189116623,-0.3853822604755736,88.84901183234905,1,normal
3045,9907.492678741168,246.1114550156518,-1.0952323714450056,-0.9207709665081912,88.66369050908676,1,normal
3046,9924.110513801948,244.6587706852292,-4.031540591280404,-0.6152664412332441,88.11240812414005,1,normal
3047,9917.214796544456,244.5487808741589,-5.398306509486178,-0.7257613288345119,87.8345654569187,1,normal
3048,9921.612556990143,243.93175941826604,-4.754037266810181,-0.541260469715959,88.44781850512514,1,normal
3049,9926.068430450425,245.28005818023613,-2.320276314445429,-0.6449857170315842,87.87184967479293,1,normal
3050,9913.82890756812,244.08900382067952,1.4931761824405887,-0.5218890264710976,88.92558594566674,1,normal
3051,9917.75308247051,243.96715228732452,5.680101472065569,-0.637698511058648,87.86406436358683,1,normal
3052,9920.478425337313,244.69797782602384,8.63469799035756,-0.2496719382967951,88.71227647291536,1,normal
3053,9918.631090363164,244.61156338565013,10.74839803292747,-0.5703723641679421,88.41068897696817,1,normal
3054,9931.860974949728,244.54375169676507,9.943991825577218,-0.599950773847846,88.18341339922328,1,normal
3055,9919.54654700995,245.53115272951365,8.053803472789353,-0.4265569558912121,88.42519239642202,1,normal
3056,9921.704405885966,245.128707892854,4.546541211415797,-0.930888112743791,89.02963438048512,1,normal
3057,9926.163368968822,244.74843608818293,0.4357859462239928,-1.230241338399688,87.90669977171927,1,normal
3058,9919.797446003073,245.20852237197053,-2.908982623893817,-0.5262411729713883,88.31008559507315,1,normal
3059,9924.503979016126,244.0248894574163,-5.027310928622762,-0.8834344718148541,88.15377586915456,1,normal
3060,9928.751189523093,245.11459554424616,-5.396206666364746,-0.9174046538479624,88.52396989756245,1,normal
3061,9926.188445383845,245.15481604168696,-3.523009167625987,-1.1833687883772024,88.21471450185878,1,normal
3062,9928.081851965308,243.4980615659616,-0.7677409282974339,-1.21169224176942,87.68693510400283,1,normal
3063,9926.605309613447,245.9956965461451,3.2563092014206947,-0.8049608673454811,88.05747063004762,1,normal
3064,9922.389877289696,244.1194633852209,6.761051918277504,-0.7949697483406011,89.41812208598104,1,normal
3065,9932.287457270955,245.0941007628375,9.724086677630986,-0.8856271286215629,88.73695392992833,1,normal
3066,9940.178350944268,246.1730949943488,10.776795842173406,-0.9122847101902548,88.7342547386247,1,normal
3067,9932.226747686,245.9412487618584,9.352702694106632,-1.0078282938860406,88.50138859563735,1,normal
3068,9933.998900533865,245.0587878477845,6.290356645071122,-1.166383695389906,88.63163888689795,1,normal
3069,9937.08074682482,244.67282806328137,2.584586638170844,-1.2846726039878529,88.45743669956902,1,normal
3070,9928.021671899489,245.9956973846655,-1.1569918162023032,-0.8940709583199429,88.95083075316495,1,normal
3071,9943.638652118723,245.73771952361133,-4.1916630785275615,-1.393262422614719,88.7529260036912,1,normal
3072,9936.9019645941,244.46147331982755,-5.62872646164218,-1.1929775003979957,88.13217230716039,1,normal
3073,9944.820257805854,244.30372648600172,-5.2196587946479625,-1.566826780920438,88.86008171776028,1,normal
3074,9933.7727948811,243.0470072310352,-3.0290088967018844,-1.543871238444723,87.51938823553863,1,normal
3075,9947.3115121717,245.29608872410304,0.3838368299635157,-1.4361751610853066,88.9713536510171,1,normal
3076,9942.886400557536,245.08399671956468,4.51997730700466,-1.6245288633301114,88.07553403332899,1,normal
3077,9942.571342931942,246.32945667916024,8.158757381795297,-1.16076544301016,88.7480953069686,1,normal
3078,9941.777803525354,245.58081386772187,9.93336423750882,-1.8200448920725896,88.21483982347368,1,normal
3079,9940.172516096503,246.58639267091925,9.89012459099984,-1.4001053799477052,88.8297147835041,1,normal
3080,9948.231153847795,244.5871030226412,8.135858499971311,-1.403074697935678,89.13370917074664,1,normal
3081,9943.74940837552,246.45680750556252,1.8699240857488093,-1.997721413484161,89.61236572315035,0,normal
3082,9934.03706917083,244.82580319424096,1.8177205511475567,-1.5971341639338337,88.10676952626959,0,normal
3083,9939.116906754178,246.17023608412305,1.7452547723859422,-1.3971443887076604,89.38179325908982,0,normal
3084,9944.609561345707,243.9736449613456,1.845455597336048,-1.352936715136302,88.97635215482218,0,normal
3085,9947.930182142063,245.709128962546,1.7621365214386375,-1.54921483910715,88.70227016811242,0,normal
3086,9946.944003837896,243.5327063732261,2.0646010036278155,-1.2898847486083562,89.32446717817763,0,normal
3087,9954.173836548918,245.29545046272943,1.704732269331228,-1.5294310652310796,88.84361722645637,0,normal
3088,9939.18070165578,246.04991048220407,1.6166039103470733,-1.494878420996105,89.33748947771983,0,normal
3089,9950.516485370876,245.1373125956162,2.143572003389635,-1.424467264793583,88.49983605720301,0,normal
3090,9941.576004377386,244.65830480626497,1.643302066455572,-1.2215028019017786,88.6968194939383,0,normal
3091,9955.336750166553,246.60703863830045,1.7434692676381935,-1.7006078150778454,89.50256380017996,0,normal
3092,9951.94302944248,245.7113306885533,1.7829325461227807,-1.6408806978716175,89.79100672207899,0,normal
3093,9955.395265628413,245.38077016757185,1.4460019323675648,-1.691099555573608,89.04842836578938,0,normal
3094,9949.864363958446,245.9694358805719,1.9019263635186312,-1.5843451078899375,87.69003111255003,0,normal
3095,9961.472247996731,248.62303717589572,1.7646052173812534,-1.0497345836154837,89.00197382546466,0,normal
3096,9961.179183706015,247.2003043575364,1.932116868880628,-1.2973765885929225,89.13562426662568,0,normal
3097,9959.78832185533,247.2713898764356,1.4688030384290622,-1.7987882556966577,89.02102531845885,0,normal
3098,9957.127366964529,246.6079336493679,1.6096681192758115,-1.628549152888496,89.32366834480966,0,normal
3099,9961.582814953386,246.40397471911425,1.5839348256796997,-1.3242351512030548,88.93521560673955,0,normal
3100,9956.061772627758,243.90801422842347,1.6161217074826806,-1.694375546184752,89.61136013969288,0,normal
3101,9964.790761046364,245.6932015526228,1.2607928054014768,-1.6251030326882652,88.62690301865968,0,normal
3102,9969.681083175266,245.9611439470856,1.563375254509873,-0.9878242732155798,89.84709792774999,0,normal
3103,9967.711284055918,244.6377860226554,1.24655416126001,-1.55788392718876,90.02220403710099,0,normal
3104,9959.638535604869,245.4276169051708,1.5953228613892083,-1.0687938680357212,88.80920109004796,0,normal
3105,9966.025622552765,244.67791677453627,1.0909259376581797,-0.9587000471342646,88.82757080652645,0,normal
3106,9958.688394376686,246.6954864139868,1.1405462199886045,-1.5342370453194945,89.50842969879832,0,normal
3107,9968.955104341188,247.6289396571097,1.6700037407151238,-1.5589059090407662,88.72825285083475,0,normal
3108,9969.28861119592,247.99458752945696,1.3935907248578885,-1.3513128538967167,89.09441044708097,0,normal
3109,9958.63225019336,247.38148163078404,1.303293564746121,-1.5704760897474153,89.9108901160484,0,normal
3110,9963.121352271,246.08339826606743,1.7541886443703327,-1.1818727405511804,89.74740881204974,0,normal
3111,9968.466623553346,245.1960081300888,1.5659487951183713,-1.2530773258258818,90.38774453158608,0,normal
3112,9969.33307759096,245.45363200294267,1.6764943032033943,-1.0553344325106508,89.50213960033341,0,normal
3113,9965.747966177236,246.0250613013513,1.471725112102509,-0.7155050063542854,89.13048801594752,0,normal
3114,9974.701039470168,246.48980970320147,2.0450338361954947,-0.8594011022841197,89.48074467229465,0,normal
3115,9974.9770331999,247.30459492316572,1.3935668702572512,-0.9269391098071368,89.39909913339964,0,normal
3116,9973.71446683868,246.53686745177384,1.869943870229663,-1.631623744771996,89.4254376953699,0,normal
3117,9971.875533738812,247.97767536699203,1.5165438089902166,-0.8759570467228895,89.5011879707442,0,normal
3118,9981.869140143304,247.4950382626744,1.2068649067502797,-0.4584341588604216,89.06662873580132,0,normal
3119,9985.876090768352,247.82737881435668,1.6444420454144533,-1.843754193298202,89.69308998154354,0,normal
3120,9976.156938551178,249.0474782300791,1.6220602028836422,-0.6983111826376784,88.86716328552893,0,normal
3121,9976.491744659686,246.8182275990256,1.3611807232337905,-0.9166474728267158,89.23263828095517,0,normal
3122,9982.988495572608,248.5091961569161,1.4004097902414323,-1.0867104589106442,89.55120976334103,0,normal
3123,9979.72413508495,248.1693143734544,1.5943603263198949,-0.5536169018148785,88.50050898334591,0,normal
3124,9981.800969274904,247.9433240050041,1.684697168937072,-0.2425127194520664,90.03445487373686,0,normal
3125,9987.181644521264,249.2562785437932,1.137025630611882,-0.4836444525776929,88.6430903203291,0,normal
3126,9974.923673457888,249.34489988382904,1.8591151711857985,-0.7877158942410967,90.02420292335758,0,normal
3127,9992.050593594138,247.6148720648821,1.5678024691472054,-0.9189352169935454,89.06277699443343,0,normal
3128,9986.81256674566,248.47525484428527,1.4193968215217332,-0.5514696784215665,89.5265239371285,0,normal
3129,9985.383135627631,249.0352166939277,1.893789353726776,-0.2913355477113099,90.00837735048361,0,normal
3130,9987.987123735167,248.57808622790395,1.7214180791460842,-0.6273326898070657,90.86773564986528,0,normal
3131,9989.23929109812,249.5336618202884,1.990624965169392,-0.5558020653457019,89.84676887531404,0,normal
3132,9981.766044899292,249.32780054777163,1.856863786111722,0.4208643080031721,88.81712786423059,0,normal
3133,9998.892607434158,250.97751915595447,1.7914286531350654,-0.058805648804363,90.30520589225571,0,normal
3134,9992.62126753984,247.71337017083923,1.7841643475891376,0.0063160405798997,89.73233358514021,0,normal
3135,9995.627131642055,249.2202072383849,1.934694799218424,-0.7328248376581852,89.90319574702583,0,normal
3136,9999.168010236435,248.53339757192748,1.779292440960922,-0.4626469272659651,90.16713674261514,0,normal
3137,9990.303148458715,250.14548762671149,1.715675551987582,-0.1836116648955001,88.79549023647749,0,normal
3138,9998.775478704742,248.02387181087627,2.032647736836483,-0.4616978567157763,89.93143080805892,0,normal
3139,9996.069431403206,250.0871635185297,1.9064674752802964,0.3635673777372692,89.74330579217767,0,normal
3140,10002.641267616073,249.21071314056096,1.96693925817644,0.3514515462321125,90.57906572780256,0,normal
3141,9988.77121277782,249.20657416264075,2.203061795751585,-0.1867316076804099,90.35170387926092,0,normal
3142,9999.911873782476,248.59423598687192,1.987407634645166,0.5535057142027425,89.19464594428291,0,normal
3143,9998.39319667468,249.67564011272933,2.0381614168850093,0.0620361460084536,90.65945892524654,0,normal
3144,10004.568428647866,251.3251421731917,1.9401085367995528,0.8850533567209847,90.272904821974,0,normal
3145,10005.756908063247,250.31528228989305,2.170920168368874,0.1964695416500017,89.29451294380151,0,normal
3146,10000.867790218132,251.0678445379689,2.179259620285867,0.3706110415784847,90.11599494559124,0,normal
3147,10001.843842348904,252.2043230289534,2.313697742110167,0.6622357982714027,90.62550729032358,0,normal
3148,10005.849636337873,250.9027380134152,2.0416318391111936,0.6698482983665075,89.52103732732648,0,normal
3149,10002.917363263978,250.17922849368404,2.089415541341114,0.4838135576465852,90.8368001559338,0,normal
3150,10012.607364046436,251.3040307166968,2.3624753907486737,0.3319899741247149,89.41163452431972,0,normal
3151,10007.547440998002,250.3908980907237,2.277049473741393,0.5719731385115445,89.79225595168124,0,normal
3152,9995.853627994818,250.52881322403908,2.0673558108114274,0.215903403707009,89.73633596413369,0,normal
3153,10009.508512051258,249.6109714974289,2.5312814434559585,0.5490094459958461,90.91611931248164,0,normal
3154,10007.182818220335,252.15429784720305,1.9509769241113264,0.2127347472330685,90.0020026782165,0,normal
3155,10005.21083569402,250.9387226397712,2.467493880108422,0.0529292541199362,89.68593579409601,0,normal
3156,10008.170422316643,251.60297844811512,2.0767879833732854,0.6434600798102784,90.5097565496122,0,normal
3157,10015.89350285977,250.48050492743508,2.7253571507831964,1.0475882657599955,90.63751970530843,0,normal
3158,10022.977035001431,252.04739457297657,2.056778241738175,0.9866171697683832,90.66044466460087,0,normal
3159,10018.885490219624,250.9438412350537,2.612733002111203,0.7236350269510736,90.210721774393,0,normal
3160,10015.27105595698,251.6577269911689,2.3815851762614786,1.310965226159067,90.49333860847965,0,normal
3161,10021.565268579634,252.77019523349875,2.3392261379309915,0.65410137211709,90.06059840896096,0,normal
3162,10017.970542199717,252.7753050814314,2.4632294350477006,0.2866791813595306,91.24272071398411,0,normal
3163,10017.771211469542,252.05389847177372,2.56506847011641,0.243832014269826,90.99698684563614,0,normal
3164,10016.448495135111,250.3983499429368,2.269250107808171,0.5797299874646922,90.98588458404586,0,normal
3165,10014.435037591104,255.2489774135528,2.2972893781327164,1.2138589442416887,90.86094159978404,0,normal
3166,10022.21611684182,254.09080924495825,2.599533733569306,0.8123430488701301,90.74318136048984,0,normal
3167,10025.92514002057,253.1554705819221,2.136136219865337,1.174081341332239,89.8805162093445,0,normal
3168,10025.618377950936,251.7664643719256,2.3675572787106534,1.5617565142550265,90.83868054414806,0,normal
3169,10024.98567526344,252.4919405546311,3.098128019463659,0.768959148541179,90.59844281309516,0,normal
3170,10023.298086673418,252.1469346710265,2.30075084560722,1.2726658797538724,91.1922183820135,0,normal
3171,10032.026552350711,254.0379573181999,2.727041180628315,1.3199164767612537,90.98341601903697,0,normal
3172,10023.355267699955,253.1192409446917,2.3821742098120984,0.9280754265505846,90.87400878107026,0,normal
3173,10034.773678708523,252.15406821308423,2.601808982947832,1.6195617817258685,89.77575838402109,0,normal
3174,10026.831976556128,252.54779573627084,2.6302569430511595,1.1528961817887835,90.59236096471098,0,normal
3175,10029.027223695815,254.21885036182965,2.7233147984747896,1.1488769946564497,90.37684186769982,0,normal
3176,10026.398533248665,254.7756324263584,2.4543667830585374,1.921143927650068,90.80083214612635,0,normal
3177,10032.16513456866,254.78046833181023,2.8878527867715835,1.466988250977543,90.48566877034048,0,normal
3178,10040.484926511192,254.08447021081804,2.366641922282122,1.6090646053436148,90.5741943963294,0,normal
3179,10039.119162769985,253.14878372350844,2.524575673337146,1.7580662922405823,90.96033739900864,0,normal
3180,10042.362136925089,250.2325046954436,2.518815252300096,1.175360837950991,90.53333147051453,0,normal
3181,10041.005996160386,253.84239891195384,2.236220362087594,1.7631206316817551,90.82870143840132,0,normal
3182,10033.798351857486,253.6132124483884,2.393142360220488,1.254028069669891,90.02662807456562,0,normal
3183,10038.580240810586,253.82337965435772,2.471196778695256,1.256367247104897,90.38848300026449,0,normal
3184,10037.24665383356,253.8041779459616,2.339950131227445,1.352034548944162,91.15097477318442,0,normal
3185,10048.709871815605,252.4894014156348,2.9009736801522283,1.2596051925641882,90.22604388755995,0,normal
3186,10036.97819621486,254.4369288985344,2.2304469423072444,1.704160170694387,91.48210532774132,0,normal
3187,10048.331473867374,254.574041663404,2.6184441387926976,1.5476533717527037,91.36445938605924,0,normal
3188,10049.22421448242,254.68489246153783,2.5372825770519314,1.328779143030928,90.76107393496764,0,normal
3189,10054.799529944692,255.00825804505257,2.3457347708470446,1.6858258373856063,92.41239563147349,0,normal
3190,10044.49041467235,254.72323543014025,2.157110883807855,1.406912429483172,91.55232874163408,0,normal
3191,10050.9832232868,253.7650094988268,2.157321917534099,1.3956984629409748,90.4737924964251,0,normal
3192,10059.707894403264,254.1583872276989,2.1874225383008663,1.5120325461055455,91.33907973126142,0,normal
3193,10046.0846196443,254.3728424748764,1.9131833698494844,1.6384257103503963,91.01638809373924,0,normal
3194,10042.36590235788,254.44019795878336,2.048278480893828,1.6169527738415477,90.61246602648112,0,normal
3195,10041.504324923915,255.37976412606423,1.9304939035426696,1.3902847023459974,90.48313293028602,0,normal
3196,10055.326116340588,255.07251062336252,2.4736144930097965,1.7513045649328494,91.53269779136984,0,normal
3197,10043.19981004633,256.5517092324599,2.305071264349845,1.4270173500299077,90.7533384894204,0,normal
3198,10051.601709200011,256.7245690086648,2.3150595466388206,1.2924603802122738,91.01832791177549,0,normal
3199,10056.492267492082,254.6396766675132,2.251722478564828,1.0424294039531503,90.62560106702443,0,normal
3200,10056.068545808315,250.76347464252456,2.1431061538563347,1.7703351624512238,90.72877439383409,0,normal
3201,10058.101344791512,255.8752257724538,2.377331012112639,1.4703166167068162,91.05601780937612,0,normal
3202,10057.911424730615,254.134424787204,1.938311788042227,1.519759436456904,91.33009065539434,0,normal
3203,10064.014479548989,253.9078551661039,2.056916494454997,1.7588259890233735,89.85822342787273,0,normal
3204,10053.672981642503,254.34354810184456,2.160023635262,1.2891501511813863,91.17715117050736,0,normal
3205,10055.858157510023,254.3261078847933,1.7213728054938615,1.0060501143293157,90.81180215775385,0,normal
3206,10056.18248136813,255.41386925975056,2.579971169140088,1.4240255305840537,91.9020968986148,0,normal
3207,10064.993378518142,253.2690916127968,1.9415036265474888,1.4789385291094053,92.68822471217932,0,normal
3208,10066.134969073908,253.775803241832,1.939485938562844,1.2899062857352186,91.05302000516178,0,normal
3209,10064.673496155374,255.21973779263936,2.1379834628128807,1.791861428587766,90.38723311081904,0,normal
3210,10069.112989635138,255.5206279529984,2.045402152415444,0.5836546593951718,91.32234891097303,0,normal
3211,10058.077149206249,255.55837124339672,1.8461738196587256,1.644089631200307,91.17663240611596,0,normal
3212,10073.068909661277,254.14697232912056,1.8411347537483729,1.52280956797484,92.28033110657104,0,normal
3213,10073.107944547506,253.97094843072347,1.4912919418337487,1.3987287088515126,92.14312970046667,0,normal
3214,10069.922274640032,254.45580509849424,1.6583608619669057,0.2360255708104861,91.75757077837434,0,normal
3215,10075.898948051254,255.21355362705145,1.8512041752765505,1.595948197791277,91.04645202954164,0,normal
3216,10059.44592738308,256.46840978048874,1.8152792776681268,0.8757472350972,91.69346415151976,0,normal
3217,10065.839119806322,252.9427536553687,1.9501560434648328,1.0032005504250792,91.50173038928688,0,normal
3218,10065.510314171395,254.7747245043028,1.6619799050377713,1.075121140820118,91.50439823114584,0,normal
3219,10073.51278045527,253.6660391256584,1.3895646734366516,1.2183015539464408,90.61899275244576,0,normal
3220,10065.366242020022,253.34773977437456,1.86014219336645,1.2566953649560468,91.94323658358748,0,normal
3221,10075.108921710544,255.9662040558021,1.918665934364717,1.300551618960799,91.48033308343275,0,normal
3222,10078.871494844503,255.5411373113775,1.7946701255156017,1.2443586462530167,91.3899556087181,0,normal
3223,10076.184994964206,255.44121304077075,1.5668298690684697,1.0414843201950954,91.1541013617713,0,normal
3224,10074.810631083905,255.90607550724607,1.793970105855898,1.0555175419835532,91.0710292694852,0,normal
3225,10069.128065636463,254.49660696004,2.2574483350047023,0.567811611007996,91.63997793745884,0,normal
3226,10070.501327204203,254.53297406577107,1.582340657543207,0.633221191657412,90.62013023976752,0,normal
3227,10081.64435275925,257.13864174570006,1.285708306464688,1.089886190392669,91.90267454448032,0,normal
3228,10079.946139887235,254.69165852317715,1.420673710781535,1.0343907910175485,90.99393517885636,0,normal
3229,10076.499829029652,255.6567049129612,1.6540559290882637,0.961642739356815,90.50455818942818,0,normal
3230,10075.243241227794,254.90932899984097,1.2002072280482552,0.5507828529805144,92.45760343709544,0,normal
3231,10067.833878706697,253.034102474158,1.548452896814284,0.93822593861459,91.13021483677224,0,normal
3232,10073.23098886762,252.8151926664895,1.5852571199886007,0.2760768552636927,91.21062543846,0,normal
3233,10088.756820825924,254.25635425253387,1.812058415897682,0.906468062920017,92.15126367330852,0,normal
3234,10073.404002057856,255.86502245540808,1.764154474212625,0.4632839138020148,92.52334104851566,0,normal
3235,10081.35225298013,255.56887208727505,1.673358348367995,1.004593956206861,90.84159628817876,0,normal
3236,10086.032607282772,255.664404653332,1.0674801112904715,0.0002585119676719,91.1418237182106,0,normal
3237,10075.30320814831,253.7311283009817,1.6850507622085371,0.9426496674456182,91.19021701868616,0,normal
3238,10083.075650219587,256.3000067539666,1.644014676717647,0.2617542313145473,92.1104427882615,0,normal
3239,10087.407736749272,253.68332715633292,1.557415198950723,0.2125816804638433,92.47392924519912,0,normal
3240,10083.338445140314,254.8232718216572,1.164730399374213,0.3408152692883429,91.12539268982653,0,normal
3241,10098.167425752716,254.56047798205,1.361191351989103,0.0289240078755126,92.38388087847174,0,normal
3242,10076.0234936524,254.35551102944848,1.290161272030435,0.1718188126022587,91.33281274317147,0,normal
3243,10090.192775489932,255.8247198723151,1.1286947674387624,-0.0724746880107297,91.86604410828303,0,normal
3244,10084.559277204717,253.7359657068305,1.5404545694340372,-0.1063441109734781,91.07273886812008,0,normal
3245,10089.798497459666,253.0446430929844,1.39196148678296,0.205108919724811,91.65781272691864,0,normal
3246,10088.652449419707,254.36565831585224,2.0881962901413544,-0.2564114624779329,91.67336191618789,0,normal
3247,10083.278505132062,253.8955123691183,1.5420819837660251,-0.2613976843286431,91.5813065691946,0,normal
3248,10088.578946180152,257.6206802178756,1.8483483885635448,-0.4877465453069449,91.94116477501696,0,normal
3249,10078.625391737543,254.8660657082781,1.29056513006163,-0.2719898177978184,91.25478254746449,0,normal
3250,10091.40327985744,253.72480282223188,1.5141430270393703,0.2278772730793223,91.32587919799823,0,normal
3251,10090.341139414,253.02096339163808,1.6562659285103285,-0.4640271180728181,91.99594301415564,0,normal
3252,10092.498067696062,252.1380873380069,1.4728885676558632,-0.4741914876699842,92.45711300254482,0,normal
3253,10095.040847844815,252.9328501538671,1.5885757461740857,-0.2407501920757689,91.78359827736368,0,normal
3254,10092.024869836132,254.0111213274701,1.6487395176461008,-0.4541219601450184,92.0555707994328,0,normal
3255,10091.354713547871,255.2600601035384,1.6656309330867602,0.2819156175978772,92.19132533412626,0,normal
3256,10086.627359228236,254.88943944908564,2.104237894965652,-0.4785889326606261,92.2359066125476,0,normal
3257,10087.880928361728,253.93035694321165,1.8303279132374632,-0.372178051767028,91.35207828068116,0,normal
3258,10097.775892422274,253.3101257952352,1.872666410132807,-0.2321004952760972,91.44833927132532,0,normal
3259,10099.414899345937,253.83268389778107,1.9073348668041905,-0.2798816728001065,91.49962714937637,0,normal
3260,10091.424449886492,252.9743861232168,1.9450701875449548,-0.528791168019099,92.81661694180804,0,normal
3261,10093.217534131938,255.1391435327224,1.8295520607479112,-0.6880992391374914,92.11384687749936,0,normal
3262,10088.827668173772,253.1579765057356,1.8059493248944307,-0.072960241152045,92.09867266116731,0,normal
3263,10099.568408931931,253.1858771567695,1.92775563861184,-0.749892587582391,92.0572103707038,0,normal
3264,10097.376223096526,250.98013207562417,2.150311007942746,-0.8916193197806006,91.2205860777516,0,normal
3265,10104.090335597337,252.92298080056256,2.1689582295438705,-0.991331618583143,92.85678020368884,0,normal
3266,10090.318304119875,253.8761136068102,1.9205319646208696,-1.353364751154769,92.133792155509,0,normal
3267,10093.13608018842,251.891904902307,2.1471599210980044,-0.6258341978907721,92.26210244999768,0,normal
3268,10096.490046941091,252.1277213438225,1.9796697906692056,-1.612949547759903,91.02389570211136,0,normal
3269,10098.86242945976,253.5888155567261,2.0503099171485446,-0.945638371166968,92.30242156160334,0,normal
3270,10094.839245107569,251.2359917716168,1.973671398089856,-1.0399227337885293,91.74024544084234,0,normal
3271,10091.83078768882,253.68590943538925,2.05671640918223,-0.3401374584045202,91.26252037545864,0,normal
3272,10100.871021152336,252.0103727620566,2.3857482483009136,-1.594374011256941,91.45239783721846,0,normal
3273,10100.328404369113,252.06733968335968,2.1601096168839,-1.3470209350558722,91.30200744690096,0,normal
3274,10092.390428910074,251.24443841993,2.192471052440139,-1.1483612446030986,91.2985438907006,0,normal
3275,10103.9883881758,252.6578247115353,1.899346707961103,-1.1966367619572824,91.97449739358755,0,normal
3276,10103.291821437228,254.65020018120484,2.1498453180297177,-1.3310634282835376,91.75543516345908,0,normal
3277,10098.332220096869,252.8814990786296,2.185805829550152,-1.218269012855372,92.12024943329324,0,normal
3278,10098.268870649512,251.144550247486,2.090029773828171,-1.5985395529045463,92.79540556228666,0,normal
3279,10100.841526913644,253.05248625775585,2.281341700946554,-1.1391124434860154,91.8966729043476,0,normal
3280,10093.953272385132,251.50744956845696,2.2116299309660734,-1.967193923592912,90.84279110774906,0,normal
3281,10098.592668713696,253.1051479106212,2.333179819411067,-1.301813553802023,91.8478711205836,0,normal
3282,10087.851473007193,252.443180904064,2.360402723240466,-1.4963595942627552,92.56896503280376,0,normal
3283,10103.156687113224,248.5985499291529,2.1630326423618773,-1.0323515036185285,91.93251844146576,0,normal
3284,10091.11808357039,250.4421821983523,2.2916392757498985,-0.8304264418804124,92.7431763204979,0,normal
3285,10106.583897149108,252.29463890537625,2.403122351448981,-1.4748960641297182,92.20780675670817,0,normal
3286,10097.547539264247,251.40536272244947,2.6398063269241163,-0.9756853556731268,91.06482792748292,0,normal
3287,10098.261226820232,250.1328998048959,2.4685820647965944,-1.5038072207127913,92.04118235981694,0,normal
3288,10096.292382321866,250.42555389253008,2.298100105516504,-1.7136115155704157,92.13712168417814,0,normal
3289,10098.092404582752,249.0549708001132,2.5224610109509293,-0.9135223909830864,92.53082987968408,0,normal
3290,10106.716849601224,250.7745136747027,2.795236334953821,-1.2932870021074787,92.90230214331552,0,normal
3291,10087.266781179667,252.97491108699143,2.647000269498089,-1.459110363531325,92.44797924910118,0,normal
3292,10106.16231248028,251.4701834720997,2.5819377929897,-1.2638963634198586,92.21578960969038,0,normal
3293,10101.529286377438,252.7564297117849,2.625143198742153,-1.3960698356256034,92.33487751522776,0,normal
3294,10093.855760321034,251.34894603207803,2.77440883575769,-1.5060545076353362,91.9138139679816,0,normal
3295,10094.556017179852,251.39437790397588,2.7067204583547,-1.8888368129707576,91.26721266449825,0,normal
3296,10108.346261691278,252.2411801121711,2.6088955161228062,-1.5763433503570763,92.02003397421618,0,normal
3297,10095.258483219312,250.5444607105628,2.711981623639685,-1.3111361034269846,92.18236551610994,0,normal
3298,10094.230987611392,249.8799992797568,2.283387326827184,-1.5365263590885565,91.39812599033148,0,normal
3299,10105.686035730858,250.9998863781847,2.199479828352936,-1.2292297797495113,92.66330008013064,0,normal
3300,10101.683950392156,251.32108446700204,2.5303183698537115,-1.3837137441194938,92.50252922795576,0,normal
3301,10095.28328208446,249.2873480560234,2.5103535557810828,-1.7597850618365611,91.31357749169896,0,normal
3302,10101.027761592895,248.94590515706903,2.384312892373074,-1.8882830601424163,92.68180887871245,0,normal
3303,10094.77760566602,249.7066248183841,2.6535104458071928,-1.5345291515710078,91.8439701970795,0,normal
3304,10105.362217891028,250.29973508615168,2.109791607860232,-1.6381497271759238,91.60791643541911,0,normal
3305,10105.106721810098,250.1670073995705,2.3682286276453586,-1.3721575478936403,92.53563618608791,0,normal
3306,10102.391674163127,247.8456813074556,2.369823013361253,-1.6793426371910305,91.96910565700033,0,normal
3307,10101.46175157733,251.08267958214248,2.1300180166029943,-1.6380488736755092,92.94266158584036,0,normal
3308,10108.371224735927,248.43146475266008,2.7455458685747782,-1.1257321071027144,91.56486166028844,0,normal
3309,10099.465597143588,248.70949178790843,2.1629644403030865,-1.384116587813477,91.1235145481466,0,normal
3310,10093.449729640935,247.97423969116304,2.304254924195873,-1.625034430746218,91.84696286477772,0,normal
3311,10101.488468766369,251.4780093808468,2.589582541234161,-1.3932899019904388,92.37943323357436,0,normal
3312,10109.543409356836,248.92502582046785,2.522239558375732,-0.9680165754046876,91.51869198941525,0,normal
3313,10093.90154031535,247.735781475148,2.155457078871992,-1.2754180178248218,91.31445656422564,0,normal
3314,10097.02029016864,249.3550467899764,2.49670885484032,-1.1663057508970052,92.09101578139358,0,normal
3315,10100.752217735402,249.1652292340943,2.4003865636008967,-1.5492886429359,91.24155614581416,0,normal
3316,10098.232979926124,248.1139781872076,2.790399539336846,-0.9939285899781948,92.12339643322974,0,normal
3317,10093.41365272719,249.04860297484612,2.385133956734064,-0.5834882650300611,91.79619188696743,0,normal
3318,10103.747293933027,247.28971213010936,2.2558902497290227,-1.4922728352492711,92.20999333721367,0,normal
3319,10109.541228566077,247.52984761809907,2.0919207643828326,-1.5841850695436348,91.26690609715747,0,normal
3320,10098.714908534346,245.9211019078704,2.092797108473014,-1.150631966625257,92.60376660050648,0,normal
3321,10092.997362730102,246.516747592598,2.0543126002199257,-0.9132380034103948,91.8588368410788,0,normal
3322,10089.54660280392,249.55857328860827,2.470958267792988,-1.1748430773703469,92.32758944253617,0,normal
3323,10098.34525752623,249.3035145097997,2.177112829907864,-1.433892145850381,92.42104528304492,0,normal
3324,10102.32903107076,247.6399530643416,2.262914906843076,-1.120003465107706,91.3574704109006,0,normal
3325,10098.930068936948,249.1501446983874,2.4286870515311945,-0.8765199122806455,92.37221335889348,0,normal
3326,10096.277141507611,247.2411926812904,1.6298022242864796,-1.1456262381776146,91.21324982667196,0,normal
3327,10093.068104125165,247.0729502405153,2.332673642086785,-0.8079881848114545,91.23522037630228,0,normal
3328,10090.269344526198,247.2890379867348,2.0631899007474286,-0.6065083732230796,92.89660287178998,0,normal
3329,10099.610046690595,247.0248794902972,2.1142015728055448,-0.848749074795914,92.46465248557772,0,normal
3330,10099.701731985606,246.8530185509757,1.8365246686295875,-0.893270573359609,92.93948956529044,0,normal
3331,10087.091295556822,248.1311994455608,1.826188335657358,-0.5993547059675606,91.71129187450154,0,normal
3332,10102.446728077342,247.0587282955453,2.050047250771988,-1.0674964884796958,91.94116499576778,0,normal
3333,10097.0360283125,247.543102230926,2.404381770302904,-1.058858002171591,92.14699081753682,0,normal
3334,10100.822367966604,247.7852965262281,2.1034903169242543,-0.8135004009492166,91.87039011152054,0,normal
3335,10086.763096170003,247.0666957213832,2.131540563027377,-0.8415160889894474,91.49640668790066,0,normal
3336,10086.284607011312,245.6341610763417,1.815947895817589,-0.8947538720199174,91.41423220682778,0,normal
3337,10091.999562820329,245.17884717157287,1.710583529850259,-0.0638214317962079,91.96181930379775,0,normal
3338,10094.879738720763,246.60916162216367,1.6511629602030724,0.0799769180925559,91.31388641089464,0,normal
3339,10100.95979141336,246.2192084097617,1.6868503711109628,-0.6358772075352802,91.2921279997911,0,normal
3340,10095.111354858158,246.40938363672475,1.3516684199299456,-0.4599179066697088,92.02840521135892,0,normal
3341,10089.961368875664,246.23893681585136,1.5955551424021828,-0.5010156770173344,91.7759158294517,0,normal
3342,10085.627626790492,248.77306111628707,1.6074310015328654,-0.0692421318326512,92.2837925918673,0,normal
3343,10096.485097389865,244.7952819557111,1.6640937194676204,0.0337340074276059,91.59424618548395,0,normal
3344,10085.078155660787,244.0731324418195,1.7059310278402688,-0.8472844184541526,91.50740568080305,0,normal
3345,10097.601623733311,246.3346007614722,1.733287711774452,-0.1271649830009289,92.00096231720678,0,normal
3346,10087.586010027786,245.56654564680213,1.6398768252208962,-0.617634616363909,91.37414622823944,0,normal
3347,10096.500595236115,246.20140310318453,1.5095303033578946,0.3464764565179373,91.4418898346822,0,normal
3348,10091.473238225835,246.41323109884792,1.2170394707190035,-0.0041848661563318,91.45234444032108,0,normal
3349,10086.91569344606,247.05913382001364,1.4795172751804937,-0.3383955969525749,91.64716236471769,0,normal
3350,10084.517018157789,244.21517428473945,1.385970008180875,-0.1188363665562629,92.6284982719863,0,normal
3351,10084.914078426424,245.1147641704789,1.6606032553999794,-0.0881405495653226,91.04397794378453,0,normal
3352,10088.25615728167,246.05105663988945,1.737258455045638,0.2010803914068836,92.3700452674546,0,normal
3353,10085.9877009219,246.34532331284743,1.732237525099571,0.4010749815025893,92.08093174696118,0,normal
3354,10082.111645900975,247.7226436007122,1.6861746494069323,-0.2110859407405115,92.4851034825114,0,normal
3355,10083.722822390846,246.4410206175712,1.4995025430494515,0.7297576141067519,93.25936261300984,0,normal
3356,10084.40568606466,245.3864564597509,1.4144243990317311,0.7044330070475369,92.3959825287152,0,normal
3357,10072.82255070754,244.51256035309623,1.363205494004105,0.0045231769484574,92.13215789754618,0,normal
3358,10085.202135464542,244.8002960439867,1.2061549750964855,0.3331146678665235,91.00197772199944,0,normal
3359,10077.449471417602,244.735326968252,1.702284818893235,0.8683904494179566,91.0538504200682,0,normal
3360,10076.009963436616,245.94857604001763,1.4664711480269652,0.7685776096869357,91.81562760123548,0,normal
3361,10072.76027403415,245.5175350776653,1.2508907806621434,0.3408744672506156,90.7749018414343,0,normal
3362,10071.639783965513,243.90597900356804,1.3348553906069205,0.7289969854051794,91.91990455474262,0,normal
3363,10073.236198766965,244.7647261326167,1.3280031563457937,1.4262160004993945,90.53280778027,0,normal
3364,10075.864520045096,246.051093867424,1.5124931722326056,0.600491664201414,92.16430918944732,0,normal
3365,10088.564168175297,245.5000578983346,1.721112293982926,0.4205243399763061,91.41510729378652,0,normal
3366,10075.54884204102,245.6938299658568,1.4429819591522497,0.7028706710593908,91.62686328114503,0,normal
3367,10078.439541125774,245.4868467272481,1.0682526079010388,0.7653502578119059,91.17682966367846,0,normal
3368,10078.91799268647,246.7110537838596,1.4883055367099325,0.5736413216942364,90.5890485099675,0,normal
3369,10076.928015350042,245.30333023037767,1.5034695158161933,0.9024497252022096,92.1428014279764,0,normal
3370,10075.234948574976,244.66590150535004,1.4994539286836144,0.4319088343898898,92.18029401504948,0,normal
3371,10068.987611366683,244.12278556305984,1.4298140884213772,0.6461085879724862,91.32353772109175,0,normal
3372,10081.5531358866,245.2767508809822,1.6107739873112032,1.110020641902889,91.8169347452711,0,normal
3373,10082.66146953602,242.57702730370343,1.5935758028644245,0.392070181657133,91.2770640162514,0,normal
3374,10064.531818532563,244.8260250533952,1.5894918381775496,1.224639326487204,91.60314716219668,0,normal
3375,10067.13730028368,244.79905273990548,1.692110138504969,0.3843939951741024,91.82471846422231,0,normal
3376,10070.163497077054,243.636998267168,1.5397151088089365,0.5020012643427805,91.70879343806573,0,normal
3377,10066.03780916997,244.0717791487933,1.5453999475956954,0.9041960583769056,92.0876947695951,0,normal
3378,10072.681189276618,245.8102782996013,1.936670168777029,1.171491447849713,91.66246756803945,0,normal
3379,10065.793848784431,245.23390798556665,1.7912932316176176,1.5135771738513544,91.4027465044486,0,normal
3380,10079.537394959509,245.10955869211972,1.864389278349757,1.1628463968142362,90.99353280847076,0,normal
3381,10073.934891262,245.3206888395597,1.964551242791552,1.1001240342586514,91.12039027564366,0,normal
3382,10068.30825395507,245.11553403779504,1.845550949428986,1.3754384377358075,91.74993337440073,0,normal
3383,10071.636826147796,246.27632492798256,1.9477205962104789,0.9666870374550384,90.57912463716688,0,normal
3384,10071.281257848204,245.1694340109404,1.4684493439717825,1.295068773523747,91.8679387662348,0,normal
3385,10062.175304060567,243.6023157115464,1.847963758521834,0.9175700552459228,91.15932896700996,0,normal
3386,10060.150741602603,246.707158508979,1.7938859665930638,1.32519121729067,90.87533360430236,0,normal
3387,10063.852906335362,245.46583765311647,2.189686989511276,1.2833030091880508,90.71988173201954,0,normal
3388,10066.994388671985,244.52667423232893,2.063764338681894,1.1016234359560846,91.59090805381408,0,normal
3389,10062.599258503176,243.88491038586,1.7765356036578637,1.411857386012406,91.23075845329652,0,normal
3390,10053.230532215304,245.55855507648064,2.001816270700945,1.4281254549391476,92.0166929041401,0,normal
3391,10056.306839022322,245.0717324810764,1.9856083213824889,1.7501697153151072,90.57488139957856,0,normal
3392,10059.150511494065,246.79123927666987,2.0678727519235007,0.9315587574868814,90.9013257047098,0,normal
3393,10058.335510372386,244.9012863137898,1.7982298538804904,1.4048775443798212,91.1281661888166,0,normal
3394,10067.76414052503,244.44181496778563,2.098988528436777,1.2127721084324197,90.78210022083668,0,normal
3395,10050.15329108144,246.2088823974693,2.006274404130348,1.7136413889598847,91.14472394793964,0,normal
3396,10058.78726987946,246.27413319675244,2.1331843307444536,1.689440990788985,91.28493685661338,0,normal
3397,10062.875356203283,245.555128193912,1.9564153528510648,1.624869082609755,91.35083793279767,0,normal
3398,10065.95196344724,246.10230474399947,2.008624581325696,1.2692677543010875,91.84497785984472,0,normal
3399,10051.732192236714,245.42956100554,2.384436421799472,1.7526392332033625,90.42334737266188,0,normal
3400,10055.365415875604,245.7442266975628,1.963015216080483,1.03320090841461,91.22704553220773,0,normal
3401,10054.905868874592,246.72026174488911,2.0009973360089046,0.9755461892309109,90.71766993197792,0,normal
3402,10052.178068559637,246.2272762945112,2.2089641850627864,1.1159308891353996,91.23901988804916,0,normal
3403,10049.844906685616,245.4811297784975,2.0870864948650647,1.4898538129936318,91.2224487470128,0,normal
3404,10051.65244855794,247.0529527994161,2.086039441173624,1.702299837983397,90.49599174059264,0,normal
3405,10035.939832887034,243.38764062393227,2.3049834836639684,0.6054453628434613,90.5214450949456,0,normal
3406,10051.135042400309,247.85817399634823,2.0031684670019763,1.892234213504308,91.21031543073464,0,normal
3407,10047.47444367544,244.1554237820461,2.122042244679175,1.5305555123976486,90.94857333851466,0,normal
3408,10044.845354563997,245.2912276358436,2.7530979433423406,1.0153586398571974,90.80934366059194,0,normal
3409,10055.301619182634,245.935973126494,2.451962454835607,1.509105904782385,91.2303395789682,0,normal
3410,10040.79771057297,245.8905893821285,2.2276434077839005,1.798380067845569,91.24930685126952,0,normal
3411,10041.257655983229,247.1052456031913,2.476545535206545,1.6409319168453924,90.6006456622202,0,normal
3412,10052.327130433672,245.1043228690226,2.521333004586848,1.7799838088014128,90.42136070963171,0,normal
3413,10037.301148491411,246.4877863146184,2.620694727983784,1.0282450411865072,90.1982696118944,0,normal
3414,10037.798823583042,245.71517655031343,2.40927126291606,1.3004803893776538,90.82771506005524,0,normal
3415,10038.898162956424,246.65638137438827,2.641806104420297,1.1325551030748704,90.08108566289728,0,normal
3416,10042.916889264096,246.3657753370965,2.049505320074064,1.9092487747326108,90.82397856618353,0,normal
3417,10038.828284880668,246.59421818478995,2.2554783116798576,1.5685410241012558,91.36420384259024,0,normal
3418,10030.398422202845,246.0234920751935,2.5078929240758274,2.212353539551194,90.56050109362896,0,normal
3419,10033.2692965935,246.1368579206624,2.5482365070713127,1.198263960729961,90.45050064791263,0,normal
3420,10031.958364729606,247.0090405344312,2.3059389764380547,1.1002361133521843,91.6988251247269,0,normal
3421,10033.670529671555,247.7416409248877,2.5449445814008627,1.252696155778829,91.43598360754724,0,normal
3422,10035.243945557711,246.2770842708002,2.371825287910344,1.6857911819986218,90.2799956100136,0,normal
3423,10034.260536965769,246.0852840591884,2.4434930485786173,1.1380430072363157,90.71289675425602,0,normal
3424,10022.341013413838,247.64741810694272,2.7048842049789648,1.2596820851047217,90.78876056485564,0,normal
3425,10035.589219038437,247.0825467629996,2.681511958391701,1.2247298750634477,90.70722049337571,0,normal
3426,10030.57777332098,248.0277954461017,2.29885835681328,1.1798674813339023,91.49363530567636,0,normal
3427,10035.280072850852,246.37486779850943,2.2841206765923667,0.9435435658415507,90.61076319846738,0,normal
3428,10029.618052053593,245.58568148395983,2.409398167262061,1.0682951747186171,90.66655864615828,0,normal
3429,10031.940583326865,246.91762564176463,2.48111663743598,1.0246726464399778,90.8730105183369,0,normal
3430,10027.800959841652,246.77080614265307,2.3485033398558257,1.0446842004227848,91.10432452371188,0,normal
3431,10031.231080009533,247.54588448382668,2.680628708459399,1.2973166276795414,90.9584486217224,0,normal
3432,10026.140472378014,247.07629190080127,2.533214366093476,1.5088452095662184,90.73962677711432,0,normal
3433,10022.066558032808,248.5435330122357,2.535030498093824,0.6940390623961876,89.67177278260348,0,normal
3434,10032.94296733972,247.60462370858068,2.189448491348303,0.7932326071014615,90.18754701272051,0,normal
3435,10025.048480759962,248.1343492421965,2.664050521572577,0.6271686422107394,90.8217765065739,0,normal
3436,10022.492458352315,248.23341649750435,1.853318477909136,0.8938570441421407,90.51767407358554,0,normal
3437,10012.260692906062,248.3634138886848,2.5698800337355534,0.6385222195851992,90.78590861668654,0,normal
3438,10011.21729143693,248.23773913508825,2.574640529464081,0.8335466104731739,91.2967596213206,0,normal
3439,10018.137255602216,248.86657361475105,2.2850379395347216,1.0535907415987509,89.74499196130047,0,normal
3440,10016.414465493684,247.65508005822264,2.608911613540646,-0.0750019327954819,90.8826922774991,0,normal
3441,10011.627859320257,249.9455350716767,2.3236358132071744,0.78991201757514,90.12878771165911,0,normal
3442,10014.413528448848,248.40554324838573,2.3298269549793065,0.4633743168881745,90.7418472086531,0,normal
3443,10020.660521546424,247.427038130229,2.3655384760424587,0.6980682460223948,90.23373736644004,0,normal
3444,10015.201899506284,249.02367180976697,2.9144958783793324,0.2490079587574152,91.29800001211711,0,normal
3445,10005.026172333151,248.08189490006905,2.524923047202217,0.8343681920793553,90.27966776576916,0,normal
3446,10009.17892538204,249.69631360238824,2.374477917973828,0.7065872776927721,89.87447227817707,0,normal
3447,10004.71591811049,251.33887592473724,2.029320685557971,0.5598326199536539,90.38475232169094,0,normal
3448,10005.805657861942,248.4413378182036,2.2176998594096866,0.5836682058449952,90.31685453923882,0,normal
3449,10004.678711635775,249.6592306297936,2.0029850306641594,0.0780767583540497,90.70398434633373,0,normal
3450,10003.360519897473,247.67057034237945,2.30624603563402,0.0716666138623802,90.33900135551232,0,normal
3451,9998.474453927203,249.9794283570152,2.1457767922634337,0.4388436612959901,91.33253493532602,0,normal
3452,10003.112765346934,248.73944630868672,1.8683444449282256,-0.0618386681345212,90.01931870738937,0,normal
3453,9999.948533436997,249.10011240192327,2.0848060078801605,0.557386241643663,90.0052214575344,0,normal
3454,9987.104585883058,248.72355745991376,1.8738584905869904,-0.0182772585935895,89.73309356163486,0,normal
3455,10011.016771985942,250.6569621652889,2.0490367899506263,0.1844018001557225,90.05787240644575,0,normal
3456,10005.19576747432,251.0321123608098,1.8219826694861985,0.6186113115296926,90.11056794460625,0,normal
3457,9996.87044772629,250.14818035922684,1.974315747945777,-0.2680175314753219,90.11564429199623,0,normal
3458,9997.846203551122,249.3603056640705,2.094010220382672,-0.0804584493268461,89.98863600379536,0,normal
3459,9990.894218304627,251.91410274039663,1.908544056504813,0.1703224969394853,89.63013919246067,0,normal
3460,10004.23181091736,249.67388708387057,1.8164170801087816,0.0947366156968882,89.47423136652492,0,normal
3461,10004.240771166067,248.36181270580283,1.9109537146803035,-0.333533773479633,89.70749969142626,0,normal
3462,9994.539452060191,251.08157227877456,1.9857629178295104,-0.4345392367185625,90.44588849849671,0,normal
3463,9997.875916763094,249.6174975932648,1.601301766880885,-0.3935402610518278,90.53356511358908,0,normal
3464,9992.63770172766,251.8096811592176,1.8517247406163733,0.0669696904216406,89.79674308843957,0,normal
3465,9984.081468795785,250.5384063498583,2.0404576741530507,-0.494576930389649,89.34451043656955,0,normal
3466,9987.710730785222,251.62136116253112,1.869594413740815,-0.4304982668695855,89.75481014744241,0,normal
3467,9989.435262110492,252.51684509839387,1.7449400759372349,-0.6246482079870364,90.82134516316763,0,normal
3468,9985.509780757922,250.0037365940461,1.840529361497192,-0.3271800718468799,90.2551343046911,0,normal
3469,9985.697371777356,250.7434240125838,1.782992160596694,-0.5339345807800112,90.01118410905691,0,normal
3470,9985.343080115055,251.32993202862912,1.823892708106818,-0.92284719235795,90.19734401657828,0,normal
3471,9984.406545131718,253.03883415563104,1.249882679552787,-0.9531296470435268,90.46650205809156,0,normal
3472,9984.084608685558,250.93797936084897,1.3263374381419633,-1.3021332570468993,89.10003322388785,0,normal
3473,9977.534287168008,251.09629910148612,1.8212613972025105,-0.991384935057588,89.46072631565126,0,normal
3474,9978.267944275722,252.2627077930616,1.3034556978403014,-0.5425739568915418,89.3726996840088,0,normal
3475,9974.447630896604,251.3003891087725,1.6700237411840722,-0.4216960930101837,89.91096824303759,0,normal
3476,9984.779070106117,252.12244331225887,1.5055360600945364,-0.6504864153213861,89.67785529247351,0,normal
3477,9968.38320876507,250.5098916625649,1.3639980336212485,-0.7263234532238123,89.95638451483013,0,normal
3478,9983.702955145523,254.36644613611324,1.621547408440196,-0.9664267358583232,89.30525639364514,0,normal
3479,9983.892516851189,250.894233255488,1.5813264548686214,-0.7309148027501332,90.22519142263704,0,normal
3480,9974.477937269708,252.0091193269457,1.9538375432936688,-0.9115589652988813,89.48510995001777,0,normal
3481,9962.003626201204,252.38638822249783,1.3986263643341263,-0.4892633727627694,89.84765900878593,0,normal
3482,9972.245728314245,254.4185871046486,1.8046210019986888,-1.092359822052751,90.07874887194308,0,normal
3483,9972.76692455164,251.2670805751344,1.5813021844099229,-0.6911954942533054,90.01931906490915,0,normal
3484,9967.07310968548,254.6606211413373,1.374054550007619,-0.862150772125162,89.62293621990338,0,normal
3485,9968.591051609816,253.51801374564144,1.6627836381515433,-0.9330272175023546,89.83301632476844,0,normal
3486,9977.862045628524,253.2607478696844,1.6139998731374074,-1.7853445913819308,90.27505172467028,0,normal
3487,9972.582610369276,251.9406970558616,1.5071862664349704,-0.930313687960152,89.64196010814271,0,normal
3488,9963.685133086365,253.5769800892428,1.553691809563774,-1.273408230887324,89.00133587213432,0,normal
3489,9959.37310608899,252.36165803364847,1.3826991208635424,-1.393307509452183,89.63874740422128,0,normal
3490,9964.782427490238,254.42987770140263,1.3398473901979475,-1.728843165833411,89.30970967255593,0,normal
3491,9964.410000543456,252.2689609668288,1.6610387683629366,-1.3083296003659952,88.13554512160205,0,normal
3492,9967.02150298174,253.2023750832141,1.4697348356217763,-1.3180962879078864,89.52180915275002,0,normal
3493,9960.930692006545,252.8344449021661,1.5050919480877294,-1.7393753943335912,89.33047083639546,0,normal
3494,9965.235181212767,252.4750235982609,1.5848556734083332,-1.8095583841763576,89.83176255246788,0,normal
3495,9971.427593503398,254.27530997564693,1.5909093559239758,-1.239457278198337,88.85998963731778,0,normal
3496,9964.907293168257,254.1394789552554,1.262101855620536,-1.14055356755147,88.46374092993099,0,normal
3497,9959.671227260867,254.8816188958234,1.81646287666576,-1.360340454566642,89.28257382565566,0,normal
3498,9958.081807983355,251.9598530832796,1.5957959386082063,-1.086259566190095,89.37003990057516,0,normal
3499,9956.304185418623,254.8695225469799,1.5444467826188653,-1.4702218276119268,89.20866749448321,0,normal
3500,9963.084937612646,266.30918537337095,1.685601903444929,-1.4721083076262875,89.1539890028504,1,flight_instability
3501,9982.944029191762,250.7150801285683,6.335217725698008,10.244540662545887,88.59124045894207,1,flight_instability
3502,10014.02189738932,268.84190769820094,10.392993861313677,19.093845455866852,89.03820208147303,1,flight_instability
3503,10039.44269037202,284.24980812099733,12.940714589416078,24.011376828431423,88.91560368231494,1,flight_instability
3504,10058.696670808653,248.0546580788122,13.805320091395604,21.58322305989617,89.60839793313933,1,flight_instability
3505,10072.076986147487,249.1778827760701,12.867686955356337,13.050581299259179,89.24403600532979,1,flight_instability
3506,10093.260617700824,286.85316723571026,9.988038610714078,2.077735054144263,88.89779908488043,1,flight_instability
3507,10098.478354020208,268.78398943253256,5.714088032039323,-10.29876030117312,89.8812607258357,1,flight_instability
3508,10102.534092645888,244.33469999646536,0.8225135006044613,-20.502251688194974,88.86748315874212,1,flight_instability
3509,10092.641918676709,265.8185919676582,-3.20721539135829,-26.060425816305294,89.2635488734866,1,flight_instability
3510,10090.872498509925,245.1561337312617,-7.337241184068761,-25.35632018004971,88.88401489304552,1,flight_instability
3511,10064.410534652898,245.73726264694395,-9.698929784278436,-18.887428342841012,89.76597511723435,1,flight_instability
3512,10056.551034444756,259.58833019868723,-10.462958321595297,-8.354476934440395,88.97685700674674,1,flight_instability
3513,10014.41512494202,216.7674916718084,-8.671549126721168,3.857944116341079,88.97476914830415,1,flight_instability
3514,9997.412337484737,219.66320810036106,-5.659016042008951,14.900839045902934,88.82987011338503,1,flight_instability
3515,9967.703083108509,243.61840349953692,-1.745124578046608,22.262956866431793,88.98141453273848,1,flight_instability
3516,9930.597269641992,233.48513202834417,3.424830492765736,23.414795037062177,89.46639244924062,1,flight_instability
3517,9906.30089572518,262.2773444248179,7.790168897587076,18.536994559320778,89.27312374914035,1,flight_instability
3518,9881.714281981498,235.9421631099064,12.047485139373567,8.857708354783608,88.84793319309661,1,flight_instability
3519,9838.022471551672,227.65075328015376,13.511568774318807,-3.1958825992214264,89.66836754102535,1,flight_instability
3520,9829.075004819837,283.87650159056517,13.820636411081194,-15.146641951668473,89.23812592224276,1,flight_instability
3521,9796.081332588168,250.51084073864195,12.140490518058137,-23.135200805532413,88.56659049143848,1,flight_instability
3522,9790.923886468247,255.70527216221046,9.359572616786235,-26.694189814485327,88.07967625451882,1,flight_instability
3523,9796.799322562792,225.36207854124663,4.709634506981507,-23.36259261625176,88.5466359247679,1,flight_instability
3524,9784.594388738953,242.2620387458102,-0.10314752967216001,-14.56379915658112,88.9452341939009,1,flight_instability
3525,9786.447105306172,256.0770394705683,-4.2291939958766775,-3.309477614813461,89.02170311186944,1,flight_instability
3526,9801.880799853301,231.58762414512978,-8.02880231496383,8.743131039296223,89.38734257877596,1,flight_instability
3527,9829.0535470197,262.6727643082949,-9.441962052459532,18.84797480736878,88.1453007816861,1,flight_instability
3528,9830.026820228111,243.9580717892735,-9.167048029591207,23.015409364332186,88.4579268759264,1,flight_instability
3529,9858.181501779623,248.69239121014675,-7.511829512161807,21.767736987160326,88.0737462300604,1,flight_instability
3530,9897.96305014728,242.06549930522326,-4.041137858450172,15.296108068194442,87.97836472343474,1,flight_instability
3531,9928.47991708964,290.59201729601835,0.477609612671797,3.9401866426956653,88.31918694291485,1,flight_instability
3532,9947.893474195513,255.20486799191622,5.4308703942744,-7.942956337319995,88.80187111393488,1,flight_instability
3533,9970.744531516066,235.227307448959,9.676858203111028,-19.257034203040376,88.98986902747902,1,flight_instability
3534,10014.092130676621,272.71714340078296,12.74623448342546,-25.133025397739626,88.11574115662482,1,flight_instability
3535,10035.310482608635,231.29255811821326,14.433916119750913,-25.308660371396876,88.1711676571478,1,flight_instability
3536,10050.536686616117,259.812897332884,13.793132281978519,-20.13077043159467,87.67192385433694,1,flight_instability
3537,10058.144656747718,217.49688839745073,12.012329986620799,-9.223566482789476,88.65518518655173,1,flight_instability
3538,10071.65920013601,228.75461555833047,8.048345134612356,2.963783411076867,88.16825846972421,1,flight_instability
3539,10075.019367650588,259.56120301228685,3.6459055438654544,13.754931870733481,89.35230901409838,1,flight_instability
3540,10075.428325952093,269.4159988278573,-1.6325573411208731,21.947912372345115,88.71231104853497,1,flight_instability
3541,10073.073052218582,257.02038889946243,-5.1267674272380175,24.209295808508163,88.40844635879078,1,flight_instability
3542,10056.641041126442,251.94388569437825,-8.31904537355956,19.95004263627282,88.16052618037807,1,flight_instability
3543,10028.180056710005,248.89312467422505,-9.27088280897975,10.596299369815641,87.72081233817913,1,flight_instability
3544,10017.388345502904,225.39639089420848,-8.830424981321475,-0.8491706481884748,87.7714297979081,1,flight_instability
3545,9985.520352817806,242.41517236780865,-6.302569707061401,-12.18748456108885,88.13166790934348,1,flight_instability
3546,9958.382156681424,245.73204353790493,-2.9414719877426405,-21.90256475083907,88.08081537072977,1,flight_instability
3547,9931.946628557647,277.1606555147063,2.1076361819823535,-25.071134722977046,87.91836628744201,1,flight_instability
3548,9888.582872041425,261.2505461703933,7.038453249647402,-23.413368204810663,88.59434317316999,1,flight_instability
3549,9864.53894417484,219.2127434630064,10.835770607592202,-15.225369831227432,88.65093162533064,1,flight_instability
3550,9834.837683988606,259.9079450169443,13.613412810413196,-3.5408495836822937,88.15264626892532,1,flight_instability
3551,9805.693895155842,246.2794484094108,14.530809090484347,8.553421974908789,89.33786404256671,1,flight_instability
3552,9795.498395482324,241.678222874366,13.538110383042868,18.59750603923299,87.48541163588492,1,flight_instability
3553,9791.512912058613,266.89515109477327,11.180557562144958,24.36836244929108,88.37651080033842,1,flight_instability
3554,9760.471508682467,276.17951629181675,6.763821109454199,24.18743555605343,88.22695653625546,1,flight_instability
3555,9766.101605946958,273.384119063773,2.294687609873194,17.32605581593723,88.0498803587126,1,flight_instability
3556,9772.045177133548,237.39930320405324,-2.6472135404825083,6.417204330116004,87.9655510136109,1,flight_instability
3557,9777.901243853094,250.45718703146662,-6.352984575731789,-5.806759521708539,88.30022269243415,1,flight_instability
3558,9790.669693466427,260.9797358334563,-8.633582401697668,-15.946058248511369,88.18042854582536,1,flight_instability
3559,9803.617803686895,275.07572808664577,-9.440012957208932,-23.55151689398068,88.08691470085756,1,flight_instability
3560,9834.31225514534,244.36882374029844,-8.417969937070255,-24.90033933666105,87.6233253651194,1,flight_instability
3561,9855.616294322228,251.29988943007646,-5.566579323759656,-20.14792768987116,87.45363422195139,1,flight_instability
3562,9876.853205589778,233.0530161128059,-1.8841308846171096,-10.579960888232522,88.10861057104057,1,flight_instability
3563,9923.177528089902,230.4825892492575,3.1300217526826573,2.3221022782223257,88.04217414583499,1,flight_instability
3564,9951.205966056661,268.0391138760748,7.651433048735029,14.140537971990126,88.13523283370597,1,flight_instability
3565,9974.506208058614,281.22932679685215,11.384728765157767,22.180900197270606,88.1701460540625,1,flight_instability
3566,10000.723410396871,253.81809033940212,13.919684808050265,25.24094113949642,87.9540890240538,1,flight_instability
3567,10026.748068630268,274.5659193934006,14.102097704827147,21.719261697805408,88.10019818956734,1,flight_instability
3568,10039.878118826009,261.58470079866,12.741139650662426,13.602847652466936,87.77087881222113,1,flight_instability
3569,10055.527651453958,239.2182878118759,9.365947190582592,1.9612369733755313,88.95103716985237,1,flight_instability
3570,10056.137025166508,260.28565816819025,5.462189635122902,-10.442156744067393,87.78079658225796,1,flight_instability
3571,10064.886465560996,284.884040149853,0.5271839642396285,-19.25239686682809,87.98696062448076,1,flight_instability
3572,10054.673497885708,253.33807901367135,-3.778839682039338,-24.537108843790058,87.80252366091608,1,flight_instability
3573,10043.017369958976,286.082564107179,-7.574242511514695,-22.65728453276089,87.78627791829497,1,flight_instability
3574,10019.332687808577,200.96463310348966,-9.43918850208752,-15.24175869157354,88.16122444623578,1,flight_instability
3575,10006.049142571444,270.27625213022213,-9.72766261171501,-4.334885510033826,88.09030664058581,1,flight_instability
3576,9975.50651295132,255.11629667293383,-7.731478043105961,8.026444706018014,87.90439948902687,1,flight_instability
3577,9948.627450298127,246.31715088297472,-4.723640946861492,18.23437386065989,87.98528421260117,1,flight_instability
3578,9918.09127114136,252.78761073850126,-0.8539819130588271,25.25500934104606,87.76019525326387,1,flight_instability
3579,9886.551289675017,213.8104806172502,4.0036948824505485,25.08166643663748,88.31423265623634,1,flight_instability
3580,9872.77967488683,248.83276904910974,8.663522860318249,19.61840011898203,89.13442267872543,1,flight_instability
3581,9840.817002014099,259.4965255027485,11.817534113456418,9.422074152489628,87.6630514546619,1,flight_instability
3582,9818.601226675264,280.83015753008095,13.183133548298548,-3.2512403496396463,88.29128944220199,1,flight_instability
3583,9781.549419873065,243.07362887653056,13.958451454612058,-14.434921627816404,88.11080861353012,1,flight_instability
3584,9771.348793947242,236.29022195132944,11.892810137284314,-21.539672798399756,88.41686648376458,1,flight_instability
3585,9753.17087897297,243.16337792057308,8.364057164918997,-24.230495920431494,88.4253572978665,1,flight_instability
3586,9750.564632350492,272.7283083184494,3.6473501451513144,-19.11626849839768,88.17426868146369,1,flight_instability
3587,9749.828292524817,256.9033596580794,-0.9336061888948561,-10.747162084679946,88.04644640219239,1,flight_instability
3588,9766.938465862746,241.08752649796332,-5.4927253702298104,1.191379100201623,87.8441193105409,1,flight_instability
3589,9770.76482440784,262.34991456697395,-8.508014860649041,13.544518070481,87.67404581786941,1,flight_instability
3590,9795.288905865884,255.60101126911673,-10.293543157280359,23.09677188728549,88.00347909378746,1,flight_instability
3591,9814.669314201354,269.8509416652026,-9.487128036477303,25.581102760464823,87.40517824657827,1,flight_instability
3592,9848.49528302062,239.91820903786956,-7.95977105091748,23.718895564378435,87.74631065635883,1,flight_instability
3593,9857.516745376424,245.51417853835423,-3.770979396811086,15.990061801751995,88.59262712728854,1,flight_instability
3594,9900.63372291825,243.90078492289996,0.5261306235054124,4.366348882904859,88.08461416756127,1,flight_instability
3595,9929.799398878833,222.2772374450094,5.144436870490185,-7.777613407898685,88.47804447101548,1,flight_instability
3596,9948.04350979323,257.1376879883819,9.43901774937519,-18.108975957881725,88.76308523653681,1,flight_instability
3597,9984.746106300774,257.8260563943656,12.494626177860049,-23.37365177042728,87.93649676893766,1,flight_instability
3598,10005.073127714702,250.4952485695746,13.875336426153595,-22.534392604269993,88.12562011488384,1,flight_instability
3599,10021.868714391841,247.01925312366808,13.029659162918552,-16.28838347698271,87.86817775423445,1,flight_instability
3600,10033.644224829974,222.57752030709491,10.362642390832814,-5.182549504903598,87.61013941287597,1,flight_instability
3601,10043.476642359523,241.99710448446774,6.715016100563725,7.099218053163753,87.53749810936823,1,flight_instability
3602,10060.80403475414,246.8063879657894,2.4232294740310754,18.03621752926326,88.43329597137443,1,flight_instability
3603,10048.072326156707,235.35033733639472,-2.3906367546522063,25.131106263908816,88.11397179762537,1,flight_instability
3604,10043.619663229969,248.26612144307725,-6.531214151756896,25.567151701334556,88.93109609825507,1,flight_instability
3605,10021.850358168578,259.99875077801966,-9.301275236457819,21.082693822091844,88.4921561923921,1,flight_instability
3606,10003.00817845307,286.98339969693126,-10.330430071765448,12.06194268026051,87.63905870019744,1,flight_instability
3607,9989.177168864839,255.82568213721004,-9.352888182335812,-1.1685094341622289,88.4235708259322,1,flight_instability
3608,9950.556389442212,253.12445423499253,-7.035734291639091,-12.099805630726518,87.84979616548348,1,flight_instability
3609,9926.4953274894,248.12509554624387,-3.238503002703834,-20.692897747811024,88.60989775375668,1,flight_instability
3610,9898.882526406522,211.44854785801445,1.7312264896755294,-23.680175360193083,87.75763477627288,1,flight_instability
3611,9869.473172356142,250.23456006096734,6.20652134980997,-20.567445627163902,87.4741224686378,1,flight_instability
3612,9839.474638477332,251.50647379450962,10.04434880920342,-11.497337186106357,87.6021916088819,1,flight_instability
3613,9816.190392513281,299.0811827036982,12.615651698863944,0.7197861068815707,87.62767038627727,1,flight_instability
3614,9794.946891652773,246.02394915728155,13.984716925919011,12.28643407366778,87.58001064329711,1,flight_instability
3615,9776.763637021473,254.83614695564543,12.351621075985157,21.827281765840187,87.7141660606065,1,flight_instability
3616,9754.83968480376,247.4918993867273,9.526291506994184,26.618156188832867,88.42934975768819,1,flight_instability
3617,9750.62875802196,226.9365887369907,5.085426291825062,24.802190809244088,88.89975944872707,1,flight_instability
3618,9756.215950052025,273.03423750091247,0.2354114050867281,16.9287723609141,87.33757593348598,1,flight_instability
3619,9758.893657536184,266.0078737210809,-4.140122802252334,6.231921299136771,88.6355602906145,1,flight_instability
3620,9893.39252599723,248.49559129380515,1.819413416982928,1.919117956917777,87.76628460710549,0,normal
3621,9902.09083178569,249.87959904647192,1.6079808332279633,1.4441041820674083,88.1806099112797,0,normal
3622,9890.528881640066,248.8045778289797,1.6713431450458924,0.6211691937919427,87.18132714245216,0,normal
3623,9900.751215916482,250.18062493773232,1.7109564275152416,1.547210847760762,88.27234833679603,0,normal
3624,9910.111858272105,249.914382050966,1.4576841011252748,1.35705217092574,87.00980426535948,0,normal
3625,9895.999978999092,249.006341012784,1.867317745508085,0.852428696542482,88.17175638786385,0,normal
3626,9896.694172728068,248.3587957274551,1.477959235258398,0.8807015648892228,88.1459437826252,0,normal
3627,9904.822195572073,249.56297298558172,1.901551845495402,1.6590571819343125,88.11554475043188,0,normal
3628,9893.434197509674,249.15321941812056,1.725499462234761,1.1276414820140874,87.655509026398,0,normal
3629,9898.140473454929,247.72674603479487,1.2968708709193018,1.0547261284854452,88.30084830930191,0,normal
3630,9904.45236730379,246.9888948096599,1.5235819956156702,1.294708023470066,88.22494398702595,0,normal
3631,9898.474498290689,247.9343409288789,1.3355170475937004,1.089388469776163,87.92794215876215,0,normal
3632,9900.65167883162,249.6451788181037,1.9452506199334585,1.2887594372719369,88.37255572894111,0,normal
3633,9905.747875323108,249.1838914037461,1.7284549132591334,1.1728915343727644,87.99273686214791,0,normal
3634,9904.339892416752,246.8335010297344,1.3092076696395614,0.8475613099247017,88.30903181943577,0,normal
3635,9903.78124591041,246.6873169791087,1.8521123761312368,1.0269663626557046,87.98600341488161,0,normal
3636,9900.97628966576,249.0398620819351,1.6921744658125502,1.28485520342577,88.16178901679697,0,normal
3637,9904.75668650042,246.54054006365465,1.5259913431282417,1.1352713753868535,88.34548908901911,0,normal
3638,9902.531906666536,248.09739852684,2.1819339037792806,1.067769624292664,87.86405511453167,0,normal
3639,9905.69347212191,246.88492394920772,1.891770199990344,1.64224100365844,87.45117058831852,0,normal
3640,9901.183317427034,249.03193161902647,1.8359231865872416,1.2480554996736106,88.21139905382655,0,normal
3641,9903.028299283036,246.559387436182,1.839284372577637,1.251269331877995,88.67351857240517,0,normal
3642,9899.274127600023,248.3891673458447,1.6412753312504855,0.9116432244062812,88.23405381773438,0,normal
3643,9904.34122844913,247.3477596909699,1.7079234842096451,0.9925088726860684,88.24939648733138,0,normal
3644,9900.763160411174,247.3333259141722,2.2507965607542864,0.7613331313094154,88.07527524133805,0,normal
3645,9899.559348812876,245.0302200102732,1.924032033243445,1.0873243337134062,88.47215094766032,0,normal
3646,9906.743790100163,244.71821251867647,2.0481705390866263,0.7835671128991287,88.0160419791488,0,normal
3647,9906.844541410152,246.62238872047263,1.65972992564866,0.8452931256296912,87.88866746005385,0,normal
3648,9910.034991212811,247.01295228905656,1.829645181391276,0.7879552391504617,88.67506157719885,0,normal
3649,9904.314162556915,245.5652335011933,2.239660549786206,0.6948480869051102,87.86412664894948,0,normal
3650,9908.868575448712,245.52744680508712,2.217380671276316,1.5416506532288257,88.58130169751647,0,normal
3651,9909.950136976871,247.10467523081832,2.5162991105105545,0.4195104013410259,88.69689071328892,0,normal
3652,9909.797136363388,247.0345021397476,2.457587114682513,0.3755271722977905,88.43487381251563,0,normal
3653,9903.83135971519,246.26376295109296,2.165753040256111,0.7446937246067616,87.5345748027977,0,normal
3654,9909.102010306016,247.1130014352736,2.3288557063585724,0.3156552880382715,88.18068131250446,0,normal
3655,9910.580623544733,245.09135995219293,2.1927285230174443,0.3640806145226665,88.07419844275988,0,normal
3656,9909.209667500558,245.84388358996068,2.6881554038267987,0.0824694502920296,87.93547587565271,0,normal
3657,9899.164322522516,247.78347239389475,2.527447768569863,0.5123827995938857,88.26331000996068,0,normal
3658,9910.83113483618,246.14123890967429,2.3512892797282685,0.4723868853424059,88.58517690807497,0,normal
3659,9921.532314871583,246.1381220668725,2.376345435349306,0.1824574051776358,87.9801168634264,0,normal
3660,9909.119389248528,248.25824413380832,2.643310261571566,0.4471160460333134,88.13270037470944,0,normal
3661,9907.738033987958,244.49506240455904,2.4874438333144644,-0.3693198365268794,88.1070389226287,0,normal
3662,9913.712858244911,246.6345841430485,2.6995132999062523,-0.0686610179604711,88.8188578316993,0,normal
3663,9913.884517782808,247.4475539452119,1.9643482765556897,0.0475495357078145,88.11790222570419,0,normal
3664,9918.771581505936,245.4058101446182,2.509606194686836,-0.2980818507334716,87.63895528469618,0,normal
3665,9907.01256298446,246.5391069395324,2.327513066031604,-0.5159996451122986,87.47932065578483,0,normal
3666,9917.461472849409,244.6479928889601,2.794038857229037,-0.1287509078803473,88.45745621501362,0,normal
3667,9917.267969186329,244.895564160877,2.763099540314351,0.1268602647180693,87.90597630765845,0,normal
3668,9914.124981831616,245.9213141652408,2.470309194707181,0.2583963186910464,88.6310765429626,0,normal
3669,9917.057523099753,246.2907510164384,2.7796313450896304,-0.3351993969770976,87.64167173594932,0,normal
3670,9921.048209432782,246.57076051602783,2.836710152969032,0.0043287861781942,88.04856235719049,0,normal
3671,9920.807744277294,246.97891226058528,2.5013507149010503,-0.069102228964775,87.66363892278294,0,normal
3672,9911.284671482776,245.30313301043657,2.986022346444548,0.0613227774361808,88.55730071863736,0,normal
3673,9921.662459596946,246.527338925958,2.489304739925557,-0.4532380052765957,88.6756571435757,0,normal
3674,9917.808370022463,244.95643637604536,2.455367484556912,-0.931338526906963,88.53194883977088,0,normal
3675,9919.074514672637,246.1677270206216,2.672899476813864,-0.4139877217103087,87.83123472344927,0,normal
3676,9919.66258919034,245.44191267901653,2.429171045195421,-0.7820451890484807,88.0130502126513,0,normal
3677,9919.139919616437,245.6507961272848,2.51595181628928,-0.7373921046942751,88.51497968551432,0,normal
3678,9926.452213190843,245.6012383220444,2.7784784658077686,-0.6526715490168737,87.566002810044,0,normal
3679,9920.68557761712,243.54756650956875,2.4969018509757266,-0.7054432917602104,88.30151587613337,0,normal
3680,9916.12481800302,244.0046297586067,2.149288633050253,-0.6022130710920728,89.19290364956665,0,normal
3681,9920.38110827356,245.20972158978984,2.555769704146737,-0.4740696357888767,88.35699737647798,0,normal
3682,9923.87620510547,243.4002866655393,2.335855232311579,-0.8350564166110881,87.71538231091236,0,normal
3683,9929.770481073578,245.90112735179207,2.6397887636903867,-0.6450934873101624,88.16878351920379,0,normal
3684,9927.289193703153,245.92579468605925,2.5964264662462084,-0.7977375630674527,88.17012824272936,0,normal
3685,9920.677929575852,245.3677099823972,2.7407798503552296,-0.5591917640533545,89.56876650931007,0,normal
3686,9938.02094812101,243.9076898446127,2.616201481602209,-0.9333195555320366,89.34473951100927,0,normal
3687,9927.590708098676,246.399235628266,2.639852607728209,-0.9365329116938914,88.89080434792649,0,normal
3688,9933.32299149535,247.04857245605567,2.2740388388156427,-1.060466444320372,88.36738279073643,0,normal
3689,9926.873977234382,245.15269915948235,2.553690496799199,-1.0312590051864512,89.15296581853524,0,normal
3690,9930.993093907462,245.51241591066304,2.770636433891848,-1.2511847553044486,87.99979613415346,0,normal
3691,9933.224555798695,245.20187656832968,2.2223270035608422,-1.313556920347667,89.11883192314423,0,normal
3692,9935.826199646575,245.5307643620249,2.702215497952853,-0.8477437074530567,89.05869129046607,0,normal
3693,9935.73710684523,244.88309345116247,2.2137531843370426,-1.4361570634655432,88.53333243904213,0,normal
3694,9935.533244464748,244.97234387519435,2.1337754270704408,-1.236655218992681,89.19303834596306,0,normal
3695,9930.325702671156,245.91887879296507,2.343195972472845,-0.8650134389720585,88.41441216181063,0,normal
3696,9929.778092809707,247.36703310082643,2.406214432920931,-1.3030704204238492,88.02019366134067,0,normal
3697,9935.042283525034,243.63157682103463,2.423801396493275,-0.9752044995354114,89.15656742596822,0,normal
3698,9938.793971308927,244.9400619620738,2.0269144068640434,-1.4266054442111955,88.63994515437473,0,normal
3699,9933.77039952916,243.87762273642568,2.283442376753834,-1.588981624019729,88.99857036231023,0,normal
3700,9940.972046492872,246.66629359623485,2.0361996757504373,-1.7752749293861587,89.6233670290657,0,normal
3701,9943.67788935069,244.50468643118523,1.851869185360464,-0.9250375260129392,88.36716907626706,0,normal
3702,9932.608178453303,243.6693422743721,1.939875363842135,-1.6807567949117972,88.67210590855346,0,normal
3703,9933.786437924457,245.77280365226667,1.951097552987282,-1.1351745215410205,89.5442380811576,0,normal
3704,9938.05662738784,246.9029474418892,2.180998516157609,-1.6777263590769835,89.10953591907497,0,normal
3705,9941.09015136094,245.8481903503533,2.2823324158332023,-0.99969895308632,88.44115038829759,0,normal
3706,9937.72888302961,245.4172726125236,1.7323288591923387,-0.7487958599512914,88.32952551019918,0,normal
3707,9947.918326349718,245.65141285773987,2.072375490539809,-1.931436591729089,88.55910593905595,0,normal
3708,9944.089126339575,246.6888128253021,1.7416517719184608,-1.7642685669562082,88.47016848823826,0,normal
3709,9942.98330942223,244.43336346809733,2.0778741337445483,-1.2189712801000323,88.97439554336532,0,normal
3710,9936.429530055631,245.23118312199972,1.80269641101206,-1.307761442941917,88.91139880709828,0,normal
3711,9937.858641132025,244.92767029136863,1.6923440546698092,-1.2380458360063662,89.02837328142087,0,normal
3712,9946.676965186432,244.2516731406082,2.0381535170401444,-1.6513732191830903,88.48503197792056,0,normal
3713,9935.448612287611,245.1321733200537,1.7367512336213835,-0.889779245329612,88.88681485460509,0,normal
3714,9952.01983774602,246.61109552706657,1.7672226898282164,-1.4560802579649184,87.91128312697789,0,normal
3715,9947.01624604608,246.11460102136377,1.3631212609576897,-1.8606972304448588,89.02864346403952,0,normal
3716,9964.878063941036,246.2387145560578,1.9736150509772408,-1.5743204201635277,89.56097230433919,0,normal
3717,9961.062897868573,245.7890470302186,1.926211308871318,-1.8608649146323384,88.27809337763678,0,normal
3718,9949.48183641796,246.21580547724383,1.7414408014945422,-1.0225816996824286,89.2494957506077,0,normal
3719,9950.728122950728,244.94352457800645,1.413801664062797,-1.696682971114933,88.71968898338741,0,normal
3720,9957.113315711167,245.48794055755417,1.940861866889311,-1.3482094077960596,89.44395873966985,0,normal
3721,9961.53165778782,246.04447116736625,1.5461579059965394,-1.6331809996246476,89.13963962037076,0,normal
3722,9945.710734429496,246.1866582341238,1.569963751877007,-1.6712771715243424,89.28036965066374,0,normal
3723,9945.85869724196,246.287641963514,2.10511534895456,-2.053081260911368,89.1282234407524,0,normal
3724,9952.574616297888,245.889043524516,1.4849443922272814,-1.2925647489528138,89.77786170970538,0,normal
3725,9959.497125482494,245.71146909885195,1.7580144427518676,-1.0729501613254704,89.30537399018004,0,normal
3726,9959.970794380191,249.3097418673292,1.706867537444119,-1.7268658834342037,88.79701667155182,0,normal
3727,9963.742523885528,247.12337510197983,1.658373824445238,-1.9037086453987333,89.2172308583727,0,normal
3728,9953.306579750408,246.6958658641861,1.6236787282020604,-1.1859133712389824,89.00166082636164,0,normal
3729,9948.63981831836,246.1171273122948,1.6305771439847616,-1.906264740901158,89.28561070592392,0,normal
3730,9965.430056763777,245.96819422283923,1.5988198815362034,-1.030745549724826,89.01291485956192,0,normal
3731,9957.922338545535,246.35912188237768,1.5243191066703294,-1.6508802111162917,88.90286103043411,0,normal
3732,9952.898008347916,246.854664730222,1.8283934190569644,-1.6922642284087075,89.35944505977136,0,normal
3733,9964.64659508354,244.7546889729066,1.256223109115465,-1.2672273536717418,89.30632034138311,0,normal
3734,9968.82159132102,245.14036945725823,1.716868130438273,-1.6324900410588534,89.82909218012145,0,normal
3735,9965.183378144928,246.14882725186683,1.6720845626132526,-1.51127490122576,89.10839533654429,0,normal
3736,9964.445793405346,247.07008533904428,1.643566223696399,-1.1698711785891418,88.34427378297751,0,normal
3737,9966.882922174997,246.70216379638603,1.7247926071437767,-1.980575268042388,89.17165926748288,0,normal
3738,9966.774749522923,248.4992725953519,1.4816334132756983,-0.7337650287024147,88.5593378872403,0,normal
3739,9962.838494981954,245.619660507706,1.1263644043316705,-1.1869442393931198,89.59941059788137,0,normal
3740,9966.959436465022,246.43277688899104,1.4869559563610284,-1.560391607854629,88.5737078328251,0,normal
3741,9974.096295374824,248.7874054769903,1.3056771177068205,-1.4490857674381434,88.93561238578802,0,normal
3742,9974.058195543072,247.48271747614936,1.3612855439292724,-0.8167991519631246,89.26782882758636,0,normal
3743,9974.252763849216,248.32178447517825,1.2641454759317248,-0.9033553051620364,90.24022459876822,0,normal
3744,9969.40204312467,249.5745577656188,1.4233506364623238,-0.6360398778201013,88.9511106528213,0,normal
3745,9974.43815263791,246.9168659770688,1.406887767192999,-1.224353022113697,89.51311586054507,0,normal
3746,9965.430691543634,247.5996713297845,1.0592756598341393,-0.8970936028583638,89.81630862399561,0,normal
3747,9978.181116801125,247.5157944143048,1.684573911564461,-0.8237495704787205,90.28780494624424,0,normal
3748,9985.408009834337,245.9237486403955,1.9994722433697112,-0.7079344002379284,89.95417180176605,0,normal
3749,9971.870222058384,247.6589138058195,1.6886449017102043,-0.5423002182613548,90.13177113018816,0,normal
3750,9977.290481669765,248.94215401033352,1.5398835439937322,-1.0588412553528186,90.03655593015286,0,normal
3751,9982.846869219176,248.69423811556152,1.5836385391288543,-0.8403314533064401,89.01946522081442,0,normal
3752,9988.448643637836,248.8660270098865,1.5255234469447398,-0.9508181681042336,89.82353466147248,0,normal
3753,9980.928184066375,247.96543132569832,1.6438372347990953,-0.7445587337921671,90.08771661904368,0,normal
3754,9980.694615238988,247.7795031379284,1.6354708295297975,-0.4795914160576497,89.20486719286934,0,normal
3755,9975.299395310789,249.800141852421,1.4925989254742216,-1.1450578170347208,89.41300028209531,0,normal
3756,9986.650831393472,248.12944246669284,2.016170254376548,-0.2751776937443013,89.32107666737511,0,normal
3757,9997.335037296083,249.017264362217,1.4017465461717018,-0.908338650276702,90.12880463489137,0,normal
3758,9989.503753277188,248.98345042452124,1.8631804185304983,-0.6168800699538128,89.7276986591827,0,normal
3759,9988.999058237445,250.37923811849168,1.7203123696571911,-0.1090991909393251,89.62178611549969,0,normal
3760,9991.715445798804,249.98677179542395,2.14240452850712,-0.3410576263801166,89.16126572657292,0,normal
3761,9991.045144825168,247.81833299569803,1.852691636479196,-0.2943848458171148,89.78831497030131,0,normal
3762,9988.031993515648,248.0246251797385,1.7353567513164263,-0.7068583397042103,89.5581471300466,0,normal
3763,9997.210715774252,249.8899900128884,1.7810971162063016,-0.6220056230133357,89.98355610654937,0,normal
3764,9995.221065192964,249.34591995448235,1.862343907345824,0.0177656416000112,89.31036155222537,0,normal
3765,9995.178855987931,249.0544991140461,1.6498924597236349,-0.396947643891527,89.99076892431839,0,normal
3766,9991.212982659672,250.624908203236,1.7494685341818783,-0.3240732758228735,89.70232087067183,0,normal
3767,10003.606766538993,249.8965054052348,1.570488329152942,0.1583485557866318,89.31713607471883,0,normal
3768,10001.41244576413,249.86138549165096,1.7676976965256708,-0.4009302445311463,89.29813662181022,0,normal
3769,9996.324224113976,250.6887152533428,1.9960095682059824,0.0397723523160429,89.3932663720049,0,normal
3770,10005.097939948982,249.6337725696106,2.0622553948652147,0.0168688992724267,89.89857678489116,0,normal
3771,9998.60093998691,251.6773919494857,1.631341009337295,0.0481822758735898,90.08227360075848,0,normal
3772,9998.178646336037,249.4207731925051,2.0246831678542643,-0.0615954896079243,90.1766850921604,0,normal
3773,9999.289808966303,250.9656142082632,2.189595772129328,-0.0351586835004315,90.21554294993835,0,normal
3774,9995.2323337135,251.84225883682285,2.068927372392476,-0.1399736159319218,89.70249189908918,0,normal
3775,10007.44433154202,249.1307080001792,1.999094389352589,0.372907733605298,90.6309338468462,0,normal
3776,9996.929329751503,250.2640426102645,2.0674476321851927,0.0720307789178834,89.90058831985986,0,normal
3777,10000.940660989792,251.8487165326522,2.065380311289012,0.6072210237118891,90.36673248295229,0,normal
3778,9997.702057821538,251.9626024469113,2.0694062494709726,0.2930683093693804,90.07952224059171,0,normal
3779,10008.645959130734,250.732388925784,2.254244666913112,0.0864124924941071,90.3693367677453,0,normal
3780,10009.32010739789,250.26737851772856,2.703196622381072,0.3757527665399936,90.09427016091256,0,normal
3781,10009.432623575303,252.0557497124852,2.114493986834274,0.3665867062477503,90.418139531112,0,normal
3782,10006.846504508623,252.380687360593,2.220522489228417,0.8348809978953602,90.2374934246994,0,normal
3783,10007.190306626288,250.1293204380144,2.294018243874623,0.4632771269318432,90.66794979319477,0,normal
3784,10016.364101986035,250.18639808981413,2.1863330247941097,0.5324247379545245,89.87150253176044,0,normal
3785,10012.278866071025,251.7113402668595,2.562087811141195,1.079508815033273,89.41568684664605,0,normal
3786,10017.601287248466,252.2106216507804,1.8860443912595253,0.8486915548541162,89.83371120309866,0,normal
3787,10012.579520185169,251.37673688127336,2.270890081264292,1.2345631750160124,90.87457447993482,0,normal
3788,10018.89564474246,252.4489744355949,2.5567025536257555,1.1523427566625215,90.28252721062822,0,normal
3789,10025.489489609889,251.1527108092334,2.3491764408810507,0.546661250118887,90.42549313623942,0,normal
3790,10022.884799525842,249.8405755033265,2.257763231209174,1.147244579971235,89.87226110345438,0,normal
3791,10018.870777152944,251.6230076348261,2.5229634864674297,1.3445344322965185,90.45143378745568,0,normal
3792,10023.195623548774,252.20096172223907,2.627875091366384,1.3826733161608027,89.92678625190352,0,normal
3793,10021.680894332698,251.95185542106924,2.4994115585146592,1.2543136191767157,90.01979376658059,0,normal
3794,10023.895924234226,251.1581668740957,2.3065754496692388,1.2823351385299873,90.27588862480312,0,normal
3795,10023.198385522966,250.5892692415007,2.5664284319331547,0.9345805394553154,90.71907744459524,0,normal
3796,10024.972199603846,251.97801555741404,2.4019584325715924,0.8065420679975475,90.79180130298673,0,normal
3797,10027.81919788214,253.47594946931704,2.637380524010044,0.9835174287500852,90.8246970713043,0,normal
3798,10022.754117251545,253.9196491898641,2.789749176062438,0.62019166426204,89.76037615746685,0,normal
3799,10023.60092417921,253.935257842184,1.9755038127156903,1.5519051096353516,90.57027411608809,0,normal
3800,10022.694145101785,252.0146286493424,2.5211131339794264,1.0924826951966522,90.4943462407274,0,normal
3801,10022.58907824411,251.7586934097721,2.152786338161237,1.5922142257067398,89.84571746729179,0,normal
3802,10025.454537183328,253.48973097623204,2.9880747563734418,0.8616253056023429,90.6388108962497,0,normal
3803,10033.285625987472,253.7076958020627,2.4046270139543084,1.5810149422852346,90.52455266035066,0,normal
3804,10028.968489880745,253.55103582752903,2.64481608016748,1.1317850358199606,90.924411385223,0,normal
3805,10036.941270569225,251.21381307547668,2.484528975465769,0.9178080401744736,90.72808750308128,0,normal
3806,10035.484100490516,252.4367107847148,2.325797621971161,1.8129511886901064,90.43155036979346,0,normal
3807,10026.401813154498,253.34830420509547,2.295610336384218,1.677513939446008,91.18776790966228,0,normal
3808,10040.449390214517,253.9382576636363,2.7895633857701174,1.428152132712734,89.63287349548055,0,normal
3809,10042.154966172831,254.2900129354585,2.6548409456735227,1.3928616793534283,90.72988689468264,0,normal
3810,10034.05431015662,253.7372161637277,2.842437041733167,1.5313549076603052,89.89884700461992,0,normal
3811,10042.043329501355,253.99256637942256,2.4537437176412635,1.4734526063431546,90.3427508001346,0,normal
3812,10036.574634652032,253.814003298478,2.48806339911372,1.191669915554137,91.07954936828624,0,normal
3813,10042.25614609648,254.4806208761532,2.3637916114904813,1.3187393687545366,90.19825714403436,0,normal
3814,10036.351793807007,254.172212865242,2.3455210762331387,2.042274724997383,90.14162680748368,0,normal
3815,10034.61097781513,253.9878868981864,2.17926058864894,2.266102168578151,92.06250269326388,0,normal
3816,10042.560290751066,253.7150136559892,2.3881715785576403,1.9423335569794689,90.20984300827254,0,normal
3817,10044.749151188476,254.1243137972856,2.196323556178473,1.6247519668351973,91.732616369941,0,normal
3818,10044.268279930711,254.5856365131561,2.4244727466332847,1.3863787980293916,90.83903248568606,0,normal
3819,10041.220782457312,254.4249029219149,2.351171040668496,1.2533276299843623,90.680404144249,0,normal
3820,10046.02098273317,254.5929734344805,2.354990682965858,1.27683516103939,91.2438027561706,0,normal
3821,10050.241692594342,255.6079035579596,2.612022058752621,1.3329293056937306,91.64620141440102,0,normal
3822,10049.5406049873,254.58167428401785,2.2483019315250496,2.1452996173891914,90.42226743170411,0,normal
3823,10051.542450131845,253.7171139588692,2.385400892150533,2.041526041417091,90.75747400471266,0,normal
3824,10048.139180865202,255.2975749966298,2.6219823376634257,1.721866241029283,91.45323000469158,0,normal
3825,10058.2030093969,253.093860075828,2.4500997211007225,1.206792059330327,91.1908855526799,0,normal
3826,10047.31298169803,253.42295127172,2.396034266872768,1.7585407009698206,91.6148358829368,0,normal
3827,10056.475759083214,254.8827164703383,2.080273289338656,1.4133452641890982,91.33831512917148,0,normal
3828,10060.786118528828,255.1039517395056,2.1633961952357263,0.8319976538291421,92.00164526585512,0,normal
3829,10058.11442137344,253.3813547534536,1.8293753696112065,1.555670778641262,91.20349191761078,0,normal
3830,10055.52490667838,254.2805889005033,2.1681440239844907,1.2072842898315082,91.24165613043954,0,normal
3831,10054.718035778726,254.09245765342823,2.0984128278310914,1.206446014171153,91.3080511062487,0,normal
3832,10063.356216561308,254.24512091297612,2.0232486865406942,1.361439607600847,91.09227114025823,0,normal
3833,10051.871343444453,255.70675810653609,2.19901506887734,1.2734722677215324,91.60376794081569,0,normal
3834,10054.940137960895,255.4991236875916,1.7270416528396155,1.397818691609954,91.3143357971874,0,normal
3835,10058.601532601268,254.801036954583,2.2706681857544293,1.367255958952899,91.6058764331471,0,normal
3836,10067.570093500566,254.29981011832825,2.0992882829467043,0.8118191170632647,91.6998864210722,0,normal
3837,10064.06702804617,253.5197970420208,1.8802508986834885,1.812014949661613,91.4575911380995,0,normal
3838,10058.108109459195,256.3113586040608,1.840338127062085,1.041067997316305,91.50982492715204,0,normal
3839,10062.170653329234,255.50305811435032,1.942237359916465,1.0293085771358947,90.7692789433249,0,normal
3840,10061.418057574008,254.2220813465716,2.1267010675868327,1.1942257590904115,91.01461667197982,0,normal
3841,10061.70176085806,255.6641847503845,1.8197116497423,1.2368914970688265,91.72670584287992,0,normal
3842,10070.899661120544,254.8882186661257,1.80555699148974,1.6825437459065142,92.03191985746444,0,normal
3843,10059.894404723644,254.6832065049757,1.758293218415013,1.3000144052548506,90.36484729464512,0,normal
3844,10075.53825643443,255.41541320113143,2.0896062556531985,1.362367397312662,91.06595546948948,0,normal
3845,10072.369983013506,254.24659707166555,1.6386235802197862,1.246955886305794,91.376386992459,0,normal
3846,10074.410802495828,254.650237279183,1.686416298496554,1.2051527258122283,90.93949265181584,0,normal
3847,10067.362560570957,255.1193558090737,1.965691611702412,1.1987302568529414,90.98228534053084,0,normal
3848,10069.641350856216,254.50034540690984,1.6839106287045402,0.495093162395096,91.6452810259291,0,normal
3849,10063.932052652726,255.6687838130065,1.8642877640393467,0.9680725094426867,92.21264421909272,0,normal
3850,10069.17414724183,256.8666672965819,1.437895131606532,1.3589223649488869,90.42003740738222,0,normal
3851,10074.958201381098,254.2392058767778,1.5633172139393643,2.159230160463366,91.3645604683668,0,normal
3852,10079.655461385202,253.3222845945376,1.886475955898252,0.5806461910456842,91.69514309242108,0,normal
3853,10068.317263472069,252.9775807073636,1.4405604483942778,1.0334231910862763,91.8671679372217,0,normal
3854,10072.696034107725,254.8187720553833,1.532868035046648,0.6989297737122552,91.65003494738752,0,normal
3855,10074.430131633784,254.29400729896736,1.602856293506372,1.4475007016965231,92.384433829667,0,normal
3856,10068.863227066162,255.150981279715,1.343200716374378,0.3892818573651192,91.53129675820536,0,normal
3857,10079.446880473986,255.05969015782435,1.4489291508174518,0.9443942664443958,92.18579908049996,0,normal
3858,10073.510494844868,253.3058765750339,1.546048593648944,0.2955636531580841,91.21942509489864,0,normal
3859,10076.786094005707,253.0742469561013,1.525878635569646,0.58232564041121,91.58425238852628,0,normal
3860,10076.12812192027,255.1631458027369,1.7668421168563706,0.6271602391044724,90.96139983769716,0,normal
3861,10075.058160547913,254.9787763537892,1.814515391540192,0.9173466745636264,92.03052928180472,0,normal
3862,10079.57871202632,254.39172720295053,1.331693401023328,0.2317372989119131,91.53205730775387,0,normal
3863,10079.137011610745,253.1326723445852,1.5230929672889482,0.7118510769731033,91.78321172133164,0,normal
3864,10078.948871202949,255.2315620583744,1.6348654550558177,0.4759567769640034,91.45947889664428,0,normal
3865,10077.750872867977,256.0005212020751,1.8037115165759487,0.5092255140940937,91.92107787035702,0,normal
3866,10083.567685442056,254.97316357229664,1.6458149477014767,0.6715667309739055,91.83811822869067,0,normal
3867,10090.806832604463,253.812388707088,1.5632188818653514,-0.0443663072743322,91.15344921025448,0,normal
3868,10083.79861279422,254.6672323458911,1.642501172976213,0.5396066389765162,91.193599816309,0,normal
3869,10088.631888224189,253.217534671616,1.6493296612057755,0.0815173721857662,91.65914157782191,0,normal
3870,10077.243942983465,255.6007446402316,1.33562957110065,0.5364845927632306,92.01368803088792,0,normal
3871,10085.5191958302,254.5819463817646,1.5675255428353094,0.2634366385093447,92.62605554923157,0,normal
3872,10079.770410095123,252.68746327550576,1.829768678177614,0.0554108741641795,91.85664046213245,0,normal
3873,10078.390964454444,254.1086817781718,1.5065907387705098,-0.1036447961034479,92.21927748308636,0,normal
3874,10082.588491969504,254.82462991654145,1.5852066435922547,0.2753790771915921,90.9192815127539,0,normal
3875,10092.745977130564,253.97850857981112,1.5231707249601971,0.3616781191857758,92.74220753388694,0,normal
3876,10092.02901247782,253.98416370883223,1.1223294074216454,-0.2214458685332055,92.04842177225404,0,normal
3877,10088.977682000115,252.98245648573885,1.6036836643261554,-0.446419968617797,91.73045091221752,0,normal
3878,10080.574104453068,254.71851625499505,1.6753892147315974,0.0569135804012289,91.68240412132135,0,normal
3879,10087.722329171052,253.44696190827327,1.5289595725870833,-0.630604544147997,91.22047474963033,0,normal
3880,10090.669487348654,251.8808034538281,1.4178794455888082,-0.6322180943656011,91.3725763482228,0,normal
3881,10090.48700730376,253.6061943370005,1.490911928025645,-0.6036770556127273,92.74740433918404,0,normal
3882,10080.829736232245,254.89721337242787,1.838929371369608,-0.4535483666819154,91.30647186384996,0,normal
3883,10086.027488107957,253.4661797861949,2.100440037811824,-0.7735630376522403,91.30544766802792,0,normal
3884,10090.58001389338,255.52659860153668,2.002999995589434,-0.9977183208496272,91.46689781124472,0,normal
3885,10093.99409266326,254.15157055364764,1.4789059449005029,-0.799752041055052,91.22716238583288,0,normal
3886,10080.735103224008,253.99386076465743,1.9405928572142008,-0.3090037075860003,91.84196813401287,0,normal
3887,10091.299055168136,253.45774234143053,1.6595028807369872,-0.9253849844291264,92.38664875724332,0,normal
3888,10093.20964072021,253.4474579961265,1.698669457548301,-0.6876888945377635,91.5446417742803,0,normal
3889,10097.11792927607,253.1805179145084,1.7461773611497506,-0.0427576731375771,91.17073524678936,0,normal
3890,10096.700342807806,253.0684919725812,2.0036389661373444,-0.6821146233659422,92.0106517542397,0,normal
3891,10096.505773506002,253.8271000821637,2.0784732112905395,-0.6045976788492131,91.84397116939924,0,normal
3892,10089.940717190088,252.28455479652,1.8914966661934045,-1.0305269991208053,92.3801706695128,0,normal
3893,10084.738517885937,252.06735719232773,1.9195912731985247,-0.1363585623200141,91.65831642177989,0,normal
3894,10092.641945859905,251.94166370641904,2.0535211640126803,-0.985768582052694,91.76206580309088,0,normal
3895,10099.934589202789,255.0308951385753,2.0992286257138404,-0.9290498708924474,91.82376341926329,0,normal
3896,10102.203430582,253.4347712697388,2.245872079825761,-0.5019645938836126,91.94922521416429,0,normal
3897,10099.089107787067,253.1269466142964,1.7787232022254968,-0.987258889020422,91.71444640683278,0,normal
3898,10097.973717164174,251.681836842738,2.064484748686961,-0.9531889972562464,91.6392182069803,0,normal
3899,10098.006279445231,253.2784952100405,1.8716049222419373,-1.086008410029217,90.99697278162512,0,normal
3900,10093.598944894606,252.45332093348435,2.099538878184351,-1.116996624820252,91.64489716800811,0,normal
3901,10095.9910567122,252.69777266899428,2.08873555184765,-0.95551028337482,92.29043879764023,0,normal
3902,10105.238861305375,251.41970145154684,2.1485291372371176,-0.931931982283469,92.36299303320934,0,normal
3903,10092.423189872938,252.46835016761952,2.0214442536811577,-1.320955561481456,91.7071630862423,0,normal
3904,10105.442626564056,251.7950841130369,1.9069952883367,-1.3869561552440943,92.597117651301,0,normal
3905,10095.981607754537,251.3632552977793,1.808115130669861,-1.3679824906271223,91.93748293468973,0,normal
3906,10104.432165895432,252.77207007598545,2.2227486058251977,-1.6326608763034605,91.28717692109116,0,normal
3907,10090.974406706398,250.40853805869327,2.1841440842538984,-1.7153657832949172,91.13397760685062,0,normal
3908,10101.131678397138,252.4185257861853,2.155840721231072,-1.173924265810559,92.57317210913618,0,normal
3909,10094.702162215102,252.44499783497952,2.575494476458636,-1.0051966915503856,91.78121839526628,0,normal
3910,10091.483693919445,250.7869260242233,2.158276376231711,-1.048004856049725,91.36416833604498,0,normal
3911,10099.816861154486,250.75163263133084,2.631884821629132,-2.0452805392014084,90.84484573313084,0,normal
3912,10103.925838611956,251.2536980404079,2.690769632157485,-1.4243698716173938,91.77971153794192,0,normal
3913,10094.798173436984,251.6629318915481,1.9923888564493268,-1.7004294462948968,92.1828330420972,0,normal
3914,10091.66229958309,251.13166030882263,2.4166570849741147,-1.344399413168782,91.63430201568453,0,normal
3915,10098.82273866383,251.62118359138609,2.332858093759845,-1.5293378101305255,91.45901666964316,0,normal
3916,10098.95944082823,252.8532315816712,1.8440214232372285,-1.241623795674509,91.71324446513894,0,normal
3917,10102.24293101758,250.48472987168847,2.1499730483457484,-1.4388727258906178,92.6116226671686,0,normal
3918,10104.344071093954,249.1790644164153,2.605310582487849,-2.014567081082175,91.295431155905,0,normal
3919,10099.383828161262,251.6216080305982,2.8644596998363427,-1.74723089600823,91.67276756614125,0,normal
3920,10109.033258464751,252.38012082077373,2.6503006563248155,-1.4653969250128251,92.6004937076244,0,normal
3921,10100.941777945553,250.9904176919688,2.5424625328578765,-1.4488063357989038,92.2435002291694,0,normal
3922,10098.143352047698,249.41050468587244,2.4802464813036096,-1.9049213560849028,92.08707359844416,0,normal
3923,10091.862540671847,250.2747657355981,2.8266114297693883,-1.9502002776748475,91.67418448163912,0,normal
3924,10098.64198080093,249.1803798943047,2.924067634552265,-1.47709258256861,92.01435797530044,0,normal
3925,10098.29824916606,250.84188459479628,2.3801564135803184,-1.9184257241595104,91.73068914363564,0,normal
3926,10104.796615430052,248.74778481146527,2.0993892394797897,-1.999926216885708,91.57020876343756,0,normal
3927,10102.312417698697,249.6989529119011,2.0803624546409334,-1.6335420968681895,91.45997125391636,0,normal
3928,10094.098062183288,248.8947507243093,2.7637398020071613,-1.645846425921886,92.3919459540153,0,normal
3929,10100.841088529149,249.9259604508464,2.4880674027549485,-1.760796117025481,91.96939326583376,0,normal
3930,10103.312383363034,249.33292164669737,2.5309995616410346,-1.7050129888312338,92.15635142198914,0,normal
3931,10107.55979981917,249.7762732758699,2.131857429101656,-1.485012710960127,92.07422945334532,0,normal
3932,10104.312086496107,249.5222697665617,2.3337615793904027,-1.699143678574273,92.21795074708491,0,normal
3933,10103.623736193962,248.4138682484945,2.4185041872884825,-1.4544823952935304,91.86903066345516,0,normal
3934,10100.05488729174,249.9282521854676,2.5111752627162733,-1.5811007342054118,91.75426042084597,0,normal
3935,10101.620996379435,249.1537367564518,2.380722639837328,-1.4066136331922516,91.5859485623508,0,normal
3936,10105.841972028937,248.1154196751889,2.2426584067104374,-1.18208439714185,91.28490438380452,0,normal
3937,10092.835612349334,251.24667992260004,2.281767771904764,-1.181108206231597,91.4289734014232,0,normal
3938,10097.647404644958,249.3843859018478,2.6678068772039585,-1.0324664140176896,91.80518316507076,0,normal
3939,10095.416920104271,248.65733435361332,2.46149505990499,-1.1522555409321733,91.18407553474336,0,normal
3940,10101.050764115043,250.1289143517752,2.520334282850934,-1.3156391703004753,91.29195701836026,0,normal
3941,10105.171428655804,250.45915485144025,2.2024983946800685,-1.499494348663586,92.5014763018686,0,normal
3942,10095.89086365082,248.37617228258804,1.7749232113629931,-1.4668191358894056,92.0896044441154,0,normal
3943,10086.76974306284,248.7736930257903,2.243567769329285,-1.5936347020305357,91.748506933902,0,normal
3944,10096.495818946603,247.3436960166079,2.156504951840509,-1.3075561922731471,93.10692568288682,0,normal
3945,10102.950093493218,248.0905766773206,2.380427572580293,-1.0771342703313371,91.1435296373061,0,normal
3946,10100.886838318786,247.9454823365392,2.947799516693401,-1.4803287005296313,92.45177941431164,0,normal
3947,10100.145764226949,248.236889543436,2.4089911470182264,-1.248935402630828,91.90436361836817,0,normal
3948,10096.40121026075,248.29311975699048,2.7957783906414697,-1.4150064295216402,92.34854704685884,0,normal
3949,10091.192586835075,248.42930032481456,2.340347376667208,-1.121928641531319,92.00623166895888,0,normal
3950,10099.941017177622,248.0170793127624,2.078056903332917,-1.3214209539757626,91.01116838026732,0,normal
3951,10092.960205199228,246.47954700603955,2.2505481006015784,-1.3492892411058148,91.99036251876744,0,normal
3952,10107.809453515723,246.663599356485,2.513571021035132,-1.301241592760934,92.10555732429626,0,normal
3953,10099.489172673771,246.96839481376296,2.499440710308077,-0.9150810143278054,90.8367400833778,0,normal
3954,10093.471398319274,247.1462918581952,1.9942118564019669,-1.0629731305571002,92.8995169435418,0,normal
3955,10093.046079411472,248.39406531021635,2.1353940667037583,-1.129413006745878,92.0776639100547,0,normal
3956,10095.357040211242,246.09617325068703,1.7741701000048242,-0.8885025854884169,92.25242909495444,0,normal
3957,10094.33342513382,246.8186147257252,2.200073321822269,-1.0564460837223686,91.32785400009044,0,normal
3958,10100.814724107331,248.047086358904,2.3208388269482434,-0.5584643134234917,92.2499198656665,0,normal
3959,10095.852733587995,246.71340880349783,1.993130653790825,-1.152101273477446,92.443165284567,0,normal
3960,10090.943099568149,247.3941059908084,1.8267338932958328,-0.8787807378145921,92.01880927932274,0,normal
3961,10103.724607164891,246.7157788439888,2.007376288141308,-1.206126342243735,91.88076229552192,0,normal
3962,10094.180663711328,247.0349925199092,1.9941428889626336,-0.8500604109521636,91.4318883786253,0,normal
3963,10097.430645414252,246.4739137677811,1.902404159625401,-1.2105187124079393,91.76362548179652,0,normal
3964,10090.188280911154,247.29494783483293,1.897727230926284,-0.4427271584782043,91.60857351183792,0,normal
3965,10094.678635137416,245.0096708073063,1.803375016376464,-0.3960651223862013,92.1432589586702,0,normal
3966,10094.042964276408,246.11963812211005,2.013887323264568,-0.349595965240036,91.42481032385514,0,normal
3967,10082.654276517853,246.7091524960332,1.9389633404529312,-0.5344897153349101,92.12437582031843,0,normal
3968,10101.784797012731,246.87733967642603,1.572639332691912,-0.7649282231783248,91.41467564784372,0,normal
3969,10097.758371481414,247.7691241537325,1.5452606821174553,-0.6984340971768048,91.69492670645596,0,normal
3970,10088.90676987361,245.8191634484091,1.6752541814028576,0.0437673709797473,92.12587712759324,0,normal
3971,10084.959905830705,247.62520233565536,1.852931286396944,0.0588402753233232,91.4575267306666,0,normal
3972,10091.77852363058,245.42377086603537,1.7153460781284915,-0.2913402674913459,92.12608255572002,0,normal
3973,10090.034661090687,247.3500820530344,1.5380607469455954,-0.4387457095740638,92.06852053070804,0,normal
3974,10090.931014325895,246.7791350896795,1.7007838812785934,0.1708384734624431,91.64757805497317,0,normal
3975,10089.653138360853,244.99005698381137,1.5649860075194575,-0.4035767982442266,92.35479662827557,0,normal
3976,10090.760168671988,246.15404094031345,1.790835290586303,-0.0818726937941887,91.8034714454977,0,normal
3977,10094.99038174514,245.7409131510936,1.665902527035526,0.2998935935527013,92.30621532825631,0,normal
3978,10090.110483484355,246.36456394816645,1.5217896082269848,-0.3116661727059646,92.64213181161284,0,normal
3979,10081.52907725067,245.4642424853692,1.6177410764992846,0.2329861122038753,91.61489658405377,0,normal
3980,10093.088878632128,245.33052750432307,1.822110193871065,0.1853851363871761,92.04799877938504,0,normal
3981,10093.969219274815,246.95887280127585,1.4339398454622816,0.0623335028500312,91.39653896648606,0,normal
3982,10101.007935675569,245.444825842496,1.6182926357874854,-0.1789368109463471,91.18854583530606,0,normal
3983,10079.10316268828,246.3255201014686,1.5147199062234171,-0.053441031866667,91.5966828283964,0,normal
3984,10085.39955177902,245.23109763343567,1.6064371706218232,0.2953763546459972,91.0024026943906,0,normal
3985,10073.230738612092,247.0822810786833,1.3835530545411043,-0.1739975419005466,91.20402075273708,0,normal
3986,10085.854704271193,244.69828558284408,1.5311723205346215,0.33646143197273,91.95749546944644,0,normal
3987,10079.78737453311,244.72532836392705,1.7265360626907944,0.5035208528052809,91.39374301275448,0,normal
3988,10091.57676976389,246.82870490838715,1.314673495941476,0.6804318307778952,91.99444785935624,0,normal
3989,10077.509434819713,244.82583543077217,1.2345419109640825,0.0086725247221002,91.77735616240489,0,normal
3990,10072.351425176865,246.8403418464439,1.2417285406663277,0.8659823715524358,92.54152383834352,0,normal
3991,10077.847772693372,246.10149806799464,1.266733559939664,1.022221800436626,91.86625047072572,0,normal
3992,10069.725383228684,245.02731380309365,1.6220247108653396,0.6787005754661719,92.14916547683504,0,normal
3993,10082.749089829314,243.34290320924845,1.2251244444341995,0.2857828316051011,91.78081418269934,0,normal
3994,10068.05104850408,245.1130490053492,1.4512876429091826,0.5397694830490188,91.72322602524628,0,normal
3995,10077.8937852388,245.2121149796852,1.640317481255286,0.6643536205808904,92.13739646771434,0,normal
3996,10066.729696746184,246.2577760168237,1.606992440667836,0.7995916475865954,91.87677384984195,0,normal
3997,10074.876813524046,246.66104252835527,1.4547404408864493,0.7642203027701198,91.6345978574133,0,normal
3998,10084.04709226049,244.3716161377285,1.579398717151952,0.8804668097399648,91.61943136259424,0,normal
3999,10076.97775691643,245.8437703383797,1.573151496812287,0.8066682177605029,91.77260500510025,0,normal
4000,10070.19384802311,245.79595888639648,1.5185031602833654,0.9504489046721444,91.15453956122876,0,normal
4001,10073.68464612241,246.09392529983467,1.53390472240962,0.7690005150127411,91.11991353827275,0,normal
4002,10073.252711441675,245.5111501051696,2.036937067896502,0.8411259107531306,92.17595550781552,0,normal
4003,10074.84042612328,243.06390504710524,1.7665188339824058,0.8043504990806987,92.3817523198112,0,normal
4004,10064.950382223224,244.84692022289656,2.116580061425793,1.586032658661753,90.97125225158746,0,normal
4005,10074.047731646846,243.8445739941681,1.5377991537057831,1.4828120811618335,91.08720068933232,0,normal
4006,10056.856049927288,244.79761453053783,1.6378471948811892,1.242077942095559,91.97882157145808,0,normal
4007,10066.514660389012,245.9821631191766,1.4069268141311928,1.503962355930527,91.66004165958783,0,normal
4008,10066.501822653843,245.31124736831416,1.5307665096633274,1.3757923720889378,91.7170778899825,0,normal
4009,10071.382040449991,246.16012254303573,2.09315854298404,1.2194970800166427,91.81260877381928,0,normal
4010,10067.593953552772,245.3617158623749,1.6291830090869326,0.7412575661073809,91.2292499049157,0,normal
4011,10059.71162896616,243.7315582158392,2.138925967476579,1.1410194730753214,91.49977384720393,0,normal
4012,10061.066449663604,242.5209473428526,1.5284892938782622,1.1447993427478975,91.4459243812028,0,normal
4013,10066.230187311136,245.2044965211739,1.5891169573491708,0.9299095240829292,90.87548994514523,0,normal
4014,10064.080298900422,244.85763236218497,1.7547139069417923,0.8473619961284481,91.44705818380277,0,normal
4015,10060.812415898085,244.11245546895304,1.833802061214841,1.46324128265883,91.89301607700008,0,normal
4016,10060.529897584664,243.4085805125252,2.05514493841689,1.4338077814360028,91.0916147112228,0,normal
4017,10065.634643249772,244.3962273542309,1.9849806116125024,1.0060656761123656,91.31936068965,0,normal
4018,10058.778861802852,244.9601894352193,1.836125403861092,1.151128938863039,91.3307009513494,0,normal
4019,10060.134253168946,245.8462071591996,1.917488708060932,1.7406295829621357,91.0691619125642,0,normal
4020,10070.625719630929,245.39653663647465,1.9052422906837,1.145071414546922,91.53397135265767,0,normal
4021,10051.852973253684,246.8454657953771,1.811104479549083,1.4744700600991147,90.83939491313456,0,normal
4022,10048.901625438308,244.2331924625369,1.8414379000945644,1.379866108080806,91.82953954127156,0,normal
4023,10061.262424042809,246.1831457993284,2.249554960194565,1.6009848256449526,91.4599922951924,0,normal
4024,10053.129162635194,245.3845551416874,1.7031829682640884,1.2032156045083255,90.66206325849684,0,normal
4025,10054.103440335108,246.0689600492365,2.416953461234179,1.4967311149862093,91.96289740191956,0,normal
4026,10050.955526698936,244.9766608103662,2.049314988900364,1.5286583800844953,91.18127690242264,0,normal
4027,10052.723502416386,246.52557546461,1.987549501841306,1.554101246224675,90.71897630378692,0,normal
4028,10061.170986006042,245.791657647502,2.3137854162791536,1.5144381171536134,91.6158431714068,0,normal
4029,10056.33941227876,244.861327069474,2.486244712458197,1.5984261676085056,91.29391115943736,0,normal
4030,10055.78512925182,245.5748708224361,2.4356228164837352,2.155556444589072,90.14350038173065,0,normal
4031,10043.532970761862,245.39522697258863,2.33483154020633,2.2680485298519177,90.74945196219458,0,normal
4032,10043.993370338078,246.1735951910053,2.473612599729288,1.3081786143781466,91.1345314490276,0,normal
4033,10034.683803830983,244.5560002755582,1.9340786914994028,0.8034049744341839,89.89780060374692,0,normal
4034,10043.95746325159,245.7594911397168,2.1934571027122707,1.675111981771831,91.00262238983376,0,normal
4035,10051.90825312079,246.2389003180967,2.13528980016245,1.548577936496773,91.02148443012987,0,normal
4036,10048.825127165015,245.93302910361115,2.581358515400769,1.805910232028324,90.33306195053754,0,normal
4037,10044.243861667996,247.30499971479347,2.2778012206501352,1.566620182437685,91.04235100278514,0,normal
4038,10044.346424855648,246.7917506411819,2.540758133625782,1.490959393634299,90.89289044504726,0,normal
4039,10040.11555109726,246.0715093228333,2.49509921011144,1.8029480488526903,90.27555252326025,0,normal
4040,10043.681469796466,246.3585098212077,2.230747816200179,1.8344903552992105,91.31293378112056,0,normal
4041,10045.580497624189,246.50186009959685,2.300091130235581,1.0261598973977384,91.2539490219196,0,normal
4042,10032.760928056232,246.6753854482838,2.6894763896819533,1.1841199773643278,90.6719386964395,0,normal
4043,10041.423772196804,244.513810260412,2.2877698432524074,1.383111769005089,90.69922001345644,0,normal
4044,10043.668887356618,246.10678853615804,2.47888648120655,1.4287355520588814,91.1432662288346,0,normal
4045,10036.00849016246,244.9941589657635,2.307316742075704,1.3145647225707062,90.66134826058968,0,normal
4046,10040.660964905892,247.8285706972809,2.409787281188404,1.4945332252210817,89.77769513664569,0,normal
4047,10050.30048859044,246.5625117837876,2.470916850825452,1.64378614506464,90.96801260606152,0,normal
4048,10034.771634234485,246.5044425185372,2.3299473355656564,1.8412408894369987,90.29923730361912,0,normal
4049,10036.32248597538,247.6703238072601,2.299586596615077,1.476383255521528,90.49219748729824,0,normal
4050,10029.724832266536,247.2728848260776,2.552857070645413,1.0241182665392956,91.3972376376726,0,normal
4051,10033.37719897342,245.800218801646,2.32934258950628,1.2115627740535342,90.5824296262038,0,normal
4052,10033.82487969363,246.93746965862084,2.337600762425662,1.2079971274575243,90.63133789931132,0,normal
4053,10031.547159352493,246.7539263631485,2.3121147766975065,1.3587145705956092,90.86629259075464,0,normal
4054,10024.520839865734,245.42644308684945,2.483287374886665,1.2934087984378908,90.8450533012226,0,normal
4055,10029.694532227077,246.5637139531889,2.685305977093488,1.7636540904403484,90.11365558372007,0,normal
4056,10035.014243721758,247.15456244269268,2.7943268880174204,0.9806242571678075,90.5239160227962,0,normal
4057,10028.984213205144,247.3083291349029,2.343060757956228,1.2040393656692476,90.55289695161436,0,normal
4058,10030.58606660118,246.0272565980208,2.912309391556113,1.7635839533516302,90.65153606143086,0,normal
4059,10023.623589487424,248.74835773163383,2.2741037515506743,0.8492134113227623,90.64078395720804,0,normal
4060,10027.588188372009,247.58275450768005,2.683364554749054,1.035002806848305,91.77049435788652,0,normal
4061,10024.262680354524,247.8115020873224,2.3127592915757726,0.6737845198065727,89.8693969379752,0,normal
4062,10017.137154888496,248.26457248380743,2.2722151522966327,0.9468037529878032,90.92787998083762,0,normal
4063,10022.507491781806,247.16669082555103,2.2856340317703845,0.6522116539444138,91.00998563807276,0,normal
4064,10014.977490190244,248.5027773524733,2.411194943223872,1.1636185954225848,90.64511145711066,0,normal
4065,10015.790665301916,247.7717824386092,2.523724145788008,0.8563109449269711,90.05394363609027,0,normal
4066,10018.918905890823,247.33545168161825,2.5267294356524075,0.4933022231228599,91.19177930222108,0,normal
4067,10018.473886187829,248.89937201479736,2.1880032564651253,0.9872013473321666,89.24376186404848,0,normal
4068,10010.055204209782,249.91215528729109,2.1619710290806635,0.7493790082121696,89.97839398209446,0,normal
4069,10020.283396982002,249.24049949539105,2.158778205175755,0.9411471039403,90.8861104611332,0,normal
4070,10016.88409977421,249.53443009262205,2.30118303394263,0.2702352295193356,90.09542556594288,0,normal
4071,10009.50962406612,248.18715972697092,2.261962297818308,0.6838608495723436,91.05889758728358,0,normal
4072,10004.353236807632,247.20702527705384,2.093738005249344,0.7633796888026871,89.48492084345838,0,normal
4073,10010.32332833413,250.39211532707083,2.316764230524798,0.362049384254598,89.66490607761673,0,normal
4074,10007.823718323974,251.05426468736232,2.693770675585011,0.0686071407934625,89.93524965280213,0,normal
4075,10009.623719506975,250.6407286514581,2.1181242271161045,0.3906693907932666,90.3898599832025,0,normal
4076,10006.246108450192,248.860668837661,2.1096278065969503,0.7280670987955955,90.05022375992938,0,normal
4077,9997.027275824044,248.1406747442398,2.2850346130767343,0.6535688361233372,89.89609157627417,0,normal
4078,10004.124987357938,248.32876255844792,2.037678503241124,0.1431342433301994,90.83153265653812,0,normal
4079,10003.540181748627,247.81009107577583,2.2592005939325217,-0.1576342984920231,90.85808803377394,0,normal
4080,10007.237630858855,249.48602587589608,1.957351638300588,0.0533614281226008,89.87419663184593,0,normal
4081,9999.578968863763,251.2988259360858,2.442883985421336,-0.0025683706624269,89.2065154410716,0,normal
4082,10010.463675111356,249.6513515665458,2.1206238323336803,0.2270443717591805,88.96266412029615,0,normal
4083,9991.512226470457,250.19528611074188,1.902743876723312,0.0166615050887797,90.14105364186445,0,normal
4084,10006.626287149917,251.3685519999621,1.884022898132204,-0.222809030878387,90.32938680432746,0,normal
4085,9997.948868198797,249.6888543669816,1.87400965679404,0.289454576508301,90.012908153853,0,normal
4086,10002.368493760108,252.22843860005744,2.2263859737785023,-0.0446535206628595,89.92595733442742,0,normal
4087,9997.46987610534,252.2848818550739,1.6732726570169243,-0.001035425008192,89.5391460663539,0,normal
4088,10001.76923856252,250.26143930205936,1.7688037473016442,-0.6939161057760658,90.24891911460476,0,normal
4089,9993.135636107612,249.9146225548616,1.7656731618281043,-0.9483015249351244,90.740541608057,0,normal
4090,9988.580821603771,251.28880418724657,1.8507857949648023,-0.6966884814096818,88.77303963592544,0,normal
4091,10000.178515567988,250.343213901744,1.775984680343798,-0.4537515935521878,89.82276928823883,0,normal
4092,9991.511353699016,249.63308004427407,1.5086686781781655,-0.1805669706671265,89.3564009638617,0,normal
4093,9992.190104211042,252.1694544883668,1.7041399471520202,-1.0997149446149803,89.0764132398315,0,normal
4094,9996.260518089026,252.202888521132,1.741924213003074,0.0376049382729711,89.23674723498384,0,normal
4095,9983.932420300098,251.2397834733285,1.6145399384847043,-0.4318944746565157,89.97168035805362,0,normal
4096,9991.076179761794,249.91880415725564,1.8564892250847096,-0.1173546612029514,89.96445560426754,0,normal
4097,9984.156970371863,250.0490670493763,1.8826924532101152,-0.8331401968537038,90.472272763671,0,normal
4098,9985.45460560138,251.48223555835023,1.6635628839227592,-0.4575866289232787,89.72669982116476,0,normal
4099,9985.487243875135,250.9709982205886,1.7065797300398908,-0.6240334381881213,88.82340616602951,0,normal
4100,9976.636623812294,251.2250509800238,1.2103400466462635,-0.4445493421180205,89.5636698912026,0,normal
4101,9979.257018190212,252.682755287614,1.5413039608591117,-0.7996348420207319,88.96983453197836,0,normal
4102,9988.92172301678,252.48795537565584,1.8103981165071303,-0.6265185662960027,89.03992922788328,0,normal
4103,9985.614252997324,253.22620077738344,1.5096319365354254,-0.4761186476793203,89.91394547029124,0,normal
4104,9979.888919322062,250.94997771356284,1.4327663835012363,-1.0396982007274829,89.7011327969712,0,normal
4105,9980.438534427343,251.6891759938073,2.0227052041793563,-0.8084802582726202,89.87824114041327,0,normal
4106,9976.77458222365,252.88230296358083,1.9190134132435817,-1.4835274359466455,89.38616947140079,0,normal
4107,9984.053764700422,252.66150401456363,1.6378552873456755,-0.7416077058400921,89.94068173713832,0,normal
4108,9975.296410798042,253.8350251208109,1.7624036687249776,-0.4002926368313855,89.3192620245952,0,normal
4109,9976.487080226298,252.8114794816062,1.0808789081865855,-1.393467046845562,90.06489881168359,0,normal
4110,9980.09018375741,254.32639357205505,1.3611847372021917,-1.080077389548019,89.65952013046973,0,normal
4111,9969.507902858872,253.1046526811761,1.418535496020925,-0.8200980743864278,89.36439677041973,0,normal
4112,9980.226093953794,253.712126918788,1.4603815246621568,-1.105420930827699,89.5546894827142,0,normal
4113,9963.81998549302,252.4107091677052,1.4058700137109998,-1.094916729320977,89.42051550034725,0,normal
4114,9978.6635004547,252.8316823164739,0.9913749276426704,-1.290316924439852,90.2083590536392,0,normal
4115,9967.697857583227,253.81038357805252,1.5773527675867558,-1.328977628916432,89.51394352134916,0,normal
4116,9967.396731318797,254.5933016774184,1.6088956974726851,-1.2529746623487656,89.3713981649612,0,normal
4117,9958.21230270828,253.78925269908268,1.8218109856174367,-1.239795265957543,89.23400164275849,0,normal
4118,9964.443742221272,253.05531225528367,1.3462818921094777,-1.6309323649028915,89.75594642578574,0,normal
4119,9960.577373597678,254.593031982428,1.3336635135697563,-1.3193611122172342,89.66948479458301,0,normal
4120,9961.800287301452,251.0996449863954,0.9766821512444012,-0.850879353476862,89.15984956541006,0,normal
4121,9963.217593093676,251.94399922537465,1.4601666330177403,-1.467875485435478,88.70026220114102,0,normal
4122,9967.762344444414,254.12113158614787,1.706505857883683,-1.7327998232691362,88.80848365825184,0,normal
4123,9963.084344208992,253.52549360124505,1.4125174751070697,-1.4253107607618687,89.14884527926866,0,normal
4124,9962.661447134558,254.18738227134827,1.9733101372753736,-1.6112905917556,89.89692503041059,0,normal
4125,9954.726091000106,253.71532681819772,1.5041905423391388,-1.814172981682333,89.07898544426321,0,normal
4126,9954.88452117114,254.2894553468714,1.5969072970252454,-1.385412273495122,88.88870402740032,0,normal
4127,9967.370591522646,252.97020983349464,1.307968557384246,-1.6534554508891746,88.28717967199346,0,normal
4128,9953.793798337478,254.41968794818683,1.652161884509956,-1.6396968809951171,89.90616678802704,0,normal
4129,9964.847934836194,254.9066659685112,1.2139954928731356,-1.4168592516770984,89.41585194450887,0,normal
4130,9954.453020920562,255.19428677401783,1.7647158274041903,-1.9321281792777243,89.51137152330227,0,normal
4131,9954.78563306511,256.04718575303275,1.7879135208277253,-2.002610171768953,89.57632789365256,0,normal
4132,9959.236408197943,254.3360117913816,1.932830064005592,-1.2855090689250075,88.9953265335564,0,normal
4133,9959.359045022216,254.4224696134404,1.4757693229320583,-2.071314264774249,89.10228697512426,0,normal
4134,9951.565220629402,252.68037187303617,1.7314672034495124,-1.789018193375877,89.78668663959193,0,normal
4135,9949.30255671322,253.725437385,1.8324612612492712,-2.038571133208518,89.11466588427609,0,normal
4136,9950.093533870417,254.115368478303,1.82919805576807,-1.6457159442633864,89.30122536729255,0,normal
4137,9951.19725053142,255.4086485479815,1.589373662465723,-1.3713633252648747,89.42542461640548,0,normal
4138,9953.103357313475,253.79546304152305,1.3063227214561737,-1.4646358086695714,89.2944024437939,0,normal
4139,9947.812499436286,255.24917682835485,1.8769348307544744,-0.7779830178419254,88.89174241769305,0,normal
4140,9950.035513715096,254.4958066592829,1.8003475505675273,-1.165332301147289,88.92187972309264,0,normal
4141,9954.28791881756,254.3630529173862,1.741240875680669,-1.7652741277149624,89.31074262211209,0,normal
4142,9947.163096491822,254.83009163001137,2.031455061837935,-1.838225826501545,89.2931323985773,0,normal
4143,9945.98071528435,254.22918549901988,1.8940763481235576,-0.6589543965909471,89.47256531959626,0,normal
4144,9935.99935716129,254.2286007584299,1.663857810735872,-1.1427168655794429,89.14742671738972,0,normal
4145,9929.617361446875,252.98828524288072,1.56622364929717,-1.273890032561377,89.15372304941643,0,normal
4146,9943.895714472546,254.4786729176052,1.7516574299188117,-1.4161522856164654,88.61596003313572,0,normal
4147,9940.668342933412,254.27832436721744,2.4810448807766994,-1.3431636236343107,88.53227452626042,0,normal
4148,9937.763064683211,254.2720736588879,2.1719840107052097,-1.8551717392321896,89.19705489833144,0,normal
4149,9940.755109299158,255.23277468767844,2.090068801053756,-1.3474982686674009,88.50365663155632,0,normal
4150,9938.441966056467,255.50045425829143,2.0408009853914733,-1.3560458087432947,88.76452919249063,0,normal
4151,9943.595537930332,255.0980008261904,2.052248628252149,-1.6302225084335664,89.44864435402893,0,normal
4152,9937.6060472778,255.88325927039256,2.359506193264364,-1.5008814280542926,89.35379500490262,0,normal
4153,9932.666015168848,255.48348869170687,2.051972526725693,-0.863907909690157,88.87890704728255,0,normal
4154,9940.582961330529,254.6309901567361,2.289125284735554,-1.3339641137996323,88.56457281279778,0,normal
4155,9933.784410035882,254.47933928863372,2.1272708775088525,-0.6518443739704111,88.6357118530405,0,normal
4156,9936.74719704304,255.26919022658663,2.6077107703067,-1.7710379324456085,89.11612034302138,0,normal
4157,9930.978496801514,255.5423250340815,2.390311037624858,-1.37998762773859,88.64906136792648,0,normal
4158,9929.374116002227,256.37660480864776,2.5125340838299293,-1.6609456764752817,88.37332381208915,0,normal
4159,9932.308529296688,256.178144686175,2.167451731125244,-1.5319253813781235,89.2456411411192,0,normal
4160,9931.22308025395,254.45171505218192,2.516161187609015,-1.3888447811488325,88.71397881028929,0,normal
4161,9932.83620515247,254.8954009873675,2.2614575827347267,-1.016048337871377,88.3201134890168,0,normal
4162,9928.37893038352,255.6706453849424,2.364609371370748,-0.9998520288926708,88.83391327746769,0,normal
4163,9919.832477131173,256.0678458862423,2.687384951885995,-1.2519737934181614,89.06589472759673,0,normal
4164,9926.149622045275,255.93703823246727,2.16869266672424,-1.6838700847666497,88.06243329687051,0,normal
4165,9931.588967803247,254.93041242564485,2.433826561921619,-0.5386519670422647,88.45217055267413,0,normal
4166,9925.44661702776,253.7344914512476,2.495724667172788,-1.0332351575832803,88.41532826468531,0,normal
4167,9925.02250895722,253.9818062335017,2.526050994945705,-1.247086016469402,88.75123210228759,0,normal
4168,9930.514611541088,255.2436123995029,2.344764817985833,-0.7935920361674625,88.82765874166108,0,normal
4169,9921.358607582111,255.3014524147688,2.8639590567964723,-0.777821619430562,88.2226325187284,0,normal
4170,9916.547710424102,253.84681178745905,2.1983878466456512,-0.8982868271742753,87.73885894235333,0,normal
4171,9922.809397478832,254.9743469668064,2.758676091155657,-0.7185320186682386,88.98815043882891,0,normal
4172,9920.550148562395,255.54331606269963,2.718269919885683,-1.070520980485594,87.89944773108421,0,normal
4173,9917.505954796032,253.74121462684283,2.862604447538318,-0.4563073184565607,88.58233583041789,0,normal
4174,9920.834228408105,255.97583115349448,2.170745345245165,-0.9429946360162093,88.36823196438658,0,normal
4175,9923.550412039322,254.4697472018333,2.31936782021446,-0.7846792427672648,88.50307962866376,0,normal
4176,9920.4360947566,256.0793970149621,2.795033503955208,-0.3668989731081334,89.23526773714222,0,normal
4177,9921.415048369205,254.26090835933053,2.123506481944648,-0.1583776525645289,89.91674366692635,0,normal
4178,9928.352798858616,253.7383945445452,2.178644927457831,-0.0013912220294582,87.56899650162147,0,normal
4179,9916.985054775218,254.2756363154323,2.4020479637116585,-0.1175129922508063,88.8659420593266,0,normal
4180,9919.513010960538,254.60548501383545,2.536632078607507,-0.4882121923724807,88.28430146940748,0,normal
4181,9915.005207483617,254.2771328711995,2.8139568116145948,-0.809686666310814,88.87495274278855,0,normal
4182,9912.75772701034,254.4127248145523,2.4544985684658966,0.1180663373752595,88.8184220502851,0,normal
4183,9913.511539634112,254.92395341517707,2.364715253022765,0.1519579504631427,89.03359396162311,0,normal
4184,9913.497193657591,254.3782349909728,2.5422367469450675,-0.4164108918544599,88.46030218788535,0,normal
4185,9917.151684948192,254.4409083569992,2.5662740858939515,0.1061647876003761,87.86229787673163,0,normal
4186,9926.571468838083,252.75359799372305,2.551818142522941,-0.2250659785810321,88.76034654244641,0,normal
4187,9910.726173987356,254.8085409806569,2.418029641329892,0.3698625709081518,88.34512661144673,0,normal
4188,9911.712135194284,254.2798915603802,2.051532534004825,-0.1900152836002971,88.15898362688016,0,normal
4189,9912.977137612424,255.9298921522908,2.246843288918963,0.6030361085480338,88.0277431132071,0,normal
4190,9914.777908529622,253.32881053621512,2.7011617416591864,0.290264997712755,88.75914607027401,0,normal
4191,9913.631549989845,252.4071496132602,2.4402197984803564,0.6386314157126431,89.04796066460509,0,normal
4192,9918.257925091146,254.77889655220892,2.32299326809307,0.0050784858265093,87.63907264307825,0,normal
4193,9899.23795214198,254.4510739173648,2.59485454019384,0.3104464663037081,88.53837437113259,0,normal
4194,9898.976592451823,253.0381909552604,2.1279927839015835,-0.0572962873574512,88.0320312433447,0,normal
4195,9907.982089052472,252.4573335018912,2.290856907581198,0.5310240119920256,87.47559339915445,0,normal
4196,9915.507172737362,255.4633428888609,2.3445489979183707,0.5916294346578677,88.27426634637436,0,normal
4197,9901.760621386573,255.2773499239468,2.209000270581203,1.0848241851689675,87.77520834079719,0,normal
4198,9894.127930629587,251.31153090549304,2.296963755567154,0.5537998631528076,87.39444523266103,0,normal
4199,9911.608303457684,253.27499322138868,2.218115940632189,0.6695188575048101,87.78417789241949,0,normal
4200,9909.56613132695,255.3301436551504,1.9539906496142043,0.3537371255595385,87.6530699452118,0,normal
4201,9902.501407095391,253.12115806054845,2.2477748414456347,0.6996502378548447,87.83570555605607,0,normal
4202,9902.638559725116,253.03643856197445,1.9229003246392915,0.4650357744905111,87.48838311609757,0,normal
4203,9902.34059102708,253.1727108727549,2.1983137973316222,0.655007012040032,87.94621613819194,0,normal
4204,9907.374319100849,252.2616104889914,2.41622513561161,0.7132909481014242,87.77980828622762,0,normal
4205,9903.331716778894,251.6034160230212,2.061047108507387,0.5953374548703728,88.31707280176899,0,normal
4206,9908.584616993749,254.28510014987543,1.85851583084302,0.7593742343680048,88.41905544117661,0,normal
4207,9891.501556815438,251.3126840267489,2.04274362026454,0.6666975513684216,88.2455680909884,0,normal
4208,9901.160245987872,253.3246982726625,1.8769053698881413,0.7034608567575169,87.99116787733348,0,normal
4209,9899.493506163182,253.884581271172,2.13725157419967,1.1777380947002378,87.9712617215086,0,normal
4210,9903.53083077344,251.4661512766353,1.9637563414605428,0.9439520896431742,87.67771318960038,0,normal
4211,9901.82057223768,251.91131805793125,2.310327669901216,1.0312350415664775,87.68371889089764,0,normal
4212,9908.207855633758,253.9658403371308,2.1760729132880643,0.5248765509563571,88.43617466872497,0,normal
4213,9894.63935663664,253.2015265294212,1.8881001509175903,1.1231925067009123,87.19886951057353,0,normal
4214,9903.890507953149,251.966255344428,2.0372824901084567,1.1884725995761531,88.0328985422734,0,normal
4215,9906.19137637877,253.699662914807,1.7912223625699126,0.942108185283123,87.90622935447365,0,normal
4216,9912.429235086816,253.6168235627728,1.852695247442559,1.718427509535768,88.36248600876753,0,normal
4217,9900.493157009329,252.591250377208,1.75003641721877,0.4364757089939534,87.34553374558473,0,normal
4218,9904.289978567747,251.33301845308097,1.9524779338646128,1.3878684668892132,88.05959406366264,0,normal
4219,9893.423803414697,251.7298177325481,2.063149811206153,1.3946769808551946,88.22035451822973,0,normal
4220,9890.268523794432,252.3388836570426,1.9142057145129967,1.3705249598978224,87.09220048700796,0,normal
4221,9906.247141221438,251.7723115896081,1.9174009924932816,1.2870412693875144,87.50330140041973,0,normal
4222,9901.80022999224,252.8074887662364,1.8968252856204164,1.42439795547392,87.99066570580321,0,normal
4223,9907.535174142467,250.2456352894163,1.802394012208194,1.5435303137938965,88.28992566768666,0,normal
4224,9894.60001113859,250.1873134819076,1.4449793080689,1.0880402227204595,88.12059016722509,0,normal
4225,9903.900804386372,251.7679431555208,1.994542294230752,1.4171188747582255,88.30625300024947,0,normal
4226,9910.489520785122,251.00038785563905,1.997605556135669,1.2927242911561794,87.48322237532776,0,normal
4227,9903.097982892328,250.7691471271401,1.5732308729140525,1.0387351229134292,87.22561392214682,0,normal
4228,9902.24628561865,249.53184403537435,1.530100398433663,1.599932847764952,88.05952046469228,0,normal
4229,9900.779995314546,251.22263166908783,1.7119446938986131,1.232143730175775,87.40006767910144,0,normal
4230,9892.766570640317,251.05303456774087,1.6858734424787287,0.9675030452705043,87.57975839549499,0,normal
4231,9907.29254343941,251.6615302080189,1.5226306756637966,1.2692611606695,88.47643275263033,0,normal
4232,9897.364039845965,250.9788157024637,1.3014159949708743,1.2041706022939354,88.10291633928321,0,normal
4233,9902.854351695249,250.678799882682,1.602083814481769,1.7639305285325315,87.72256625563895,0,normal
4234,9892.44033797222,251.8895744385267,1.6419007361975415,1.5115815720890122,87.65609443778108,0,normal
4235,9894.291759640211,249.300991319082,1.6686182328983994,1.8892562954343584,88.31424193769963,0,normal
4236,9907.308024427566,251.05048728690247,1.5863442493011,1.282165456367259,88.10863721645411,0,normal
4237,9898.349592113404,248.74338471641144,1.4565028906510378,1.7506403222636864,87.39444375000251,0,normal
4238,9907.315988371523,249.47643800713223,1.7049894841080158,2.3451938201333165,87.02708035327578,0,normal
4239,9899.63196008475,249.00228484467848,1.5160562017410073,1.6036903953693638,88.94136318392091,0,normal
4240,9890.79712450933,250.8969406289974,1.4078418502286698,1.7576019319151508,87.38889265482362,0,normal
4241,9904.460450622191,249.9495979784896,1.4638834014689477,1.7080400951136203,88.2638505041207,0,normal
4242,9897.054150189571,249.90150908294683,1.1512576005772437,1.0728898351757186,88.75541870173608,0,normal
4243,9903.510554556244,248.70831744920105,1.4656889827531214,1.6734358002251597,88.07414099418975,0,normal
4244,9900.166661742302,249.41546902774752,1.6427549894295237,1.5864578643024498,87.70059380985839,0,normal
4245,9892.358509036789,248.8519232383139,1.577191700778792,1.412082142216583,87.28845748268219,0,normal
4246,9900.939059281967,249.8992234138752,1.8187619985172427,1.2189399289540075,87.28234644094229,0,normal
4247,9911.15217460271,248.42525080727137,1.4686414230018776,1.6851546617130615,88.19176860217713,0,normal
4248,9902.699447432273,250.6469433068309,1.6265029399499178,1.1767182521023771,88.730178464269,0,normal
4249,9900.020359087774,247.54264862234348,1.6965693980952352,2.098691243440843,87.80842940870376,0,normal
4250,9905.768066697829,248.3131020678005,2.016728525985475,1.4816938357799718,87.72996676268613,0,normal
4251,9901.53805463132,250.6985673780144,1.5883753559193985,1.0679939439946602,88.35843479151167,0,normal
4252,9901.635697519723,248.4883645280818,1.3629511701982513,1.267038731835343,87.6687869004158,0,normal
4253,9895.243155685235,247.5111916039716,1.7548110103941796,1.322769852927001,88.15126708473485,0,normal
4254,9901.9937066417,248.94817837948628,1.9728441055090733,2.11363019544856,88.03739005529782,0,normal
4255,9906.13478603226,248.1572594636348,1.550662811803598,1.1069967284232696,87.8144173497145,0,normal
4256,9896.92026478767,247.7008732602185,1.7998246493048722,1.3187294032466208,88.01424243159515,0,normal
4257,9908.375951112426,247.3455497981093,1.894710527655415,1.1722490972593422,88.90664549744885,0,normal
4258,9900.957712914,251.1150947185809,1.870612005322632,1.4621780320579014,88.330591332745,0,normal
4259,9897.150024799112,248.00113100632908,1.7113764103815112,1.133457268583072,88.57802784926407,0,normal
4260,9906.759503094238,246.23377624327875,1.5664199384474504,0.9247661661743228,87.5760796737327,0,normal
4261,9900.52966466765,249.5604502977324,1.7104433249129225,1.1832159160346611,88.58724079073062,0,normal
4262,9905.963306975194,248.5859816569608,1.839686979298149,1.1261897208894316,88.36282488848978,0,normal
4263,9900.918819413111,247.1174245426521,1.951508998870326,1.011443819509053,87.29775420320843,0,normal
4264,9902.30012405079,246.8605985222036,1.859126328093773,0.9995131588777558,88.32188046205431,0,normal
4265,9905.2984379775,248.3778995278048,1.739347598182954,1.4875591773976446,87.79997567071919,0,normal
4266,9904.526221286496,247.36913572361388,1.9498585765647145,1.0062036862631638,87.2885328818081,0,normal
4267,9893.344868884633,245.6026570987092,2.034656072153304,0.7308709255257235,88.13133842190162,0,normal
4268,9897.97676854142,249.229444260892,1.9627608139748944,0.9004939828509959,88.34118104036916,0,normal
4269,9908.500138241778,246.9228062973823,1.744083967931663,1.0225138717965665,88.15286580067874,0,normal
4270,9903.472121060291,248.7680182054455,1.8997444223831808,0.5715111610183281,88.02808678767313,0,normal
4271,9901.803449817631,248.4676221213392,2.150453925705893,1.425489230800149,87.9231494574006,0,normal
4272,9897.928096291607,246.10604260095872,1.709248104977012,1.162429613898658,89.32771333202867,0,normal
4273,9899.630672621886,248.0592641324424,1.5922133220150445,1.294855642281063,87.50930239030099,0,normal
4274,9895.23824587426,246.2948433714943,2.337435639623242,0.9463111403931151,88.54340577266002,0,normal
4275,9905.168185523584,245.0010184327485,2.1629827346801864,0.1626866017604186,88.12120326778634,0,normal
4276,9903.019183719693,246.36580682235385,2.2067745806638133,1.212807422967639,87.69299417931843,0,normal
4277,9901.52461345769,247.1120122541864,1.894580554958307,0.4538713354350457,88.10295153293806,0,normal
4278,9906.372481243472,246.1769220747392,2.2816901292844305,0.4383787559824293,87.4377956485919,0,normal
4279,9908.897825592692,246.2592384438428,2.2131394296026823,0.6794195723319576,87.84381424536514,0,normal
4280,9917.918128293915,247.63785433123263,1.8647342101185007,1.00490900597636,88.12557560973954,0,normal
4281,9900.276142438504,246.53018600607365,2.489512537403224,0.8658119588652541,87.38115266142684,0,normal
4282,9914.025102023516,245.5112279294844,2.258937115078808,0.7796011153118769,88.41775520538434,0,normal
4283,9913.49551898663,246.98884892032035,2.169960370143625,0.3716027131447627,87.69071970317532,0,normal
4284,9905.14549878195,246.41827174254388,2.194933114027424,0.3238840165782266,87.45495877056989,0,normal
4285,9910.477189376996,243.63428066420263,1.888164395234761,0.4825848990469743,87.64901132416712,0,normal
4286,9907.6019443062,246.5210652640708,2.4298259390620864,0.2960751744645554,89.2857792919755,0,normal
4287,9911.256665317658,246.42293080561345,2.382702168899972,0.5578848630792477,87.21753237737687,0,normal
4288,9918.320956448297,245.99120048131903,2.3098611545135013,0.4958558933659949,88.43356757201035,0,normal
4289,9914.259333905646,246.80436870118976,2.621849164634873,0.3797319716314984,87.84880791934015,0,normal
4290,9914.239222765626,245.18349818243053,2.1059400718902563,-0.6001319109497821,88.05885953223039,0,normal
4291,9910.01834276498,246.1372727902541,2.278960552584067,0.1512380008008251,88.5453632516352,0,normal
4292,9905.232097443291,244.18037449975253,2.2429209888925,0.0352687958684943,88.53045697277777,0,normal
4293,9912.101265807512,246.10268613355552,2.370739144323588,0.0733549811275407,87.92252392762337,0,normal
4294,9919.676559293766,247.5986390292421,2.452501622527916,-0.2483484014745075,87.59395836707226,0,normal
4295,9906.516226471917,244.6024482749884,2.536422509024363,-0.4644652491200989,88.59411180194758,0,normal
4296,9909.39375087128,244.7909888086692,2.391311485490141,0.0269939239064813,88.56957255074795,0,normal
4297,9915.826201359756,244.79604143526817,2.2943698754201174,-0.2636554141895089,88.16141249917763,0,normal
4298,9910.805734163832,245.59311855879432,2.815002900877459,-0.0290334416058085,88.53555235366558,0,normal
4299,9912.30896329094,244.358962206348,2.9668957828102704,-0.447210690262854,88.10251687004259,0,normal
4300,9914.704532828498,245.8039551436707,2.5187801453550165,0.1345631040901003,87.92293173222541,0,normal
4301,9910.553701604924,246.19210385155785,2.343096752324074,-0.033903176896095,88.34961686307803,0,normal
4302,9913.078704035815,245.84402909302665,2.792637792128076,-0.2888862609058313,88.61850263588373,0,normal
4303,9922.042182492158,243.50756049213044,2.210046076547944,-0.4852925658433346,88.52512599294062,0,normal
4304,9912.5720710662,246.23932716776952,2.433045131103347,-0.2085758798457063,88.63675973958544,0,normal
4305,9911.71152541461,246.1516127744956,2.360128944910477,-0.3891088626219033,88.01372828509712,0,normal
4306,9917.150757143618,246.01640682826584,2.265549683394794,-0.4774164631483445,89.19695820320487,0,normal
4307,9924.568625353422,245.53301323788813,2.4383130022924697,-0.2777565535022989,88.24698652914812,0,normal
4308,9920.54011364978,245.3562217038244,2.317108951247532,-0.2037482721975075,88.37103662805697,0,normal
4309,9919.82553961041,246.14622871032452,2.4868751748574205,-1.047956920446862,87.78364094541085,0,normal
4310,9923.001746390417,247.01711412150783,2.482970022044108,-1.0272682790536911,88.35867146990815,0,normal
4311,9914.690644580802,244.1222839865744,2.3452649625110737,-0.985509856566664,88.73450250332775,0,normal
4312,9926.539597374242,246.13714346632736,2.3862517708616884,-1.240761372535449,88.86257668845367,0,normal
4313,9926.637724952465,244.9584709200114,2.403857137207226,-0.8467499279642638,89.27538136450234,0,normal
4314,9923.336015997336,244.9026669721994,2.600543798661878,-0.6850367338213237,88.76776861526902,0,normal
4315,9931.081651181146,243.4854483378108,2.3963401538143216,-0.907864952868764,88.65949717034313,0,normal
4316,9921.091413117265,244.7288197646584,2.5773529865585383,-1.0972325161827132,88.31143031648341,0,normal
4317,9933.052630617742,244.0099688520322,2.5149310226707566,-0.6337720226998838,88.21739150891295,0,normal
4318,9928.87700464984,244.5390010562282,2.4964361389873813,-0.9633812821899512,89.04721498377134,0,normal
4319,9927.120413529316,243.9022895688676,2.6431056413342646,-0.9355872407450564,89.05159870544361,0,normal
4320,9929.409568081734,244.5511877752037,2.124151068223274,-0.724211053465581,88.05167237474711,0,normal
4321,9929.685421257018,244.59560591023487,2.235015527958104,-1.1384900794812975,88.96598284529821,0,normal
4322,9937.042946163005,245.1020905372888,2.663110855632983,-0.5134979875311587,88.94402247931622,0,normal
4323,9926.284828427686,243.39620290730824,2.239010775749642,-1.2949330923624691,88.07646003879371,0,normal
4324,9928.589153374083,243.57304732497624,1.7067462842670462,-0.589186060334745,88.91826339379092,0,normal
4325,9938.323549303665,245.39008495396675,2.2078000129377835,-1.5079033735066,88.13806746712515,0,normal
4326,9930.91133118167,244.24232644211733,2.2533833920761523,-1.0860557928185894,87.46313363331507,0,normal
4327,9939.14525330286,246.1278722534093,1.6804087962227836,-1.4587622717224484,88.61280055147799,0,normal
4328,9943.8998855766,245.29416868624648,2.4475450089562303,-0.9536948264777454,88.83696146585858,0,normal
4329,9934.160307947805,245.69318999015712,2.0144900489095603,-1.4554359632686862,88.66585025920865,0,normal
4330,9940.349055154844,246.5166143994415,2.199026825955155,-1.2459256620492567,90.17239827903336,0,normal
4331,9931.953048277825,244.8176630721988,2.0638663390051977,-1.548370678056384,88.94385580830797,0,normal
4332,9942.28067013455,244.5762879690528,1.8268682095681044,-1.0908437912128448,88.84371098253361,0,normal
4333,9940.295766782228,246.04781767600625,1.8457014096100188,-1.586305267972493,89.00076858870291,0,normal
4334,9942.461551555907,245.7128985599217,1.847901535933246,-0.9008734547188836,88.58126770070206,0,normal
4335,9937.672203391803,245.045243173803,2.2270802746641003,-1.7197498453689846,89.28274080608642,0,normal
4336,9933.4042602254,246.6551268452542,1.955441185263597,-1.8384131341872376,89.01469451915325,0,normal
4337,9945.041380161929,245.08441443243063,1.8556162697338223,-1.1617420252314905,89.00808824870988,0,normal
4338,9933.029294050852,245.36430351759148,1.748208146416942,-1.635881241500491,88.55486608483152,0,normal
4339,9942.58641264891,245.3894909944376,2.1496626705249984,-1.4704273933262813,88.10129813897792,0,normal
4340,9949.711512376063,244.47226554317945,2.1787994497979533,-1.5734752638370804,88.64941901634066,0,normal
4341,9946.80302905104,245.52487311702265,2.0987195867284854,-1.877803093282404,89.05818773556344,0,normal
4342,9956.428606524163,246.8862972186,1.936415387506056,-1.5130008894448936,88.71138812613184,0,normal
4343,9952.661123257907,245.97855879528777,1.872456136532755,-1.1149693868327355,89.09657513343367,0,normal
4344,9945.120016146686,245.6104938492773,1.5483284511147395,-1.1966995205859527,88.8516092233381,0,normal
4345,9949.385166587068,245.46527125357025,1.7198991773058934,-1.42995148357133,89.20026173606946,0,normal
4346,9949.875912872323,246.0072628012805,1.610415172140706,-1.1663080760614295,88.51384326476325,0,normal
4347,9943.071037947338,246.47724902354508,1.360840901480561,-1.8169935025316848,89.11608344122394,0,normal
4348,9947.153984327648,246.3895167982033,1.916793116543945,-1.5945744660007668,88.7166425050257,0,normal
4349,9949.93104588316,245.50289651030008,1.5463959383511765,-1.3746497820057344,88.28555553729583,0,normal
4350,9943.437345887338,246.215692410956,1.9057137354602065,-1.527624857828546,88.98979190651816,0,normal
4351,9954.744151842942,246.42864358360416,1.824671573413479,-1.5563170045869534,89.85829247694272,0,normal
4352,9954.154110672129,245.00092234498536,1.7423418389931296,-1.8348987778462127,88.37870119398485,0,normal
4353,9947.932245798384,246.2373580635951,1.7371733206424953,-2.090216591895907,89.18563043129596,0,normal
4354,9959.21939533293,243.9704061225882,1.4760953005185369,-1.210243631153127,89.54275515176296,0,normal
4355,9961.68359056283,246.67837346961088,1.956291573888068,-1.371116525044793,90.31209987935974,0,normal
4356,9960.149484608935,246.92183417862609,1.5799480763852791,-1.160663344715235,88.93381975306886,0,normal
4357,9958.308155248424,247.07618396782783,1.6193822430569875,-1.548325462018562,88.88256962018723,0,normal
4358,9963.803897910082,246.00220620376209,1.4179558357229274,-1.6156045224557516,88.63358764505682,0,normal
4359,9965.169895279218,246.7763561555877,1.351443583411518,-1.383161745228331,89.80563403695979,0,normal
4360,9964.231740739737,247.96273245990665,1.6241969380971837,-1.1109746988188207,88.82018729320322,0,normal
4361,9959.501321549891,248.02540199886377,1.5644794465219591,-1.4175482972338105,89.08718944015362,0,normal
4362,9965.940684071957,246.65666868943512,1.3565425938137674,-1.0872419063992254,88.36668466620236,0,normal
4363,9971.471925143302,246.9006956767369,1.2213777573430145,-1.6081397822427164,89.75187635912275,0,normal
4364,9963.451668759946,247.9491172544878,1.2509556043086558,-1.3319759049093145,89.9078254214491,0,normal
4365,9977.868159403122,245.41549883363663,1.7412814774918743,-1.2807152916233349,89.77045678594138,0,normal
4366,9965.697218818534,246.6725532839123,1.3777630872830593,-0.8667697207472808,88.56384482909233,0,normal
4367,9969.437486772416,248.4117293681481,1.4322399624123583,-1.1462930053483362,89.68908455450395,0,normal
4368,9966.866174372164,248.1330588377692,1.79094723007124,-0.6575648485686096,88.56823685468191,0,normal
4369,9972.301084293233,247.60995827599416,1.2785541149111503,-1.5574372537925256,89.45271475330476,0,normal
4370,9963.43263091487,245.818801980684,1.360932591545194,-1.0848621114379446,89.5454135775528,0,normal
4371,9970.375325251222,247.3597341512182,1.357159434467364,-1.039712961812532,89.61720229396026,0,normal
4372,9968.609412534986,246.9057750939629,1.84033020319147,-0.8762148997709535,89.74871863705334,0,normal
4373,9975.713787544157,247.9137771893972,1.922404870896927,-1.2740053785881285,89.49672511431423,0,normal
4374,9980.978906219818,246.8614062706077,1.68224291121854,-0.4914911063015084,88.53891863048119,0,normal
4375,9980.208673128496,246.7339758970124,1.69797923689526,-0.9588663609308864,89.80713334825826,0,normal
4376,9966.094620355878,245.7846764413005,1.4357498228048675,-1.253939917495559,89.60786241376732,0,normal
4377,9989.139745081971,249.1620489855982,1.952925266601632,-0.8968563059105334,89.12727804066103,0,normal
4378,9981.384383220357,247.6320002456324,1.629728689668948,-0.9494236271054266,88.81346095977669,0,normal
4379,9977.006083699607,248.2812302626864,1.7606006669503451,0.0168388808882369,90.38778268100364,0,normal
4380,9982.656726007986,248.2149104256147,1.5836876414992185,-0.4650688101996498,90.25307199740595,0,normal
4381,9983.736355412751,247.24349178904544,1.5669879395877546,-0.7263717175667521,90.01008682965852,0,normal
4382,9980.507197047771,247.14631359766537,1.969953053039148,-0.7353962709834233,89.33867885703326,0,normal
4383,9985.818674144004,247.49515399755893,1.7629459307641429,-0.3764237560562999,88.43808404004011,0,normal
4384,9982.780896622233,247.87299109152656,1.96379519806818,-0.3214061940122357,90.09870474892428,0,normal
4385,9984.7870335123,249.0590177016397,1.7439206809486452,-1.4532949287795365,89.91952025644251,0,normal
4386,9984.369352317048,247.9934687333591,1.5432843824860645,-0.3451753096156463,89.5686838053804,0,normal
4387,9981.630515982237,250.6329362800254,1.617109202652859,-0.487442366282786,90.3382806019676,0,normal
4388,9990.51729982054,250.0113013427685,1.7758563540604224,-0.8464883338243439,90.21976111637068,0,normal
4389,9993.709880870316,249.8906208413184,1.6520604929774654,-0.1459860031306981,89.9037154178701,0,normal
4390,9994.353989540336,249.0610804572038,1.578521967790354,0.3072701188627833,89.85312064013468,0,normal
4391,9996.876207731348,250.79382585675452,2.063451229428716,-0.1557536384302548,89.88101548816329,0,normal
4392,9995.396014762297,249.1606334236157,1.7377893708119316,0.0514204643169732,90.2154562106618,0,normal
4393,9992.109041028629,249.44672011037872,1.89838050817368,0.306862831797032,89.46671519712274,0,normal
4394,9999.96986537815,249.7475073345084,1.954270328018507,-0.4389054486539904,90.12842248201238,0,normal
4395,9989.983258734936,250.379076086778,1.8019769727178936,-0.7023813133235666,89.47512145644815,0,normal
4396,9993.267112812402,250.4140104711913,2.234532417922382,0.0967974519810157,90.6236869803754,0,normal
4397,9993.949315609836,249.40191561576864,1.7458481390164582,-0.1296080858198095,90.24147060512668,0,normal
4398,10005.170565472015,249.4440348588152,2.046582303341629,-0.4225891300462781,89.65129157270694,0,normal
4399,10005.48421992768,250.7169284076834,2.068475905151571,0.0112087580641742,90.05570345915443,0,normal
4400,10004.206718695768,250.89222809755952,2.0333484356709364,0.2978895928562734,89.6085106601968,0,normal
4401,10008.129579972388,249.8835356577368,1.809653350584865,0.0798278656358593,90.80745503177698,0,normal
4402,9999.3729778793,248.78948323075144,2.26786334687754,-0.0667469988330175,90.88682582806284,0,normal
4403,10006.51145159966,250.2689890587938,2.2668317330440075,0.1468787378870124,90.44348136128852,0,normal
4404,10005.141211223803,251.1992742922888,2.0071503932543626,0.2525249586435547,90.89366995114172,0,normal
4405,10010.999524546984,252.48037838682285,2.3075404542514617,-0.2762722519649738,90.21120025498742,0,normal
4406,10007.186347020868,249.57594664938568,2.264388442849845,0.3036721746994207,90.53700564726,0,normal
4407,10006.8343316573,250.44596687869296,1.956174950674004,-0.0131770779712835,90.7875431829419,0,normal
4408,10012.459290710569,250.5814190861764,2.0638714381014487,0.6311021660754148,90.19222316459728,0,normal
4409,10015.130320505446,252.42452418719665,2.484086830417723,0.007960898900735,90.25054142204849,0,normal
4410,10008.401400308476,251.13124607408008,2.3394461560851365,0.8225320098928618,90.70169082636863,0,normal
4411,10012.430225236323,250.35586328245915,2.1851409447658647,0.4379586878133794,90.57796105465972,0,normal
4412,10008.434604185508,251.9183821329516,2.146000121926104,0.4392947570548879,89.8968057869738,0,normal
4413,10002.226333357585,251.0510014815761,2.233516233972291,0.7314611807102696,89.20091808326528,0,normal
4414,10016.707296041874,250.3266236432539,2.265757468865884,0.423673031474101,90.22633592639755,0,normal
4415,10019.736313619129,250.75298814064377,2.202632700824417,0.8068505659067845,89.28537864714453,0,normal
4416,10018.98724067157,253.4738956510147,2.039715047756961,0.5426868265485467,89.85802946446991,0,normal
4417,10008.912450149708,252.2174592486327,2.631343122823388,0.6337056884868801,89.93606169616942,0,normal
4418,10017.88749769012,252.0336731372592,2.611731654266916,0.9600182768217248,90.10851374134,0,normal
4419,10009.529527984154,251.7679120612638,2.1761744887697363,0.5337692755090363,90.82264440776996,0,normal
4420,10028.447232157094,252.4010402590488,2.470231658052112,0.5321860246448575,90.95081430274158,0,normal
4421,10017.14375368798,252.479369454338,2.273558385401357,1.021278309970766,90.70585089187504,0,normal
4422,10029.824087241772,252.5806648038663,2.411594429680842,0.9732120788907758,90.78719487192036,0,normal
4423,10029.2471053215,252.49178816538293,2.4036968786459862,1.065478147373713,90.81841537024587,0,normal
4424,10020.983041493722,253.33323776731896,2.394644292436628,1.1458370694507796,89.2613048695176,0,normal
4425,10020.787756075302,252.57405438600955,2.887161215605114,1.0964902190185013,90.53413245763636,0,normal
4426,10029.166574342771,251.6585014694478,2.403651148968996,1.2924663175600417,89.65006510463176,0,normal
4427,10024.15340405464,252.1084531381213,2.333978973371358,1.1690314342050525,90.82207022264689,0,normal
4428,10029.844910952286,250.8252047454204,2.345792083739897,0.5663456523913265,89.54009568117006,0,normal
4429,10027.87288006407,254.913266312854,2.708494880764107,0.6718561138116279,90.51552109268673,0,normal
4430,10022.33272754582,253.83027500547263,2.169501054525204,1.8012143975986157,90.89865528037278,0,normal
4431,10021.034557296643,252.2173341665,2.3463294255086566,1.2483588908188077,90.08485897368716,0,normal
4432,10034.265477745936,252.84422513910823,2.7859041895261933,1.5577940940540462,91.1434991103259,0,normal
4433,10031.266113704967,252.56660845486,2.54178138135062,1.1922493311560085,90.93478913370834,0,normal
4434,10032.246891923363,254.82216572974264,2.5265808633873155,1.3006286018532955,90.89065916807762,0,normal
4435,10039.426597569787,251.93456313972,2.908617836129692,1.2029102203649995,91.06794636124164,0,normal
4436,10042.745832425986,253.5423964170357,2.5242449961701925,2.098379365278821,90.55797237697314,0,normal
4437,10036.443552273146,253.39150144743985,2.3249378436365755,1.4530327923973845,90.83208494947752,0,normal
4438,10037.027156586457,254.3975768874521,2.400593140159058,1.2338223327736593,90.7796287885372,0,normal
4439,10042.150866544887,253.53600974806287,2.219213281980661,0.9147826715109116,90.78672855527827,0,normal
4440,10033.781509807037,251.9496348591196,2.6856628271113143,2.0170603745368423,90.47530821478712,0,normal
4441,10042.593932620528,253.5230675730629,2.5364774756595643,1.3893702321967571,90.20829728957445,0,normal
4442,10045.145429114986,252.86685523785096,2.6324839819069417,1.673741468395865,90.67929081047276,0,normal
4443,10046.690743642444,253.9818934946437,2.6352151667779835,1.7180855768261845,90.66981789841,0,normal
4444,10034.50509350914,255.39822660335133,2.293812112556969,1.3319358307950564,90.51541164667462,0,normal
4445,10041.276926245027,252.2847743743692,2.1707981465009687,1.6806958113159272,91.32770094278644,0,normal
4446,10041.582723569683,253.2825173087797,2.331601358362652,1.3045625193964818,90.3333774877482,0,normal
4447,10047.359214479902,253.58695447439248,2.148732348317489,1.1941830002159106,90.85144101471153,0,normal
4448,10050.144556541833,253.81326791298244,2.3368084763651056,1.844815140829689,91.53798652864047,0,normal
4449,10056.100665571776,254.98859834904843,2.510009631730012,1.4508379161594704,91.42690694699073,0,normal
4450,10047.013704353423,254.1268026115009,2.2290266526850666,1.6553192130917966,91.5979175776539,0,normal
4451,10047.867138672498,254.7663040174274,2.2710614265413875,1.6231626064848157,90.71170973459374,0,normal
4452,10056.964795209064,253.77314236810903,2.200098581501581,1.690037045207956,91.41647276515724,0,normal
4453,10053.555632157117,254.67549436987937,2.356671460142453,1.0291188352468383,90.50996975080024,0,normal
4454,10059.262110138849,255.26824409922344,2.039337494982183,1.316568843486779,90.92054007374988,0,normal
4455,10055.213305375246,253.80122724377745,1.7099406048030028,1.3895467033220417,90.9845154018138,0,normal
4456,10048.824518122188,255.3561518882186,2.219366515373045,1.2308407964263008,90.80428191821608,0,normal
4457,10048.779434332811,254.66660365552627,2.2984095974662893,1.6010494443851755,90.92799452809174,0,normal
4458,10048.516945290943,255.6972826148352,2.165515477597992,1.8191532916720243,90.87880216697612,0,normal
4459,10060.408568735813,254.48613329490385,1.923401883127997,1.8560620653338968,90.65076928568956,0,normal
4460,10063.85938691986,255.1026537119928,1.799524322997754,1.3388593815431868,91.58653480909145,0,normal
4461,10067.975515161748,254.71277018633043,2.100438706362658,1.5150282507286608,91.0833490876592,0,normal
4462,10063.750659945315,254.68723022995704,2.004843600766738,1.5466646259298704,91.29142093763268,0,normal
4463,10066.149801536543,255.0705256809936,1.9264565130822475,1.583609906391047,91.28860060857384,0,normal
4464,10058.229968840184,255.37463090881565,2.291295872851832,1.116796644295429,91.24996422262409,0,normal
4465,10056.136300320208,253.6125516496172,1.7128143049251945,1.908173214497564,91.28476986110677,0,normal
4466,10066.950913180148,256.3180985105124,2.232797360739296,1.6204914498344265,91.1013017203457,0,normal
4467,10065.564787393989,253.04519648046252,1.8600678317032284,1.6076582669139872,91.97872610691326,0,normal
4468,10064.78312503376,254.23848015218024,1.4628836957576017,1.6610399622578176,91.66529044405878,0,normal
4469,10066.945855557708,254.8454866807992,1.7708689176573431,1.4372112952457672,91.30937097947634,0,normal
4470,10067.381519713676,255.36659937385696,1.9758034469453911,0.9445958657605678,91.0917846280447,0,normal
4471,10072.934694243077,256.5429219544131,1.688628135049263,1.1857900269765875,91.27090177751155,0,normal
4472,10073.733904004745,253.11897732679904,1.4450141213573715,0.7057531308825452,91.55399027979908,0,normal
4473,10070.716718137655,254.4781032338236,1.6860475512455146,1.2980973241041198,92.10988237378729,0,normal
4474,10072.95447152909,252.8654981691347,1.5271990883143096,1.094261756737905,90.687985370993,0,normal
4475,10072.018738230274,255.0284910594657,1.777432807941819,1.103288976140821,91.71885588868392,0,normal
4476,10067.858600325178,255.2710914176667,1.814988413612852,1.4460620414041745,91.96665079809635,0,normal
4477,10074.656279490691,256.5907426264738,1.4311419434908743,0.9162031996849468,90.6741098873699,0,normal
4478,10064.602900616052,255.1191207842432,1.4842166123593905,0.9451562723192528,91.34093208084134,0,normal
4479,10077.5395960881,256.0390509640756,1.7606236760878005,0.9939583724423512,90.91314377999088,0,normal
4480,10066.985059040457,255.5734047837213,1.4224206456577209,0.4010533094317506,91.67441828062424,0,normal
4481,10075.06692987935,254.546865612172,1.3636665073076892,0.8380588065728746,91.2935828027297,0,normal
4482,10070.085019629352,253.5637063902836,1.331318077252966,0.1361403205031841,91.4211462549896,0,normal
4483,10077.743179295949,255.2362337627125,1.6255043291110276,0.6694295851181437,91.29399678397226,0,normal
4484,10075.464555649069,253.45570934818343,1.60608048011257,1.0640895087958548,91.87276535195832,0,normal
4485,10068.310786030876,256.2276192803304,1.3977312001318591,0.9034327743377616,91.64020779673297,0,normal
4486,10079.03081962676,254.7529780488374,1.52701236200971,0.5518344522074825,91.65400981145316,0,normal
4487,10074.672780569435,256.0908795550717,1.8240614011276408,0.7028905460937623,91.63155860161268,0,normal
4488,10082.595424865784,254.39419148653184,1.3176656964246984,0.3279032064153956,91.85003926546044,0,normal
4489,10078.815807609544,255.120010786792,1.1171905613017656,0.6088607353693488,91.44519765588927,0,normal
4490,10081.397891144725,255.03532253813364,1.5948464493669976,1.447274955485282,92.4388031181261,0,normal
4491,10075.23660648218,254.7538129180691,1.4792835158264683,1.0800230568405018,90.98309164953584,0,normal
4492,10077.673452761152,254.33716139913395,1.3581374765713723,0.4996994717538519,90.74944305428092,0,normal
4493,10078.914521454608,255.13133294268337,1.6305866701773883,0.4891507653566995,90.71981400839796,0,normal
4494,10086.07070704936,253.77987418482644,1.669293093549305,0.1040356376347058,90.59594983331672,0,normal
4495,10090.7453814489,253.4618802912144,1.0623160227463004,0.1138081279317146,91.98375482760756,0,normal
4496,10078.895702831913,255.87755222139936,1.3772154195694055,0.4191208987836718,91.93411508145388,0,normal
4497,10088.860575807614,255.32344919652803,1.976232028518215,0.1088391762104143,92.27341494757432,0,normal
4498,10073.17437392545,254.62189024460145,1.6356214705599776,0.4931535098297991,91.15213611292882,0,normal
4499,10078.589837732286,256.1790361081977,1.6615753184318165,0.6482163183507625,92.06394642212771,0,normal
4500,10080.296460172478,254.20221779927795,1.769531416724033,0.2323392645903138,91.73021908014287,0,normal
4501,10078.848867757535,255.74698819661245,1.54812667266852,0.1181973172273674,91.79552147367272,0,normal
4502,10078.20596693735,254.55239106516896,1.7149480668997306,-0.4615135083003837,92.03528962540057,0,normal
4503,10088.692788809409,253.3028475653512,1.7112327113812742,0.2220092309941328,91.35441500944312,0,normal
4504,10086.052678415272,256.1246888607572,1.6885183937612918,-0.3903674085046447,93.03608490578046,0,normal
4505,10089.506554318044,255.2146992667228,1.5304454984861686,-0.2176183958625201,92.41813069873804,0,normal
4506,10091.539640307006,254.04861760115256,1.6444101445511563,0.1507904590806544,91.4958925605303,0,normal
4507,10089.88430273436,254.84079230390108,1.5084513156756822,0.1271018541204249,91.22575532650828,0,normal
4508,10092.30511899337,253.6522546290041,1.6457462541270678,-0.3663575091519229,91.73637398134998,0,normal
4509,10089.119825469394,254.82582178754984,1.4274368351611249,-0.3934558177534886,91.88047895980311,0,normal
4510,10083.97475707293,251.544710260882,1.5218088216821608,-0.5247090408207713,92.33100211014332,0,normal
4511,10095.63204113494,252.85352930309293,1.6430698171703593,-0.718118323222876,91.22249894883254,0,normal
4512,10087.821621561568,254.78858291108511,1.5311407578434435,-0.5927268032737678,91.95808711610908,0,normal
4513,10086.504336083715,253.4941364801134,1.6399281580614864,-0.929391091145152,91.0591388393432,0,normal
4514,10090.698745394791,253.88430569786453,1.7298437209897588,-0.2832963610367063,92.04994549218182,0,normal
4515,10087.42113861646,252.26147846916547,1.8653719934927424,-0.4121817432906561,91.7859517540298,0,normal
4516,10090.285701299455,255.3861885977451,1.9975991823263208,-0.4042262795960391,92.81579694533094,0,normal
4517,10094.471545605338,254.65749343505897,1.7382995756480488,-0.900037412523991,91.0820242478406,0,normal
4518,10094.862132431565,253.19353402297327,2.121808372236404,-1.0130161955472046,92.5477126654517,0,normal
4519,10088.99110917624,252.9154211920518,2.066603619119609,-0.6786305719931048,91.01768952258426,0,normal
4520,10091.392220468611,254.2742912153493,2.0040968578092846,-0.7150187431175528,91.21300980946386,0,normal
4521,10099.543517185652,255.15042927763344,1.958646359705472,-0.8173343441709643,91.04488976399992,0,normal
4522,10096.985540472177,254.04372391551863,2.0165593157705493,-0.8982064741178591,92.01524710189564,0,normal
4523,10105.201102526718,255.1825352150817,2.2150821285972446,-0.3356066869188443,91.30966614122264,0,normal
4524,10101.03917314644,252.0079458537245,2.247380390108554,-0.7577459453716602,91.2286048929144,0,normal
4525,10101.163238794345,252.02930290758604,2.294639703768376,-0.3302670218210458,92.01021926984258,0,normal
4526,10088.796127775266,251.57700173741665,2.060832512906809,-0.575868860695003,92.14059710348826,0,normal
4527,10099.83889589444,253.12385028224108,2.188345977481005,-0.4798040816170502,91.94031653480064,0,normal
4528,10096.02858185712,252.77276715942537,2.370653902678775,-1.3464595404793402,91.84477274280128,0,normal
4529,10093.8040992459,252.35924763236287,2.00153864283252,-0.8785831249099755,92.84563498149042,0,normal
4530,10097.654321543883,253.233488084152,2.0866200886753328,-1.2175269708781866,92.00920302994535,0,normal
4531,10101.785857748098,253.5686191019773,2.17715672125288,-1.6174971154046789,92.34404173846194,0,normal
4532,10099.79980736476,250.72175464316123,2.37708028259672,-0.699157371450218,92.01737405103974,0,normal
4533,10093.129400253863,251.5606726433766,2.402913312836925,-1.2645102153433978,91.40149724108412,0,normal
4534,10101.450431583717,252.88715285513,2.195874825449963,-1.5203183992194378,92.22970658126604,0,normal
4535,10094.756793328295,251.507808390733,1.9618895287466995,-1.3544591937559107,91.6309959650386,0,normal
4536,10099.224946264936,251.08508861932856,2.333753089152056,-1.4941523982526022,91.91733754438268,0,normal
4537,10096.811765892888,252.80882645166412,2.121046810919895,-1.4874600064285382,92.11927166555216,0,normal
4538,10097.411337762069,250.40706719087743,2.0261549191441888,-1.3687457587204608,90.99940434697164,0,normal
4539,10102.504186201611,251.3005870851144,2.0899897830219527,-0.8047623589071053,91.1687083645823,0,normal
4540,10093.629437818085,251.8357697056191,2.425805500104428,-1.544452740081425,92.43133771459206,0,normal
4541,10108.70393392102,250.8376617226357,2.6496008386021983,-0.8661170230870968,91.64768594769323,0,normal
4542,10090.010182622262,252.09842867545555,2.4010930506698327,-1.1273604144540643,91.67415126482024,0,normal
4543,10096.255017492856,250.6496613354705,2.450527978824208,-1.2799994980422138,92.06808631686803,0,normal
4544,10101.21223404635,252.529935696262,2.658748119136753,-1.1900555728638218,91.79438719337188,0,normal
4545,10102.390628081668,250.897899285938,2.1261402300436334,-1.4247325518605238,92.1981753358112,0,normal
4546,10099.064614476649,251.59683565617183,2.5508412252098065,-1.0560660384422802,91.9657789672236,0,normal
4547,10099.36801877818,251.57313919461504,2.455145930895207,-1.283541213572136,92.09240092095396,0,normal
4548,10101.78573651932,250.1007941259852,2.5801899049177885,-1.96348113736502,91.64373052673253,0,normal
4549,10098.645679289391,248.57577514323,2.3786289540277976,-1.3843342372103309,92.09281794517406,0,normal
4550,10106.824993530852,250.89069331341963,2.318897533386033,-1.2458205594030691,92.54972628824126,0,normal
4551,10104.103907551324,250.5026898047928,2.5165400668858706,-1.5741827421180266,91.7142691315462,0,normal
4552,10104.30936784124,250.8865192293107,2.823009003911732,-1.454736855223454,92.45656407186031,0,normal
4553,10095.142552134086,250.0043252005489,2.6688525433594634,-1.6802590044329904,91.9736865558574,0,normal
4554,10099.59448604337,249.700492107336,2.3973903339763654,-1.9121306314014217,92.36706939129692,0,normal
4555,10098.497191776763,252.0394075841465,2.2317457839944512,-1.9650484669411488,92.06437608958392,0,normal
4556,10094.969608128073,248.4585829052653,2.163288447515316,-1.960798432239368,91.9832468400814,0,normal
4557,10101.786529734229,250.56491746304408,2.761434513168217,-1.2973576348272036,92.17457901732818,0,normal
4558,10097.275575346022,249.15646275535252,2.30446560662237,-2.242200428695867,92.60607486384954,0,normal
4559,10103.208922307482,249.29549119522048,2.426408375983408,-1.6907592494793555,92.11668671027216,0,normal
4560,10094.539051260032,249.2145196669704,2.750553756458328,-1.7148689790540244,92.23706559694423,0,normal
4561,10108.433329137317,248.6287282567118,2.1571161872454705,-1.5628420209187872,91.81252006467378,0,normal
4562,10095.294596049343,249.90415389987456,2.770734836064138,-2.026814516776548,92.78096842384356,0,normal
4563,10100.800926754711,250.6246072635735,2.4127588403427422,-1.3390867177142882,92.31425685683904,0,normal
4564,10103.58189698864,249.6053177111748,2.22381678907713,-1.8312555294578383,92.03130623874648,0,normal
4565,10096.67762147666,249.1403722952956,2.3929761902640805,-1.0973351354956888,91.92928963642588,0,normal
4566,10103.691437036368,247.95262124018004,2.28573405746493,-1.6100429363642066,92.47753601102062,0,normal
4567,10093.171503195215,249.3583828064582,2.5051490021150133,-1.4373725036674014,91.68324638516178,0,normal
4568,10106.456405385796,250.9008663352556,2.2730479387007443,-1.3914640815801802,91.092478829662,0,normal
4569,10099.13503942135,248.2672834192028,2.0050288900840045,-1.3019783219742214,92.01748566164264,0,normal
4570,10095.940805916558,248.17599659387355,2.3269595405766665,-1.3455630911217853,92.5734595456852,0,normal
4571,10097.275631750286,247.8954723610961,2.08255026532374,-1.464996426437021,92.77108521784078,0,normal
4572,10102.654937543652,247.87234593125865,2.376626016998189,-1.2129414733555497,91.91855985221687,0,normal
4573,10095.517004369764,245.52231455984733,2.0793995079243377,-1.1538204825501177,91.9905794485512,0,normal
4574,10094.511588168176,248.57919637839865,2.1994946489906684,-1.499849400126545,92.22493274856376,0,normal
4575,10096.959963657864,247.23588600647025,2.313143817413221,-1.1178998402399372,91.82917822348377,0,normal
4576,10091.982299429485,246.37921965346132,2.2129721369315,-0.862674136072167,92.21554517406226,0,normal
4577,10106.759506251152,248.65152149149856,2.283749037244734,-0.9817039199782376,91.91043485869471,0,normal
4578,10094.604724876186,246.7260031655984,2.347335476731977,-0.8859675139284016,92.4544180852403,0,normal
4579,10101.364949295394,247.37991806802464,1.95677828150856,-1.0852627059665432,92.30562756383875,0,normal
4580,10098.014662709433,249.09650821909776,2.1521016767412573,-1.3878198903472123,92.34446016197506,0,normal
4581,10091.795392315058,246.13327667795568,1.475284221734312,-1.3190076877594965,91.83170242894832,0,normal
4582,10096.429367572024,245.92330385969672,2.166502549016809,-0.9483191225364092,92.89214648261289,0,normal
4583,10100.11058773153,247.6396355074125,2.032431441279127,-0.7286877719169235,92.16576744788928,0,normal
4584,10094.97108089921,248.43529573862725,1.871231255886056,-0.1420643949091414,92.0418947782362,0,normal
4585,10101.590174884728,245.6280313541131,2.106222266619751,-0.6487324772503731,91.53202071282598,0,normal
4586,10100.434847318887,247.52774651938049,2.2526673976556286,-1.2590019918207036,91.85800949702528,0,normal
4587,10099.614972180178,247.61989197209147,1.8979285224922675,-1.1018282174103042,91.95759783848904,0,normal
4588,10092.405739636824,244.8997520015701,1.7791905300003892,-0.1510820090796042,91.5002418217516,0,normal
4589,10088.97896652715,247.678650270761,1.9762594364176425,-0.8611935244763729,91.74140500243662,0,normal
4590,10090.974958267889,247.6792391591167,1.6513758409694388,-0.7441449600990668,91.7979579168425,0,normal
4591,10094.679414315417,246.4146109564965,1.761867405178802,-1.0073644240692816,91.90192452270324,0,normal
4592,10096.073086754246,247.9038155402692,2.1141357021719305,-0.2099010568273471,90.98552956871087,0,normal
4593,10082.122905399752,247.71433676819703,1.8581285003033936,-0.4889134038461797,91.79197997811896,0,normal
4594,10092.567507653706,246.6087799373852,1.4462223340532303,-0.830399989053378,91.66348838169536,0,normal
4595,10093.0165702964,245.9833951277436,1.4395850879306802,-0.8546352127292748,91.83408040858323,0,normal
4596,10090.447230860664,245.3926171481441,1.80877068322912,-0.4222936823853638,92.35433732593494,0,normal
4597,10097.89096589109,246.25993982754304,1.926760786861936,-0.4586972791183442,92.85488967998084,0,normal
4598,10093.133998237565,246.8008015020948,1.4093016722855063,-0.1794056004817575,92.15969055714848,0,normal
4599,10097.157456143075,245.8419124995463,1.801979573790789,-0.2216415519357095,91.19491884602029,0,normal
4600,10089.09903216313,243.9051686466589,1.9580365994712607,-0.4214224938818786,91.63087321938136,0,normal
4601,10094.429542581296,247.30952271800703,2.0502404610819136,-0.4612573158063964,92.0928247567908,0,normal
4602,10097.471833304551,246.170754840467,1.720432138849439,-0.3018696445431631,92.02757527485284,0,normal
4603,10095.400385215711,245.54223765089728,1.73793138011243,-0.3746329357728784,92.27050122711356,0,normal
4604,10082.91774252188,246.72198226571595,1.1932256335775264,-0.2038405516620284,91.71889351263516,0,normal
4605,10086.637764849582,247.33407821880803,2.0240548323340515,-0.1150545306993411,91.57637278256314,0,normal
4606,10085.699225917047,242.9538199661477,1.4742376167619984,-0.3444630147342385,92.62471299084396,0,normal
4607,10089.381483894593,246.13798474966424,1.388899211324277,0.1590908447781242,91.76803952606902,0,normal
4608,10089.86844732052,244.2267799073156,1.5118707951152446,-0.0962436955532674,91.22039640289836,0,normal
4609,10081.73504090563,246.1039862137078,1.853657776148107,-0.1926963488113656,92.45615691403162,0,normal
4610,10085.752928696837,245.68600748918283,1.982464832727893,-0.0006828127432903,90.96022697684778,0,normal
4611,10074.789790015526,246.14878810180852,1.556617510846694,0.2223130097939699,89.95026592228184,0,normal
4612,10091.566353382448,244.970589964978,1.7230036777957665,0.2192485079120594,92.07182594608754,0,normal
4613,10081.253523234647,243.55518547632497,1.5250700060121296,0.3654990773737773,92.13165837427292,0,normal
4614,10083.545098752247,244.9384739743701,1.303121129841888,0.5526791142036677,91.87232205203284,0,normal
4615,10081.159588589562,245.75795077990173,1.8015030313797544,0.718714133026734,91.002928701194,0,normal
4616,10087.871762426252,246.33061594933,1.3784372309944628,0.4566402289969155,91.61339756340256,0,normal
4617,10067.37966564188,244.1093866441639,1.8079198958620104,0.0936021024852238,91.49225967020035,0,normal
4618,10080.901562783103,246.27616014539697,1.759720726939198,0.3767450637980667,91.35104778444848,0,normal
4619,10079.864838959147,244.5710094995331,1.6232681420336297,0.1988265755482962,92.3139133703374,0,normal
4620,10077.527029734303,245.55302612496675,1.867952856371819,1.0513720231583763,91.07257120412942,0,normal
4621,10087.819643871397,244.65430045007705,1.9515684736029044,1.1802417283686126,91.74182244941753,0,normal
4622,10074.137244534768,245.3219174479875,1.4742289503109698,0.8202949055281544,92.16850132841222,0,normal
4623,10081.81039607735,246.00912090864776,1.352923705538085,0.923356642547936,91.74974906648292,0,normal
4624,10079.102407420269,243.86967868817885,1.1484465090161131,0.7811201990548525,92.1669820557824,0,normal
4625,10082.990735975063,244.3981976176277,1.9780513743064296,0.8550370611753292,91.8155201554622,0,normal
4626,10072.701522274085,245.2464455435937,1.4501699356494058,0.304696418534569,91.7354241892054,0,normal
4627,10071.719347504528,247.44842140013043,1.7752596166730097,0.7997598854506852,91.691101274419,0,normal
4628,10080.203727483333,244.17098400864484,1.4112762136915098,0.594860897162066,91.80118919224394,0,normal
4629,10076.181698157869,247.0636298528217,1.879556409704828,0.9801077698260816,91.28833228361816,0,normal
4630,10065.654713105654,247.0192320517738,1.445325776336077,0.9135057773769196,90.81665107084434,0,normal
4631,10069.999845110708,244.91080438870333,1.361487891969777,1.5502850551351823,91.93094910939216,0,normal
4632,10073.937984219814,244.705266491738,1.5736130687962373,1.2752069590854205,92.02099256926438,0,normal
4633,10075.497392278769,244.30865586357885,1.5254033648605134,1.1186523039877625,91.55216082887372,0,normal
4634,10067.207787327834,244.93182022113544,1.7683830241718514,0.985366960759376,91.1378910020588,0,normal
4635,10055.320969732258,243.59460493236705,1.6570856532669884,1.5994466301346677,90.61898643536205,0,normal
4636,10071.789685530846,244.9283863646704,1.8119781044118608,1.117858222121891,91.4263749420049,0,normal
4637,10062.346368773942,246.5068047561493,1.6480900603165207,1.2555371438089598,90.69448427211428,0,normal
4638,10057.62883611437,244.40613448380287,1.5938637213156326,1.1968598225751854,90.60981685078067,0,normal
4639,10052.8146868648,244.7857833520169,1.6314465713017656,1.09002306894666,91.32916056578658,0,normal
4640,10070.300309599612,243.3366446220904,2.179049397990134,1.248215346227863,90.94272335537848,0,normal
4641,10066.120958374217,245.42510944463987,1.837573508486733,0.6735542095432799,91.48221220052616,0,normal
4642,10063.590507309646,245.33077081668355,1.4187831074596189,0.8215772849628964,91.2147279829832,0,normal
4643,10070.898357294049,245.1472066852868,1.7349510390276754,1.4133660949347346,90.9757474264734,0,normal
4644,10066.367909890125,244.88585900180496,1.8822257746267408,1.8003470257710386,90.41116818913572,0,normal
4645,10070.484519608395,244.83106872004336,2.256135027949372,1.4545668273929255,90.82161632498055,0,normal
4646,10054.654834703791,245.6488178636349,2.1172796618951994,1.152988217900076,90.82430199626702,0,normal
4647,10060.655089814842,245.14313318770505,1.751902282572848,0.954009029792738,90.60390302193474,0,normal
4648,10051.94752419625,245.5138849759197,2.444782283908526,1.6387415307696744,91.03609967379862,0,normal
4649,10058.08142448901,245.4427796076341,1.979841545472644,1.2484800536446674,90.61094072737843,0,normal
4650,10057.176579172496,246.382016580746,2.2603368745880155,1.6255877918533583,91.08652179518096,0,normal
4651,10060.738207003522,245.9682723955605,1.805038835317835,1.5622660222947975,91.27230838317848,0,normal
4652,10057.012678132916,245.5187125717696,1.581287455604978,1.6001852228668534,90.72261219734958,0,normal
4653,10059.075935890056,246.8807147870928,1.803961047978737,1.4768533204411762,91.33188231868245,0,normal
4654,10058.644546492413,245.8208583343805,1.4600938484496782,1.5906238302474471,90.42186798091052,0,normal
4655,10065.064922153051,246.745689245751,2.5568162627870774,1.4471240230331406,90.52971687612455,0,normal
4656,10051.871299446488,246.0896295655716,2.2012069087614603,1.2984636475408171,91.012347005646,0,normal
4657,10047.894828442635,243.6845351434648,1.996877780571007,1.2047611045988722,91.3955193848637,0,normal
4658,10052.97725929524,246.8768456095916,2.295383227755448,0.7817190693535281,91.4686365951178,0,normal
4659,10046.87716571465,245.75451484811336,2.265265027128085,1.4449523275361698,91.82396662808571,0,normal
4660,10057.435005510042,245.6164638025176,2.373556320024439,1.9558128831778925,90.81220959594842,0,normal
4661,10047.740744812165,246.0005794623725,2.51262404790544,1.71838778984983,90.91938604079868,0,normal
4662,10045.455670864016,245.4267727448684,2.2334050104176217,1.5656915052457208,90.44933328955874,0,normal
4663,10045.04886347909,246.0530008004184,2.1353645317968803,1.273844739207873,90.32122567570144,0,normal
4664,10050.114678078962,245.28998146246127,2.496052419042159,1.788570932245376,91.04473786239583,0,normal
4665,10044.846352701876,247.21366257839435,2.509302843574642,1.4475589662811172,90.52476600263756,0,normal
4666,10041.534686703077,245.884959186626,2.3864504524024346,1.948479732802514,91.51105001608325,0,normal
4667,10052.17323931275,245.6767209658395,2.818365563834857,1.1729926386533376,90.14573672855894,0,normal
4668,10038.664704830791,245.19671272669223,2.31088479941854,1.232326850331062,91.10208768359436,0,normal
4669,10042.21816419412,246.454299358282,2.233076212004361,1.191824128966231,90.33793705707056,0,normal
4670,10044.392440373507,246.4380414356937,2.510232269768581,0.9887556976125844,90.41239395892308,0,normal
4671,10032.06069679819,246.70626929196013,2.304126278036016,1.1383739443590637,91.07390347963153,0,normal
4672,10041.701115888402,245.3589759465255,2.549619463461674,1.435270926217768,90.44805604957348,0,normal
4673,10033.102786086478,244.8548752516505,2.2941907609064773,1.1742006585485607,90.50967445551768,0,normal
4674,10041.566911650094,247.15289389956789,2.389868467875528,0.213254303755727,90.34298077314271,0,normal
4675,10031.710670699813,248.08457963819623,2.8560349732741224,1.673521770549316,91.62299341099484,0,normal
4676,10039.05504656999,245.64757931274417,2.403504964366241,0.8258685167171895,90.40308087267492,0,normal
4677,10040.18408330308,248.3386997599892,2.330396369659,1.4865240780598916,90.7188744681485,0,normal
4678,10038.022351697711,247.1097953297239,2.728621517528155,1.2966002349397754,90.5733465812504,0,normal
4679,10034.028631919868,246.89671676496744,2.2873604941776526,1.8987695430235925,90.76614950443566,0,normal
4680,10030.6691463956,246.58536481835304,2.360819699571991,1.5378296659721578,90.329144548722,0,normal
4681,10027.993973121556,245.6787361352212,2.615311770292452,1.0614309817210028,90.51711280279378,0,normal
4682,10037.278576768927,248.1324979695001,2.6870232930838127,0.9751717812490732,90.79544407079383,0,normal
4683,10025.47026721022,246.45182044521653,2.741529656174869,1.6085205120581725,90.14785129721967,0,normal
4684,10022.823856189234,246.53138647630544,2.3448400542779755,0.685810382706175,91.10484440945577,0,normal
4685,10030.37467358296,248.38796129420777,2.609100744449261,1.155689558266075,91.1336968376767,0,normal
4686,10022.10308248222,245.59893492121407,2.3910674666830056,1.0279547952911856,90.82492164304244,0,normal
4687,10020.366778246267,246.04521113986144,2.3563376060759302,0.9322279806294465,90.53728010647023,0,normal
4688,10016.929891969554,247.63853773366972,2.710097492251698,1.1082232572026425,88.9876575415058,0,normal
4689,10020.7617668587,248.0387567327961,2.350356866784424,1.0251083961366838,90.67567188744728,0,normal
4690,10021.788826099826,248.319909059392,2.50557104566156,1.0706606858976542,90.24838282177171,0,normal
4691,10022.4417247993,247.6239439270302,2.469583809807446,0.9394931504337524,90.30138811751112,0,normal
4692,10025.00453971525,250.54750977344693,2.2117588887573447,0.9866569080850386,89.45627150461365,0,normal
4693,10021.902215660866,247.88143834793848,2.605505630559498,0.8521389172160664,90.63214876378782,0,normal
4694,10017.331155737003,247.97149179892932,2.509690030753435,0.588336505132077,89.64141981328196,0,normal
4695,10016.31050070866,247.4989573913964,1.984728644626642,0.7486926662786827,90.4052418548069,0,normal
4696,10018.866498557436,248.51419858556488,2.4208691362486285,0.4938313446020596,90.7786429652121,0,normal
4697,10021.691162592277,249.100244571754,2.1932751021720502,0.4340520706168198,90.07190214489385,0,normal
4698,10014.970950521416,249.7844588313724,2.548900231986696,0.526736487296514,90.89481345309424,0,normal
4699,10011.003359073316,247.18776157829825,2.0211970437126032,0.5506061949880304,89.89348507778374,0,normal
4700,10007.392982269092,248.52774473430603,2.218997926768913,0.5553246399642316,90.54736278385596,0,normal
4701,10004.138349161689,249.3176284010152,2.341988957999173,0.7775043565467366,89.5748946339457,0,normal
4702,10013.701650625111,249.5556186573748,2.259069014213667,0.3104328461396846,90.72297126263818,0,normal
4703,10012.265084642657,249.07315867495737,2.378789141184006,0.4759950675919555,90.62549903177884,0,normal
4704,10011.265961898163,249.7074562246057,1.8999442511720328,0.4089400051821134,90.40176184693452,0,normal
4705,10006.7389613816,248.4548245760338,2.510933708706875,0.1471992527993401,89.95100310396033,0,normal
4706,10013.41930846384,250.92074458996032,2.2620506829762754,0.3078692362361845,89.42669238297357,0,normal
4707,10002.965779924323,250.45477280514527,2.405043831101322,0.5422655332494836,89.91240729033522,0,normal
4708,10009.1639176134,248.2167375945725,2.283693978476313,0.2528857941829194,90.64290501642132,0,normal
4709,10003.194617229045,248.5862583409957,2.081997619691461,0.2202167010040949,90.1327475698644,0,normal
4710,9999.346999326875,248.7142710974095,1.802742943159422,-0.1041863909029664,89.27125659824925,0,normal
4711,10004.35158725982,250.5390897964938,1.9219859664177408,0.6531436861777858,89.46541489475466,0,normal
4712,10002.437159997196,248.6763745874788,2.327636563128796,-0.1770031910539922,90.63435528850164,0,normal
4713,10001.173847983036,249.73007610652692,2.2618144420990864,-0.5278293810616229,90.23173605979795,0,normal
4714,9998.79544218098,250.61577848462892,1.8358480537900843,0.1855875732807007,89.35078094104404,0,normal
4715,9997.199811639764,250.1948173736552,1.3712489155364913,-0.1518208785615067,89.06486979287969,0,normal
4716,10008.33162506047,250.6196756540604,1.8676762405517169,-0.2530907865659846,89.6152742346223,0,normal
4717,10001.311897390347,249.39464594669988,1.828202442194652,-0.3705008985506524,88.9821329292924,0,normal
4718,9998.006058642288,251.15477937782296,1.81160291276671,0.3102092360492816,89.80992123834372,0,normal
4719,9993.95279076428,250.0459654957905,1.9434257252079343,-0.1891722968088083,91.09368858538345,0,normal
4720,9997.432112397148,250.4335464355431,1.989526471145872,-0.1746022685480645,89.0494484900337,0,normal
4721,9993.989592058047,251.09458330318623,1.989374128534065,-0.334415650664177,89.73497953191868,0,normal
4722,9990.5347937529,251.0582725329448,1.858007916744616,-0.3455133019638473,90.46403868744622,0,normal
4723,9987.891059790643,251.0771350015744,1.3868415323424022,-0.0498848045105221,90.16272155748952,0,normal
4724,9988.010465259636,250.4000675837757,1.657517689253721,-0.5872500944471066,89.69393068155944,0,normal
4725,9971.570252284688,250.948224155327,2.166023018655537,-0.9911357083675356,89.67527328419747,0,normal
4726,9987.483971928115,251.3465372253472,1.7602326688784025,-0.3352001854728148,89.1506644634203,0,normal
4727,9982.998530990548,250.0653107457977,1.7399238584280194,-0.4876322203776077,89.57499034281919,0,normal
4728,9992.41566093871,251.07332921791945,1.720061681897138,-0.6447019470324379,89.81076657606599,0,normal
4729,9983.561985613502,252.01839394413787,1.7139243731794287,-0.5757137646820335,90.2218620768259,0,normal
4730,9976.53505593361,250.4474770782485,1.1378326538248127,-0.867361652111589,89.3395096488683,0,normal
4731,9981.246832030583,252.9750050082025,1.5511205295105288,-0.7884487865344152,89.53500709199274,0,normal
4732,9975.28383750715,253.18081894862527,1.5770193570787796,-0.8719696756484794,89.13568211827092,0,normal
4733,9981.901638681731,250.7580729826905,1.827507822687569,-1.0469599572613555,89.70335462183367,0,normal
4734,9980.01154361836,253.4520598016117,1.5684258959932451,-0.5490330224164628,89.96302586108774,0,normal
4735,9982.37035444715,252.04123744161845,1.2183741559626708,-1.364918677548217,89.86644713254708,0,normal
4736,9972.653338693768,252.69283855277504,1.623609954082909,-0.2675856163053771,88.94706141532362,0,normal
4737,9975.806718699754,251.86626820550364,1.3678986616410205,-0.7463725842405673,89.5861651691005,0,normal
4738,9967.84293611973,253.3736142126747,1.2775560270688218,-1.5757963315888452,89.15470463781216,0,normal
4739,9977.209419059116,252.94333333703227,1.3475283775455025,-1.141537901257126,89.97956391081627,0,normal
4740,9975.332830887892,251.8087411324238,1.6175219110418904,-1.1557693217227172,89.37411313832708,0,normal
4741,9974.256756056811,251.5422983371098,1.756661382921508,-1.0175624924176985,88.67579794991296,0,normal
4742,9970.82790427783,251.33072088588412,1.5986206631897577,-1.4608433574568145,89.30649482961705,0,normal
4743,9971.93866973913,253.0613717094292,1.6268095120416777,-1.1822761200400471,89.62653239030317,0,normal
4744,9976.93451048523,253.52715862301795,1.5946328426974945,-1.2550007744019125,89.50025933044512,0,normal
4745,9966.538462009574,253.68572833277025,1.5211578244607065,-1.4656349794497046,89.10338065906971,0,normal
4746,9967.71148114441,252.9956431375373,1.6423946261369429,-1.5319398252990564,89.04772840958161,0,normal
4747,9960.645243808018,252.0342439464558,1.022611735710255,-1.0166955099358574,88.82776530697035,0,normal
4748,9960.7955829582,252.5855053204604,1.5331766552128556,-1.8235713980647923,89.10536294515614,0,normal
4749,9964.690452976094,254.4949614853298,1.307788481705174,-1.192309639088813,88.85618824694964,0,normal
4750,9968.789132820091,252.9316800090805,1.7563763214351078,-1.1162948958871235,89.75043229482027,0,normal
4751,9961.05981256416,253.63205545379552,1.5025773266599018,-1.4397702557926069,88.79625563834254,0,normal
4752,9960.237151484642,252.48392118035792,1.5475803214392565,-1.3759089789911452,89.28947691380513,0,normal
4753,9958.4616836489,253.9656647690053,1.2509049294187715,-1.058738042800762,89.23707414909161,0,normal
4754,9956.905652613514,253.2394556371784,1.766934050939362,-1.6341407948628277,89.66442244329716,0,normal
4755,9960.141661365313,254.81043258115952,1.7017729190865056,-1.6167995484688806,89.71802022621452,0,normal
4756,9950.272017265052,254.60235180435205,1.701495304502329,-1.597274825798246,89.50315108145959,0,normal
4757,9963.25872891271,253.3966309157425,1.442324112814054,-1.1100542743980302,89.31354479223256,0,normal
4758,9952.6269596381,253.82765871629405,1.4660111420164894,-1.0816724745609576,88.5947583495279,0,normal
4759,9958.66803321149,253.4636107085516,1.6822173843568395,-1.8965139880669213,88.56673527181687,0,normal
4760,9947.817461563856,252.65409211974728,1.516262261360256,-1.1829311401547804,88.660503681134,0,normal
4761,9956.62517718643,253.2732518986316,1.7606669014408396,-1.2448510962578283,89.44158003048793,0,normal
4762,9955.75889341906,254.38442844513,1.260847763135426,-1.028823998218786,89.0846483717251,0,normal
4763,9953.4431346296,254.5653129762376,1.6156306116148798,-1.38240357361321,89.46477110575923,0,normal
4764,9945.677783297331,254.4407477773416,2.0933164569876466,-1.512899519954806,89.51439988528666,0,normal
4765,9951.030403457366,254.04089639281028,1.843354117549932,-1.1563924204057734,88.63267730003788,0,normal
4766,9943.005139880648,255.32438863163216,1.810918103169986,-1.2892723709931293,88.99444557986499,0,normal
4767,9946.799470739135,254.50180003935407,2.197263081440567,-0.8231111182834806,88.95476890095057,0,normal
4768,9952.358412357711,255.1866728276933,1.3561848061081665,-1.2052586015618774,88.7803330922466,0,normal
4769,9950.34819514793,252.7530114243772,1.6839125316640862,-1.4417533915517993,88.65987228298917,0,normal
4770,9945.599302371673,250.6459432076776,1.7907218284449091,-1.83365699243903,89.5028455048849,0,normal
4771,9939.813504541586,254.8918611133768,2.0669309592065965,-1.6479755422143587,88.91973661178174,0,normal
4772,9947.085156944466,253.221193890266,2.0949580287336174,-1.895435362316113,88.88371676195179,0,normal
4773,9943.129419765855,254.4695359778509,1.7713918491302445,-1.5187978744563695,88.45926143411302,0,normal
4774,9930.611927481154,254.4140460434693,2.169088978361468,-1.1647806272222896,89.18187632465288,0,normal
4775,9945.313425100128,256.33581269648664,1.913816322304883,-1.430725629848297,88.32545176895188,0,normal
4776,9940.471742219004,255.1787783550656,2.261802161670777,-1.108843555411892,89.0393108921894,0,normal
4777,9945.803733707931,254.97309908796697,1.8378919822388868,-1.2985521192555558,89.03694422938791,0,normal
4778,9933.519716755543,255.67076664291943,2.0445934592015087,-1.5039552821307514,88.57366386233342,0,normal
4779,9922.323242507751,255.22687505649648,1.9958844697110605,-1.338698773086726,88.92296127206623,0,normal
4780,9938.819052361778,254.4233591718304,2.3295514149506813,-1.2040876412004915,88.84130744092329,0,normal
4781,9938.104580534327,255.9732184408483,2.037920703456952,-1.2834689037067242,88.7132549306133,0,normal
4782,9927.422868364743,253.81073809683195,2.1577627289341166,-1.2583573064388431,88.72399652012814,0,normal
4783,9930.219605449214,255.26051299669595,2.290974657731099,-1.5114311408893089,88.7331329751677,0,normal
4784,9948.130557308526,253.404498758974,2.321550086068469,-1.3866099636528122,88.75204520813456,0,normal
4785,9932.075345428972,255.1688343931796,2.412243786915987,-0.5540488601507907,88.70218898566671,0,normal
4786,9936.51376289626,255.16871626997323,2.2988460858940685,-0.8368088215276954,88.10524726518152,0,normal
4787,9928.86795243942,256.6610274583425,2.19409779339234,-1.620177974822059,88.56631955602246,0,normal
4788,9920.93880846216,253.4264507086752,2.228240049006735,-1.8597331865345872,88.76028075972691,0,normal
4789,9929.814964013136,254.3953930286628,2.32300118854404,-1.0973669657007827,88.66196946921194,0,normal
4790,9928.621098053072,255.8218197880248,2.3866776468694493,-0.8217568900502994,89.07585754678763,0,normal
4791,9927.239600298088,255.3353121864917,2.32537552573859,-1.2143746305241243,88.89482312457832,0,normal
4792,9927.962733992708,255.17915761876927,2.3758144032982225,-0.7195353003254015,88.13551399587824,0,normal
4793,9929.16137255391,254.0395750274342,2.084757070209922,-0.974854028398216,88.47348706988642,0,normal
4794,9926.4007554016,254.39975232757865,2.536942705003444,-1.007492852584523,88.38735847643377,0,normal
4795,9920.149903085596,256.2284754674405,2.4539494426822417,-0.6967013342600015,88.52722443519309,0,normal
4796,9928.226804595944,254.92279574167165,2.6313123044901765,-1.0472289234677628,88.51442691284328,0,normal
4797,9915.382388924416,255.33854545212745,2.443104439014811,-0.9370095409713368,88.8083457886405,0,normal
4798,9914.218314490345,254.8348930396364,2.106419487484245,-0.6125130841848911,88.57806621710584,0,normal
4799,9927.514411252889,253.75191149904583,2.3923014199646984,-0.7848155103149576,89.09164267819186,0,normal
4800,9925.70963522831,255.85174915324671,2.432736592836876,-0.1638995088343832,88.58399224618384,0,normal
4801,9922.251264613107,255.40214571466112,2.6288535979273155,-0.4888575992061341,88.03546956860096,0,normal
4802,9914.932452596857,257.18356527043863,2.072568155097162,-0.4682066491240313,88.20455359232848,0,normal
4803,9917.749403064823,253.83941105002864,2.49999239081716,-0.6309566446225375,88.72767369072974,0,normal
4804,9919.362357715956,255.6526874152479,2.598396018896828,-0.3123788478294266,87.60643769683493,0,normal
4805,9912.091687622464,253.4917606109817,2.366028992688555,-0.6297702967945261,87.72848294192666,0,normal
4806,9915.77907300381,254.93191996987548,2.514672208814021,-0.4059777005130511,88.39483292944114,0,normal
4807,9922.146979324669,255.72043905074847,2.374510235872349,-0.7228404120905121,88.85316761193629,0,normal
4808,9925.441077194731,252.6392588953388,2.3529243484176723,-0.0929784254239423,89.01960872344314,0,normal
4809,9915.634768826374,254.47203859215665,2.41482952484756,-0.2741234765836455,88.24608597828247,0,normal
4810,9920.950003314816,254.0774676612509,2.350808631034539,0.2772801406879542,88.87376557435765,0,normal
4811,9907.041163318683,253.90057021681045,2.6248721157173547,0.4443325489920353,88.3683632283169,0,normal
4812,9919.360960789718,254.9477493375371,2.3351393848546347,1.6844520251413364e-06,87.5555666005614,0,normal
4813,9911.50459698264,255.64140660803145,2.2943239923915204,-0.1638976632053365,88.30644851288632,0,normal
4814,9916.530149107635,254.3438181746256,2.8200809430901623,-0.423509745512587,87.99041435817117,0,normal
4815,9913.232241487782,254.63716852659863,2.6490664329299207,0.1765951257193908,88.74853551181845,0,normal
4816,9920.559209011146,254.49880344753032,2.073896921158232,0.013201470959884,88.2663051490673,0,normal
4817,9909.07970031818,254.33735705684137,2.2814118314375538,0.1565173627285518,87.63008101791935,0,normal
4818,9916.09330438536,253.19553560517315,2.469938292360252,0.5590383398598262,87.50924805249674,0,normal
4819,9911.069834318912,255.3409336428422,2.472223525309288,-0.1622657395397591,88.2388574540007,0,normal
4820,9911.196696173083,254.4736022683282,2.094382283490823,-0.1473474294297559,87.02965573553283,0,normal
4821,9910.598607129376,254.51753494217328,2.6082213022363527,0.1037816729907827,87.9712748869895,0,normal
4822,9906.828012243346,253.2587413687336,2.524639360114402,0.4656782060983581,88.33664271818776,0,normal
4823,9910.533278395033,253.5470020991619,2.438162276374831,0.4301890686364379,87.68356721246363,0,normal
4824,9909.846867120885,253.76945736324907,2.5944608449195457,0.0391960402568916,88.70019574308255,0,normal
4825,9910.931628394768,252.3492577473025,2.3940987225098467,0.5787650696183125,88.79001181793002,0,normal
4826,9909.722299184496,252.13158569414665,2.3731235333876057,0.0350153638478,87.67764499274463,0,normal
4827,9912.873162454458,253.1535818702185,2.5740014746451134,0.1872809027180646,88.02864170702969,0,normal
4828,9913.0932606421,254.210058666949,2.461111771808398,0.4467956919132291,88.66686092689801,0,normal
4829,9902.824281160165,252.9661336442325,2.0503665550651267,0.3577997382220661,88.16089418825852,0,normal
4830,9912.032132663318,252.53075131007017,2.322560717529404,0.8327117727111497,87.45652611415777,0,normal
4831,9901.376691511934,252.66373655264545,2.039832041580431,0.6930831447711749,88.07450693866748,0,normal
4832,9909.877025660682,252.950554158456,2.2498488334358293,1.1777072152568366,87.71229076325197,0,normal
4833,9909.675118863846,252.9781496812781,2.220300466122296,0.6141693232256474,88.68562744701958,0,normal
4834,9896.66786148201,255.42230939977017,1.8239317643750468,0.6913309124040907,88.42745496596875,0,normal
4835,9906.34674065022,254.23488520776064,2.051652056089402,1.1301178220551955,87.96075841571866,0,normal
4836,9903.20617406515,254.127243259836,2.104278521198226,0.7780480290556304,88.18204709890405,0,normal
4837,9901.43108361248,254.1920131338152,1.9390469753012107,1.2911223374758989,87.45043740955687,0,normal
4838,9911.664904255887,251.9443661893995,2.064259150161742,1.0420071476584458,87.72132412276903,0,normal
4839,9901.33748845594,251.6393994973565,2.1375055730490926,0.2099689415227948,88.86875727702878,0,normal
4840,9900.27878040236,251.67232620693127,1.9452754333947369,1.3042980420992816,88.11297062724887,0,normal
4841,9904.403489490556,254.0300233763808,1.971503459745441,1.2592111371227468,88.54554319820627,0,normal
4842,9907.176910683143,252.06356802778063,2.178641401132336,1.3042722630804997,88.19098578323701,0,normal
4843,9902.774291206317,251.27360193892707,1.9722139805599752,0.4781414392829975,88.7267916042421,0,normal
4844,9909.057610715585,252.00715027586693,1.8936635999259304,0.8841542155766673,87.06509639344516,0,normal
4845,9905.633537491489,252.11175407321025,1.6381731209875248,0.9370813320225584,87.96546439162383,0,normal
4846,9891.85020583067,252.5300458949533,1.9407098929818485,0.8909957016212063,88.8772160716947,0,normal
4847,9899.866256652158,252.42295203541087,1.8497340118735788,1.694519279529142,88.5283585471742,0,normal
4848,9899.486458572916,251.2533200728191,2.018191867326842,1.1959679075212888,88.7085995107886,0,normal
4849,9904.48432178848,252.67582407869847,1.7491559136495405,1.215006247517768,88.03836804359837,0,normal
4850,9888.76507085782,251.25884516138743,1.3555135433320866,1.4169500005129156,87.76922991508712,0,normal
4851,9914.445654804267,251.64887417721425,1.3584322443914356,1.446384856603406,87.52042989536959,0,normal
4852,9904.177016713593,252.39831436706703,1.8260358476209824,0.2982254430466742,87.48197367895169,0,normal
4853,9902.097397966469,250.97542408196537,1.5461068355783854,1.126716158816,88.43059056004182,0,normal
4854,9907.10184485313,250.95295237504325,1.7295944247085169,0.9175285384112536,88.28048565063112,0,normal
4855,9912.76314937629,252.0184212598098,1.6480769342517323,1.4809914934217654,87.98761085757933,0,normal
4856,9905.259380605983,250.47289876274303,1.5757887314877013,1.2925417770608316,88.27220827508668,0,normal
4857,9905.520390488902,250.8491864099412,1.5747875723742255,1.4008944111397763,88.08675237965689,0,normal
4858,9901.310375037176,251.6925735308648,1.406899731964934,0.7885343014689111,88.49424734899688,0,normal
4859,9899.839830281058,253.09332199615085,1.5637897358502917,1.333675857185315,88.48729255841195,0,normal
4860,9898.068961132123,251.54661658340493,1.4380966390129817,1.7744280265213102,87.47602171680055,0,normal
4861,9896.227812821036,251.31545789327745,1.4697063534204655,1.874685419414832,88.14399044932706,0,normal
4862,9896.84370078826,251.27488864959065,1.4697295488358035,1.678164656339045,87.1711420506381,0,normal
4863,9893.45636201196,249.57186810257605,1.4805860132866022,1.0712049420837928,88.0706932057188,0,normal
4864,9899.770134129823,250.6613684112982,1.7030096094946423,1.857679409926677,88.30514196751581,0,normal
4865,9891.67648801435,250.4165001788649,1.4864703152623506,1.7037421113452074,87.34513684561303,0,normal
4866,9901.014732972588,250.66816770144027,1.7122411862062732,1.4567295034891796,87.79297163930697,0,normal
4867,9899.848815664727,250.36326907876628,1.8113749386526263,0.8883775013259171,88.00537256270871,0,normal
4868,9900.745460419766,250.52653986781,1.6723363398127618,1.7846228642612207,88.11717313674338,0,normal
4869,9897.39044013891,249.73539342547787,1.607030949612182,1.3222018746586324,87.8607201081678,0,normal
4870,9915.38571370796,250.0054712241096,1.565542914062144,1.60365914920193,87.41388416093878,0,normal
4871,9906.812305001484,248.61905668141048,1.6745367420589394,1.5189354630798446,87.97323090905203,0,normal
4872,9893.809325387814,249.4270621540537,1.521871753919028,1.957195227789413,87.17451897429427,0,normal
4873,9901.226687425931,251.03798837367577,1.7046879240145618,1.4539800561236993,87.88492622143487,0,normal
4874,9897.062619056687,249.8662896919353,1.6355997732709766,1.4816271639047742,87.78136618857906,0,normal
4875,9895.080543572192,249.4270678431574,1.4470329771763502,1.9529795022777907,87.9359260073949,0,normal
4876,9893.51285890704,251.244840482116,1.7055959492996489,1.2738305006723267,87.72460339651533,0,normal
4877,9902.444558368305,247.88887105731573,1.5533301673553748,1.7061722497360596,87.251829079212,0,normal
4878,9896.956800960415,248.0415394175077,1.5235783299532408,1.3915533087852774,87.82410238242052,0,normal
4879,9905.293023023904,250.7653349122583,1.460473215821953,1.1383321421082222,88.47448792059423,0,normal
4880,9905.5229492722,249.00059190302704,1.6009356199027789,1.426104643665188,88.64181116598537,0,normal
4881,9907.533699934684,248.6144735303596,1.780123621089861,1.61864641419333,89.23294969953217,0,normal
4882,9896.522217491754,247.56073500335933,1.7727660507613106,1.8013564384225418,88.86150823064133,0,normal
4883,9903.290924191271,249.1110143643903,1.6808161047144634,1.820504663390288,87.41981295942216,0,normal
4884,9904.216220544522,249.11169139200155,1.7461998225480548,1.2712800330736158,87.81686018858991,0,normal
4885,9898.832806431892,247.3772236744058,1.8976783295176665,1.0439236267341174,88.01268112872934,0,normal
4886,9897.504464914487,248.236540254866,1.6313050566155936,1.223659869370263,87.98448657691218,0,normal
4887,9909.580419009704,247.94704706558056,1.4570202356007835,0.942818191807698,88.06542297856458,0,normal
4888,9902.849632675232,248.44497405317185,1.959935701010327,1.2088899744326036,89.23803877670522,0,normal
4889,9905.081158368645,246.9769050507628,1.6141101437216825,1.14728805637117,87.49700061940548,0,normal
4890,9897.989915660748,249.25602264622543,1.603053922740011,1.4425917853844932,87.68524034629058,0,normal
4891,9896.212639380925,248.82861721535005,1.4035848109330455,0.5360194252325822,88.86809419931524,0,normal
4892,9899.680347847145,247.45917097185733,1.899376602800295,0.9500949113181222,87.74256126284962,0,normal
4893,9902.13577194782,247.51635194814224,1.4836621855366952,0.9238460391677262,88.25190790286327,0,normal
4894,9897.672785346927,247.5076795002002,1.681213685396096,1.4679366672504863,88.57720639255439,0,normal
4895,9903.19236836463,246.77806641609672,1.972647290832153,0.7469415957373237,88.30808135652366,0,normal
4896,9895.056449254536,247.0261962869248,2.023481092061129,1.1174156218355318,88.1658623204488,0,normal
4897,9898.165770891586,247.11361818952184,1.7731551165170245,0.978358988859175,88.5446255449257,0,normal
4898,9907.397220373385,248.9120661896363,1.901305595219652,1.2961743213502066,87.63431900438748,0,normal
4899,9907.347868515071,248.16220567385457,1.77843729171692,1.1275903037278336,87.83839675352569,0,normal
4900,9902.66535089712,248.0677453473845,1.868214360823484,0.9499391523710524,88.36031348871364,0,normal
4901,9899.841269436083,247.42166625309503,2.056129545995192,0.7110691111331019,87.06388219002227,0,normal
4902,9900.107936392937,245.85424289563653,1.927542719052556,0.2848799002323772,88.81319099468364,0,normal
4903,9903.702951515575,246.8511193961272,2.003944942002391,0.8770653578789571,88.26308204250452,0,normal
4904,9909.12566679026,247.78538247082315,1.7846305665560425,0.9237210192408388,88.19457736303121,0,normal
4905,9910.887493989658,245.4801868922756,2.328753199324268,0.2530601493841105,87.30966887183818,0,normal
4906,9904.116173351747,247.299866814854,2.228509996769767,0.3157056178539175,87.4886720778833,0,normal
4907,9901.193276434418,248.9121195496496,2.3090962884583663,0.7211891070005707,87.93992293913642,0,normal
4908,9908.671167137472,247.57888783718025,2.4322426053212367,0.7063279711538393,88.5503539041106,0,normal
4909,9903.594751206689,247.86005431864123,2.0323219884441728,0.2659425364557645,87.11594051509707,0,normal
4910,9905.51086865768,246.59473946795129,2.148399381479744,0.3489617945589287,88.55622503742836,0,normal
4911,9915.12740780657,247.27615759210292,1.8632750380202905,-0.0721899917049201,87.9900048850335,0,normal
4912,9913.04464982063,245.52367401533243,2.8918846483868705,0.849080433568271,88.06646971718519,0,normal
4913,9910.116098579298,246.97219596737204,2.2547817953511293,0.002691261058129,88.3133210112062,0,normal
4914,9903.392853654452,246.7670546305924,2.5126316315680426,0.5117303597659735,88.32970759212353,0,normal
4915,9911.244677819272,246.34046689364092,2.076678959541036,0.2946491689403254,87.84753960467009,0,normal
4916,9915.94520891342,247.3060320874471,2.5422034012867902,0.6478256960248456,88.52509349342407,0,normal
4917,9909.2069183415,245.39231271467384,2.732201283540048,-0.0211532205796187,87.06200266345829,0,normal
4918,9918.30271274834,245.6867404275679,2.36548283052604,0.1902793613786514,88.00573340268429,0,normal
4919,9918.481769586138,245.91361080272728,2.1912749023029177,-0.3823986850612502,88.31720174435938,0,normal
4920,9920.816406261772,244.7345612923451,2.3806207196222973,-0.4993172318065143,88.07748018441387,0,normal
4921,9914.512406849091,245.938821983918,1.9769357556911973,0.2161783148142517,87.34626867234572,0,normal
4922,9916.420300139214,243.94239259065708,2.4275632811211767,-0.5432256395865867,88.64868052218388,0,normal
4923,9921.060080099323,246.65944591448252,2.6110989848945803,-0.1211723301381837,87.65558896708986,0,normal
4924,9916.74051637446,245.6120520680124,2.450401932715056,0.2057398154471096,88.25631393001812,0,normal
4925,9912.520328755692,244.99921889392724,2.4102298098449992,0.0815027660926484,88.37704728442668,0,normal
4926,9913.315234996791,244.6422271774702,2.5809082021352405,-0.3866039661083033,88.32107256047132,0,normal
4927,9917.290617967805,245.20032005145333,2.603348167566214,-0.708336396783928,88.9064623269106,0,normal
4928,9910.19332025447,246.08328306265253,2.156504598246931,-0.1232855422373422,88.30629126728714,0,normal
4929,9916.486452270445,245.9047285306857,2.510971855896963,0.0824429912137035,88.55778263929379,0,normal
4930,9923.250381577802,244.6152749470109,2.983893079679064,-0.5627173211302571,88.3274009031574,0,normal
4931,9907.384499037084,244.4404681764569,2.2319401156328444,-0.6485239922035078,88.67329340794136,0,normal
4932,9926.594466963264,245.910986844214,2.482859809557844,-0.6081182110791207,89.0751887776096,0,normal
4933,9925.123323435975,244.50121932355603,2.8880434133220767,-0.3218769440710999,88.45899996158532,0,normal
4934,9917.810073939172,245.25486560215103,2.719030857771173,-0.1670722201828038,88.793103119158,0,normal
4935,9923.43128487727,245.2920215240987,2.3927728977471427,-0.9492954617173528,89.1419510821993,0,normal
4936,9921.34343159288,245.4555726956292,2.532697344708571,-1.068164244194274,89.10514598265415,0,normal
4937,9928.09887418613,245.97896720743432,2.485837547949589,0.0426096820608044,88.2463337450731,0,normal
4938,9927.491372486093,243.83687170996785,2.330219741774112,-0.752702158222363,88.96977531331744,0,normal
4939,9916.21437972444,243.169773191964,2.4573585644678912,-0.6631240829102028,88.5886802468307,0,normal
4940,9926.795500438466,244.49655066779172,2.4074103661900383,-0.9853927307155343,89.03579876628987,0,normal
4941,9923.483118151436,246.8505661236559,2.475989719505573,-0.6689463629775323,88.77454244017447,0,normal
4942,9925.585038132094,247.0582319016164,2.2926662712081205,-0.5653040842097268,88.64125154360818,0,normal
4943,9922.197116484624,246.85624053349463,2.174816615852873,-0.8000028534407133,88.73374555996263,0,normal
4944,9935.253178185643,244.82307753487697,2.408606323151762,-0.4035027526355119,88.65786883482028,0,normal
4945,9932.3946674796,243.22693283534903,2.7455664042976373,-1.0587689018781916,88.69105369016998,0,normal
4946,9924.184648603758,242.66099414466612,2.40365748148464,-1.0737310098384694,88.47825390818149,0,normal
4947,9921.906809022068,244.3869787338422,2.304604435434052,-0.958669793086948,88.4457350708286,0,normal
4948,9927.354998489003,244.80192644090548,2.5045195324113627,-0.9209034222261442,89.4672546975642,0,normal
4949,9932.166446066529,246.30160858107985,2.303933557344005,-1.0233536735170077,88.83864261227706,0,normal
4950,9931.91253379636,245.87177128861063,2.6902603543904613,-1.5074258061033072,88.32757763041691,0,normal
4951,9937.70166923283,245.23635190415968,2.296136087561771,-1.0577003786104513,88.49001138646499,0,normal
4952,9936.116960594609,244.12607940505012,2.416540680233226,-1.2920244026477443,89.17147646639805,0,normal
4953,9937.753347194455,244.06411553244584,2.1043521101025826,-1.3813211147044568,88.2900166862695,0,normal
4954,9935.28462854461,245.28998366809148,2.334084506705349,-1.2234528335939532,87.93199318992568,0,normal
4955,9927.455342275927,245.7458534416089,2.26609547583055,-1.546713901289866,87.98381214823864,0,normal
4956,9934.181387418414,245.45561061976372,2.176858097889284,-1.6228017908684709,87.83870980138057,0,normal
4957,9941.224856878816,244.04603273510145,2.064420012650936,-2.08959850091357,88.06908073445324,0,normal
4958,9936.43772914756,245.7501673428215,2.013365930717333,-0.8023856596157302,88.14347390590328,0,normal
4959,9939.988061657084,245.54623983522737,2.173290539113813,-1.18024269606165,89.44207088608333,0,normal
4960,9936.662386948425,244.07244341942368,2.218163881550154,-1.4011843868428957,88.74203296416344,0,normal
4961,9933.89676232833,244.3835125041136,2.0422686616044903,-1.5842857327527524,88.59928466185242,0,normal
4962,9939.22488966424,245.8829858999576,2.100310750145888,-2.263646444076132,88.07512566818018,0,normal
4963,9942.18865140194,244.9885609811896,2.010323051562379,-1.63485276157423,88.74130508499984,0,normal
4964,9938.17271540089,246.84270511781324,2.012615259394485,-1.215716967712286,87.96035904868184,0,normal
4965,9941.086192421142,245.78707490567115,1.927842846274045,-1.1607200153093895,88.66058638726535,0,normal
4966,9938.38680055975,244.83358781374204,1.946628300771423,-1.262281208181559,89.89392953031545,0,normal
4967,9949.505401022649,245.3461586238681,2.457886204219842,-1.417738345693621,89.2100853180497,0,normal
4968,9943.267566347648,245.4577502316204,1.9560535627343745,-1.0830621833593903,88.78989782253448,0,normal
4969,9952.839817531416,244.70582133232145,1.9985003126721208,-1.5804273860075468,89.26058259881887,0,normal
4970,9954.061416079352,244.56329450843143,1.9330861897682503,-1.1626177572083836,88.66758194746919,0,normal
4971,9946.859442211568,246.22075324806104,1.7693448676164718,-1.6085181212923796,88.54495456926395,0,normal
4972,9943.074697069822,246.4099094938533,2.057577975178381,-1.7611110087020645,89.81440362941757,0,normal
4973,9938.54490830396,246.21546459530788,1.717922223554374,-1.8007607473023282,88.40835062689243,0,normal
4974,9942.476771805274,247.1758034172619,1.9651002285274013,-1.8193249756790624,88.81967852556949,0,normal
4975,9943.835358786177,245.1692500321211,1.6657969088602091,-1.301834959638987,89.16710729939513,0,normal
4976,9958.469386293868,247.4375475129056,1.5198610593688249,-1.7206088599469116,88.56342366025245,0,normal
4977,9953.033508594415,244.9163037397945,1.7648722705982898,-1.804575756894037,89.37439018998134,0,normal
4978,9955.284510302276,244.8601604607813,1.4515671804005943,-1.27608335274487,88.9134324913152,0,normal
4979,9943.121150973022,244.17015911436417,1.761155296606979,-1.3860085338202996,89.41642028413739,0,normal
4980,9949.124769843744,245.54322255358724,1.3975866720599122,-1.1884819289350257,89.39528412967186,0,normal
4981,9960.44583534659,245.5457997408592,1.5559167135002825,-1.3150101093743392,88.99870266397426,0,normal
4982,9958.344540420496,246.6375437067144,1.3176228027607255,-1.6849320639566527,89.99354273346715,0,normal
4983,9957.079185756484,246.41913702243625,2.1540424383127923,-1.425063491846717,88.82363634128156,0,normal
4984,9961.548184677877,245.0474422147244,1.2446841823486692,-1.397946939381033,89.84891469297189,0,normal
4985,9967.815850218833,245.9143626358839,1.56476698886745,-1.697535212718284,89.78020384507708,0,normal
4986,9959.44857345399,246.0037772570004,1.7798860038812816,-1.738196373082555,90.09651681926373,0,normal
4987,9961.82150395704,244.6688572908638,1.7480449423698317,-1.5947805962319237,89.31652111854649,0,normal
4988,9963.36236121188,245.5349150873333,1.7017266381590492,-0.762093225295358,88.85369467640047,0,normal
4989,9975.288406500073,245.81746406907325,1.4598740996059605,-1.4781593109040545,90.30495545913882,0,normal
4990,9953.763225890692,248.09568324828007,1.7865905823501071,-0.964525384502752,89.1178494102676,0,normal
4991,9968.611845145317,246.92862460539163,1.6933128432247035,-1.453832057232469,88.89714331507467,0,normal
4992,9965.560922084149,247.4757633912973,1.5485795391587018,-1.024248919122975,89.22780529360645,0,normal
4993,9969.91138169388,245.3926544077764,1.550955201487268,-0.9966580055387496,88.85070510318067,0,normal
4994,9964.736542248264,248.16444309810447,1.4400165981929445,-0.9569927076369402,89.62354251292642,0,normal
4995,9968.727659452074,248.3514812564371,1.3180805375264435,-1.1006676062467446,89.07661550124806,0,normal
4996,9973.481719817502,245.13336461358568,1.747900665019827,-0.7769565519601036,89.25475125345108,0,normal
4997,9986.44440774745,246.50887052205613,1.7646201595506623,-1.048739981994443,89.9014865656771,0,normal
4998,9975.878139501356,247.79354477218715,1.3283091178681732,-0.6192209580977321,89.74860577617504,0,normal
4999,9968.558548556986,248.0268404582006,1.4785632132007158,-1.589269646560788,89.46376981722759,0,normal
